year,country,Public_Debt_pct_GDP,Energy_Import_Dependency,GDP_Growth,Inflation_Rate,Productivity_Variation,R&D_Expenditure_pct_GDP,Tertiary_Education_Attainment,Unemployment_Rate,Gov_Score,recovery_2007,recovery_2019
2000,AUS,29.4708,0.0,3.3597,4.4574,52.4641,1.4698,27.4757,6.288,82.0517,14,2
2002,AUS,25.8412,0.0,3.9988,2.9816,56.0,1.6423,30.7598,6.375,82.2534,14,2
2003,AUS,25.0321,0.0,3.118,2.7326,58.1656,1.6825,31.3142,5.932,82.3347,14,2
2004,AUS,22.8246,0.0,3.957,2.3433,59.1494,1.7227,30.8231,5.399,81.3567,14,2
2005,AUS,22.3701,0.0,3.0432,2.6918,60.6493,1.8594,31.6912,5.036,84.2542,14,2
2006,AUS,21.4024,0.0,2.7062,3.5553,62.2634,1.996,33.0222,4.785,84.28,14,2
2007,AUS,20.0583,0.0,4.3783,2.3276,63.5605,2.1161,33.7367,4.381,84.7219,14,2
2008,AUS,18.1404,0.0,2.5361,4.3503,65.0613,2.2362,36.15,4.241,84.715,14,2
2009,AUS,23.7918,0.0,1.999,1.7711,67.138,2.2044,36.8814,5.565,84.7352,14,2
2010,AUS,28.5707,0.0,2.4813,2.9183,68.2336,2.1726,37.6043,5.214,85.4784,14,2
2011,AUS,30.0025,0.0,2.6649,3.3038,70.5302,2.1052,38.3421,5.083,85.6443,14,2
2012,AUS,39.3097,0.0,4.0144,1.7628,71.6099,2.0945,41.2824,5.225,86.7262,14,2
2013,AUS,37.4031,0.0,2.195,2.4499,74.3768,2.0837,39.5399,5.663,83.8599,14,2
2014,AUS,41.5409,0.0,2.5309,2.4879,75.0753,1.9785,41.9019,6.078,83.6973,14,2
2015,AUS,46.2933,0.0,2.3018,1.5084,75.3661,1.8732,42.8888,6.055,84.0576,14,2
2016,AUS,54.4636,0.0,2.6928,1.277,77.4385,1.8307,43.7439,5.714,84.6444,14,2
2017,AUS,53.1038,0.0,2.4399,1.9486,78.0971,1.7882,45.3557,5.604,85.2241,14,2
2018,AUS,54.3001,0.0,2.8318,1.9114,79.5334,1.7891,45.7275,5.307,84.3284,14,2
2019,AUS,59.9838,0.0,1.9524,1.6108,81.6311,1.7899,47.13,5.164,83.0058,14,2
2020,AUS,69.0657,0.0,-2.1032,0.8469,84.7421,1.7241,49.3375,6.437,82.5882,14,2
2021,AUS,69.8368,0.0,5.3886,2.8639,89.5753,1.6582,49.7679,5.14,81.9711,14,2
2022,AUS,57.8834,0.0,4.2056,6.5941,89.6614,1.6702,51.4959,3.72,82.7671,14,2
2023,AUS,57.8834,0.0,2.0652,5.597,90.9177,1.6821,51.4031,3.687,83.3532,14,2
2024,AUS,57.8834,0.0,1.0658,3.1666,90.9177,1.6821,53.0904,4.015,83.3188,14,2
2000,AUT,66.6,66.9003,3.1895,2.3449,47.0911,1.8967,24.7834,3.502,81.1755,14,2
2002,AUT,67.4,69.181,1.4844,1.8104,49.1869,2.0811,24.7834,3.985,81.5922,14,2
2003,AUT,66.4,72.0729,1.1416,1.3556,50.0479,2.187,24.7834,4.279,81.1125,14,2
2004,AUT,65.9,72.736,2.5653,2.0612,51.3524,2.1824,24.7834,5.487,80.7442,14,2
2005,AUT,69.4,73.396,2.3204,2.2991,53.0804,2.3894,24.6394,5.627,80.0225,14,2
2006,AUT,68.2,73.793,3.2693,1.4415,55.1461,2.376,25.3564,5.243,84.8523,14,2
2007,AUT,65.8,70.1726,3.7752,2.1686,56.9329,2.4336,25.0927,4.858,84.9349,14,2
2008,AUT,69.5,70.4771,1.4533,3.216,57.5537,2.5863,26.1919,4.128,84.4885,14,2
2009,AUT,80.8,66.7104,-3.5863,0.5063,57.9115,2.6128,26.8958,5.301,85.0155,14,2
2010,AUT,83.7,64.3156,1.809,1.8135,58.922,2.7432,27.7437,4.82,84.9982,14,2
2011,AUT,83.4,71.8928,2.9275,3.2866,60.0445,2.6857,27.9562,4.564,83.9471,14,2
2012,AUT,82.9,65.5206,0.6282,2.4857,61.4272,2.9337,28.7399,4.865,84.0176,14,2
2013,AUT,82.4,62.8836,-0.2507,2.0002,62.1796,2.9799,29.7388,5.335,84.6126,14,2
2014,AUT,85.2,67.4889,0.7558,1.6058,62.7156,3.1126,29.9049,5.62,83.6031,14,2
2015,AUT,85.6,62.1474,1.3035,0.8966,64.4651,3.0692,30.5507,5.723,83.9175,14,2
2016,AUT,83.4,64.1138,2.1172,0.8916,65.4782,3.1336,31.384,6.013,83.1998,14,2
2017,AUT,79.1,65.9464,2.2722,2.0813,66.5922,3.0738,32.3944,5.499,82.5822,14,2
2018,AUT,74.6,66.5258,2.4842,1.9984,67.6087,3.1083,32.7114,4.848,82.4799,14,2
2019,AUT,71.0,74.4763,1.755,1.5309,68.7509,3.1441,33.7738,4.487,82.3175,14,2
2020,AUT,83.2,59.7669,-6.3183,1.3819,68.1908,3.2076,34.2059,5.363,83.6285,14,2
2021,AUT,82.4,53.1529,4.9231,2.7667,72.7424,3.2557,34.6045,6.181,82.9455,14,2
2022,AUT,78.1,76.8112,5.331,8.5469,77.0573,3.168,35.5533,4.741,82.673,14,2
2023,AUT,77.8,63.9662,-0.7862,7.8141,77.0028,3.2238,36.6197,5.099,81.9279,14,2
2024,AUT,80.0,63.9662,-0.6591,2.9379,84.1892,3.2649,37.7357,5.161,81.4482,14,2
2000,BEL,109.7,87.22,3.7167,2.5445,53.9798,1.9362,27.085,7.009,82.1186,14,2
2002,BEL,105.6,88.5769,1.7069,1.6452,55.5875,1.9032,28.1348,7.514,83.2818,14,2
2003,BEL,101.8,91.4405,1.038,1.589,56.4289,1.8412,29.0318,8.174,83.7351,14,2
2004,BEL,97.2,91.7686,3.5712,2.0973,58.5241,1.8205,30.4009,8.392,82.2754,14,2
2005,BEL,95.2,91.8733,2.3217,2.7814,59.8635,1.7906,31.0451,8.44,83.6699,14,2
2006,BEL,91.5,92.4661,2.5524,1.7912,60.9949,1.8227,31.7548,8.246,83.6337,14,2
2007,BEL,87.5,91.1428,3.6769,1.8231,62.549,1.85,32.0949,7.458,84.4849,14,2
2008,BEL,93.2,95.9509,0.4469,4.4894,62.8555,1.9368,32.31,6.976,83.5449,14,2
2009,BEL,99.9,86.6028,-1.9064,-0.0531,62.9543,1.9913,33.3971,7.908,83.8312,14,2
2010,BEL,100.3,89.346,2.7103,2.1893,64.3502,2.0613,34.9895,8.292,83.5094,14,2
2011,BEL,102.8,86.7784,1.9312,3.5321,64.8559,2.1574,34.613,7.14,81.6238,14,2
2012,BEL,104.4,86.3428,0.2158,2.8397,65.7525,2.2708,35.3166,7.542,81.9102,14,2
2013,BEL,105.1,87.3156,0.3055,1.1131,66.8962,2.3205,35.5353,8.425,82.5471,14,2
2014,BEL,106.6,89.7059,1.7655,0.34,68.3739,2.3586,36.855,8.523,82.5192,14,2
2015,BEL,105.7,95.2723,1.4741,0.5614,69.4232,2.435,36.8574,8.482,83.4984,14,2
2016,BEL,105.8,86.2542,1.1935,1.9739,70.4229,2.5329,37.504,7.83,83.3902,14,2
2017,BEL,102.6,86.938,1.4744,2.126,71.0996,2.6765,40.2571,7.086,82.4162,14,2
2018,BEL,100.2,99.699,1.878,2.0532,72.0613,2.8637,40.6385,5.948,82.8552,14,2
2019,BEL,97.7,90.9302,2.4429,1.4368,74.1659,3.1515,40.6701,5.36,82.1826,14,2
2020,BEL,111.4,89.0758,-4.793,0.7408,78.1207,3.3682,42.4423,5.555,83.4547,14,2
2021,BEL,108.7,81.4962,6.2544,2.4402,77.6871,3.4059,44.8731,6.264,83.8366,14,2
2022,BEL,103.3,86.7619,4.0246,9.5975,80.6078,3.2096,45.7694,5.558,83.8191,14,2
2023,BEL,102.5,89.1748,1.5613,4.049,81.8242,3.2388,44.8075,5.528,83.37,14,2
2024,BEL,103.9,89.1748,1.0978,3.1435,83.8065,3.3645,45.0329,5.701,83.0542,14,2
2000,CAN,58.738,0.0,5.1385,2.7194,45.873,1.8585,40.1058,6.821,85.1962,3,2
2002,CAN,54.1491,0.0,2.9993,2.2584,47.9284,1.9717,42.8732,7.656,85.3729,3,2
2003,CAN,51.2713,0.0,1.8064,2.7586,48.7039,1.9678,44.1238,7.563,85.3155,3,2
2004,CAN,46.801,0.0,3.0924,1.8573,49.7317,1.9973,44.549,7.176,84.3937,3,2
2005,CAN,46.0617,0.0,3.2105,2.2136,51.671,1.9712,45.9767,6.751,83.2301,3,2
2006,CAN,43.2917,0.0,2.6379,2.002,52.9844,1.943,46.8815,6.473,84.2116,3,2
2007,CAN,39.1586,0.0,2.0499,2.1384,53.7143,1.9036,48.1816,6.152,84.5261,3,2
2008,CAN,45.3205,0.0,0.9954,2.3703,54.3522,1.8558,48.7068,6.271,83.8455,3,2
2009,CAN,53.1924,0.0,-2.9151,0.2995,54.2476,1.9174,49.2907,8.451,83.0089,3,2
2010,CAN,53.1497,0.0,3.0908,1.7769,55.0923,1.825,50.3117,8.169,81.5556,3,2
2011,CAN,54.1194,0.0,3.1372,2.9121,56.7091,1.7871,50.9917,7.644,81.7957,3,2
2012,CAN,55.7252,0.0,1.7557,1.5157,56.9353,1.773,52.1758,7.421,82.176,3,2
2013,CAN,53.2009,0.0,2.3258,0.9383,58.3997,1.7062,52.834,7.168,82.4642,3,2
2014,CAN,51.4827,0.0,2.8735,1.9066,60.5491,1.7148,53.4099,7.037,81.7115,3,2
2015,CAN,55.9916,0.0,0.65,1.1252,59.9329,1.6936,54.9792,6.982,84.5437,3,2
2016,CAN,56.0236,0.0,1.0386,1.4288,60.9056,1.729,55.966,7.06,84.8133,3,2
2017,CAN,54.4626,0.0,3.0338,1.5969,62.4717,1.687,56.3424,6.438,85.4404,3,2
2018,CAN,53.1515,0.0,2.743,2.2682,63.2152,1.7372,57.5587,5.834,85.2203,3,2
2019,CAN,53.3623,0.0,1.9084,1.9493,63.7648,1.7558,59.0203,5.685,84.7787,3,2
2020,CAN,74.5544,0.0,-5.0382,0.717,69.2583,1.9341,59.8431,9.652,84.8079,3,2
2021,CAN,68.7796,0.0,5.9505,3.3952,69.5863,1.8706,61.9146,7.511,82.6249,3,2
2022,CAN,59.7041,0.0,4.6954,6.8028,72.1381,1.8448,62.7028,5.268,82.6947,3,2
2023,CAN,61.1023,0.0,1.9531,3.879,71.6049,1.9355,63.2493,5.384,83.3015,3,2
2024,CAN,64.8872,0.0,2.0463,2.3816,72.4769,1.7927,64.6622,6.345,83.1661,3,2
2000,CHE,25.7779,56.6946,3.6332,1.5585,61.5895,2.2389,24.1773,2.657,84.1568,14,2
2002,CHE,29.743,58.521,0.3804,0.6427,63.9838,2.4073,25.3858,2.924,85.1303,14,2
2003,CHE,28.8029,57.1443,-0.2842,0.6383,63.9769,2.4915,26.8759,4.117,85.3937,14,2
2004,CHE,29.3654,58.548,2.5869,0.8029,64.578,2.5757,28.0888,4.316,84.9039,14,2
2005,CHE,29.3972,63.0555,2.9521,1.172,66.371,2.5864,28.7639,4.437,85.0663,14,2
2006,CHE,25.7684,59.8564,4.1343,1.0595,69.3201,2.5971,29.8513,3.995,85.6854,14,2
2007,CHE,23.6558,55.1951,3.9832,0.7324,71.9811,2.6079,31.3279,3.641,85.6812,14,2
2008,CHE,23.0827,58.0088,2.5316,2.426,73.5262,2.6186,33.6523,3.35,85.639,14,2
2009,CHE,21.7016,58.3544,-1.9349,-0.4805,72.2469,2.6708,35.0202,4.109,85.9103,14,2
2010,CHE,20.9936,57.4678,3.2606,0.6882,76.3546,2.723,33.8815,4.808,85.831,14,2
2011,CHE,21.142,57.08,1.4077,0.2313,76.6346,2.7752,34.0002,4.409,85.9196,14,2
2012,CHE,21.3445,57.4194,1.1241,-0.6926,77.4517,2.8274,35.2911,4.491,85.897,14,2
2013,CHE,20.2182,57.3949,1.8361,-0.2173,79.3649,2.8828,37.4072,4.747,85.6953,14,2
2014,CHE,20.6112,53.8502,2.5434,-0.0132,80.2927,2.9382,38.4285,4.826,85.4003,14,2
2015,CHE,20.4393,56.4346,1.4545,-1.1439,79.9013,2.9937,39.7827,4.801,85.4125,14,2
2016,CHE,19.381,60.1478,1.9116,-0.4346,80.6739,2.9955,41.2355,4.918,85.5404,14,2
2017,CHE,20.2844,60.583,1.4203,0.5338,82.0322,2.9973,42.5946,4.797,85.9951,14,2
2018,CHE,18.6781,54.0396,3.3274,0.9363,84.3892,3.0415,43.7444,4.713,86.1503,14,2
2019,CHE,18.9543,55.4032,1.1153,0.3629,85.579,3.0856,44.4125,4.394,85.7185,14,2
2020,CHE,20.8521,50.5327,-2.2553,-0.7259,87.2208,3.118,45.2775,4.817,85.5364,14,2
2021,CHE,19.9392,52.4386,6.1762,0.5818,91.0476,3.1505,45.003,5.013,86.2236,14,2
2022,CHE,17.5862,51.7338,3.5343,2.835,95.2949,3.1271,44.491,4.122,86.3321,14,2
2023,CHE,19.8823,51.7388,0.8256,2.1354,94.4219,3.1038,46.0361,4.043,85.292,14,2
2024,CHE,23.0721,51.7388,1.3903,1.0623,97.3935,3.1038,46.4574,4.343,85.5925,14,2
2000,CHL,13.1456,70.494,4.9716,3.8433,3061.7588,0.3114,17.1207,10.481,75.1836,3,2
2002,CHL,13.1456,69.084,3.2028,2.4894,3255.7345,0.3114,17.1207,10.166,77.376,3,2
2003,CHL,13.1456,71.3338,4.7232,2.8102,3345.2031,0.3114,17.1207,9.76,76.5771,3,2
2004,CHL,13.1456,75.2968,6.6743,1.0547,3552.9133,0.3114,17.1207,10.151,77.1221,3,2
2005,CHL,13.1456,72.2462,5.837,3.0526,3835.2046,0.3114,17.1207,9.336,79.7501,3,2
2006,CHL,13.1456,72.934,6.05,3.392,4151.9405,0.3114,17.1207,9.023,79.7066,3,2
2007,CHL,13.1456,77.9117,5.1682,4.4078,4399.9769,0.3114,17.1207,8.434,79.8477,3,2
2008,CHL,13.1456,72.7501,3.7894,8.7163,4509.1265,0.3749,17.1207,9.278,78.6226,3,2
2009,CHL,13.1456,70.2436,-1.118,0.353,4597.7412,0.354,17.1207,11.285,79.1641,3,2
2010,CHL,13.1456,72.2704,5.8517,1.4107,4531.4687,0.3316,17.4673,8.284,78.8909,3,2
2011,CHL,13.1456,73.8312,6.2239,3.3412,4690.3696,0.3529,17.8139,7.309,76.9877,3,2
2012,CHL,13.1456,67.1384,6.1553,3.0074,4939.726,0.3621,19.4519,6.596,76.902,3,2
2013,CHL,13.1456,65.8716,3.3085,1.7896,5059.4375,0.3903,21.0898,6.089,76.8527,3,2
2014,CHL,13.1456,67.2508,1.7926,4.7187,5272.5926,0.3767,21.7825,6.498,77.0395,3,2
2015,CHL,13.1456,68.1848,2.1519,4.3488,5401.6351,0.383,22.4752,6.332,76.5717,3,2
2016,CHL,13.1456,69.1769,1.753,3.7862,5587.4968,0.371,23.8217,6.69,76.348,3,2
2017,CHL,13.1456,68.361,1.3577,2.1827,5694.595,0.3568,25.1682,6.964,76.2719,3,2
2018,CHL,13.1456,67.6636,3.99,2.4349,5856.6144,0.3692,27.2587,7.377,76.4034,3,2
2019,CHL,13.1456,69.2259,0.6442,2.5575,5900.3565,0.3424,29.3492,7.22,75.7695,3,2
2020,CHL,13.1456,66.7182,-6.1397,3.0455,6992.9833,0.3352,31.4398,10.521,75.3229,3,2
2021,CHL,13.1456,68.8632,11.3374,4.5246,7295.9745,0.3606,32.1771,8.811,74.2701,3,2
2022,CHL,13.1456,66.2732,2.0639,11.6439,7101.8442,0.392,32.9143,7.883,74.5244,3,2
2023,CHL,13.1456,62.2762,0.677,7.5817,7262.3861,0.392,32.9143,8.681,74.8458,3,2
2024,CHL,13.1456,62.2762,2.8051,7.5817,7262.3861,0.392,32.9143,8.472,74.25,3,2
2000,COL,17.709,0.0,6.7169,9.2253,5211.455,0.1401,16.9651,15.04,46.4838,4,2
2002,COL,40.9266,0.0,6.7169,6.3515,5320.4929,0.1639,16.9651,15.633,48.378,4,2
2003,COL,52.5354,0.0,6.7169,7.1298,5479.1038,0.1791,16.9651,14.189,48.4318,4,2
2004,COL,55.0774,0.0,6.7169,5.904,5941.121,0.1737,16.9651,13.717,52.5017,4,2
2005,COL,57.6193,0.0,6.7169,5.051,6196.5851,0.1656,16.9651,11.87,52.669,4,2
2006,COL,60.1612,0.0,6.7169,4.2934,6729.1921,0.1643,16.9651,11.5755,53.8272,4,2
2007,COL,62.7031,0.0,6.7382,5.5444,7143.6164,0.1831,16.9651,11.281,54.6667,4,2
2008,COL,65.2451,0.0,3.2834,6.9969,7357.3286,0.1954,16.9651,11.387,54.801,4,2
2009,COL,68.999,0.0,1.1396,4.2025,7279.2247,0.1935,16.9651,12.2,54.4024,4,2
2010,COL,72.4527,0.0,4.4947,2.272,7424.6552,0.1936,16.9651,11.985,54.2907,4,2
2011,COL,62.8601,0.0,6.9479,3.415,7881.0624,0.1984,17.596,11.051,56.6932,4,2
2012,COL,65.2277,0.0,3.9126,3.1693,8094.3883,0.2212,18.5119,10.626,55.93,4,2
2013,COL,67.1029,0.0,5.134,2.017,8458.6894,0.2576,20.1732,9.901,54.8881,4,2
2014,COL,47.9762,0.0,4.499,2.8988,8767.2708,0.3032,21.2731,9.397,55.8547,4,2
2015,COL,53.2786,0.0,2.9559,4.9898,8946.2962,0.3654,21.3492,9.19,57.1434,4,2
2016,COL,66.9072,0.0,2.0874,7.5135,9327.2001,0.2705,22.1524,9.539,57.4468,4,2
2017,COL,66.7272,0.0,1.3594,4.3143,9651.8989,0.2611,22.4242,9.669,57.2127,4,2
2018,COL,71.6506,0.0,2.5643,3.2406,10008.8134,0.3123,23.3236,9.961,58.2794,4,2
2019,COL,72.7039,0.0,3.1869,3.523,10524.7742,0.322,23.8891,10.882,58.2586,4,2
2020,COL,91.1566,0.0,-7.1859,2.5266,12674.1678,0.2894,24.6677,16.528,57.9483,4,2
2021,COL,80.426,0.0,10.8012,3.4951,12330.4406,0.2894,26.5955,13.794,56.6768,4,2
2022,COL,70.2612,0.0,7.3283,10.1772,13228.3017,0.2894,28.2733,11.209,57.3543,4,2
2023,COL,71.3313,0.0,0.8418,11.7359,13551.7705,0.2894,28.941,10.157,57.3812,4,2
2024,COL,71.4831,0.0,1.4933,6.6091,11132.7364,0.2894,30.5603,10.158,57.4542,4,2
2000,CRI,38.5018,61.4181,3.8021,10.9616,1659.6055,0.5562,16.4487,5.082,75.8556,14,2
2002,CRI,39.3351,64.2445,3.4169,9.1675,1730.3183,0.5562,18.3628,6.334,76.5935,14,2
2003,CRI,39.3351,62.6698,4.3172,9.4476,1798.7343,0.5562,19.1836,6.558,75.7827,14,2
2004,CRI,39.3351,52.0362,4.4246,12.3148,1906.3874,0.5562,19.8124,6.391,75.2066,14,2
2005,CRI,39.3351,54.9568,3.9767,13.7983,1941.1966,0.5562,20.8427,6.571,74.7613,14,2
2006,CRI,39.3351,54.482,7.3267,11.4706,2097.4427,0.5562,21.0294,5.74,75.2606,14,2
2007,CRI,39.3351,56.2726,8.2151,9.3572,2199.885,0.5562,21.7681,4.49,75.4713,14,2
2008,CRI,39.3351,57.2669,4.7382,13.4245,2360.6633,0.5562,22.3124,4.781,74.8269,14,2
2009,CRI,39.3351,51.8885,-0.8735,7.8427,2516.5504,0.5562,23.4168,7.713,75.397,14,2
2010,CRI,39.3351,53.2436,5.3603,5.6628,2885.054,0.5562,20.9806,8.916,76.437,14,2
2011,CRI,39.3351,54.3484,4.4032,4.878,3081.2964,0.5562,21.5947,10.308,76.281,14,2
2012,CRI,39.3351,50.2921,4.8826,4.4955,3099.7041,0.5562,23.2444,10.172,76.0541,14,2
2013,CRI,39.3351,51.0414,2.4948,5.2313,3327.511,0.5562,23.2707,9.381,75.9116,14,2
2014,CRI,39.3351,52.2504,3.5421,4.5192,3507.3014,0.5562,23.5359,9.62,76.8298,14,2
2015,CRI,39.3351,50.8986,3.6521,0.802,3686.6117,0.4858,23.1361,9.613,77.1279,14,2
2016,CRI,39.3351,56.1062,4.2043,-0.0175,3884.1801,0.4441,22.9987,9.538,76.7772,14,2
2017,CRI,39.3351,60.5187,4.1577,1.6259,4030.2207,0.4305,22.9891,9.071,77.4405,14,2
2018,CRI,39.3351,58.3669,2.8529,2.2211,4148.5937,0.3713,22.6016,10.281,77.9698,14,2
2019,CRI,39.3351,57.9638,2.7081,2.096,4317.2579,0.3507,25.0668,11.76,77.8035,14,2
2020,CRI,39.3351,46.8206,-4.1416,0.7249,4993.8957,0.33,25.112,19.462,77.8893,14,2
2021,CRI,39.3351,53.3837,8.2182,1.7265,4786.8693,0.2738,24.6402,16.427,76.57,14,2
2022,CRI,39.3351,53.0802,5.4612,1.7265,4711.0628,0.3379,25.3393,12.216,76.2946,14,2
2023,CRI,39.3351,60.4215,4.7919,1.7265,5032.1176,0.3374,25.3134,8.916,76.074,14,2
2024,CRI,39.3351,60.4215,4.0829,1.7265,5032.1176,0.2861,27.7914,7.445,74.5526,14,2
2000,CZE,16.9,22.7799,4.0107,3.7754,176.2619,1.1038,10.9632,8.764,69.4788,8,2
2002,CZE,25.7,26.3359,1.5135,1.903,198.3316,1.0927,11.9414,7.289,72.3867,8,2
2003,CZE,28.1,25.0623,3.3008,0.1187,209.3515,1.1382,12.0057,7.778,73.2182,8,2
2004,CZE,28.3,25.5575,4.7363,2.7601,221.5139,1.1362,12.3457,8.294,71.499,8,2
2005,CZE,27.7,28.1037,6.375,1.8571,232.6035,1.16,13.0583,7.926,73.7428,8,2
2006,CZE,27.6,27.6661,6.6232,2.534,247.3538,1.2256,13.522,7.138,74.3537,8,2
2007,CZE,27.3,25.1301,5.4888,2.8531,261.6763,1.2967,13.7327,5.316,73.583,8,2
2008,CZE,28.2,27.9306,2.6123,6.3587,263.1316,1.2352,14.4989,4.396,74.5858,8,2
2009,CZE,33.4,27.0008,-4.7983,1.0194,259.6946,1.2894,15.5444,6.662,74.3666,8,2
2010,CZE,36.7,25.5549,2.7147,1.4727,266.0144,1.3135,16.765,7.283,73.6576,8,2
2011,CZE,39.4,28.8847,1.7724,1.9172,271.1264,1.5323,18.2432,6.725,72.9508,8,2
2012,CZE,43.8,25.4296,-0.7707,3.2876,273.8795,1.757,19.278,6.979,72.3471,8,2
2013,CZE,44.1,27.7106,-0.0418,1.4383,276.7279,1.8674,20.4599,6.953,72.8109,8,2
2014,CZE,41.5,30.2869,2.2452,0.344,283.2624,1.9439,21.5101,6.108,73.6818,8,2
2015,CZE,39.5,32.1173,4.9588,0.3094,298.43,1.906,22.1867,5.048,74.1253,8,2
2016,CZE,36.2,32.8779,2.5809,0.6835,301.3479,1.6541,22.9715,3.952,74.04,8,2
2017,CZE,33.8,37.288,5.1736,2.4505,314.9366,1.7451,23.9275,2.893,71.3494,8,2
2018,CZE,31.7,37.0867,2.8303,2.1495,323.0285,1.8765,24.2621,2.246,70.211,8,2
2019,CZE,29.6,41.0173,3.5658,2.8479,341.5591,1.8955,24.2124,2.016,72.4006,8,2
2020,CZE,36.9,38.785,-5.3049,3.1613,360.6882,1.9454,24.8537,2.551,74.3891,8,2
2021,CZE,40.7,40.0261,4.029,3.8398,367.8246,1.933,26.5375,2.806,75.0613,8,2
2022,CZE,42.5,42.0234,2.8472,15.1002,378.0603,1.8909,26.6687,2.319,75.8364,8,2
2023,CZE,42.2,41.9751,0.0476,10.6613,389.5921,1.8238,26.9719,2.579,76.7907,8,2
2024,CZE,43.3,41.9751,1.2513,2.4353,398.3415,1.8227,27.4936,2.603,78.8095,8,2
2000,DEU,59.2,61.104,2.8797,1.4403,47.8614,2.3865,23.4988,7.748,84.7484,3,2
2002,DEU,59.8,61.7995,-0.2342,1.4208,50.3569,2.4086,23.4274,8.567,83.805,3,2
2003,DEU,63.3,62.2699,-0.5298,1.0342,51.3015,2.4423,23.982,9.267,82.8235,3,2
2004,DEU,65.0,62.8651,1.1651,1.6657,52.2616,2.4028,24.9317,10.289,82.7066,3,2
2005,DEU,67.1,62.5306,0.8884,1.5469,53.3344,2.4027,24.5528,11.148,84.2995,3,2
2006,DEU,66.4,62.8343,3.8576,1.5774,54.6727,2.4304,23.9476,10.293,84.5316,3,2
2007,DEU,63.7,60.5578,2.8921,2.2983,55.8457,2.4192,24.3,8.637,84.4211,3,2
2008,DEU,65.2,62.8466,0.8879,2.6284,56.3275,2.5719,25.4001,7.511,83.9182,3,2
2009,DEU,72.4,63.2781,-5.5501,0.3127,55.2734,2.6896,26.3853,7.726,84.6882,3,2
2010,DEU,81.0,62.0536,4.1436,1.1038,56.8141,2.6771,26.6091,7.058,83.2911,3,2
2011,DEU,78.5,63.9626,3.7579,2.0752,58.8227,2.7511,27.5623,5.819,83.4342,3,2
2012,DEU,79.8,63.4092,0.4662,2.0085,59.6939,2.8261,28.1216,5.374,83.5802,3,2
2013,DEU,77.5,64.6342,0.3943,1.5047,60.7049,2.7814,28.4733,5.231,83.6049,3,2
2014,DEU,74.5,64.0352,2.1775,0.9068,61.9411,2.8228,27.0579,4.976,84.0353,3,2
2015,DEU,71.2,64.4354,1.663,0.5144,62.6332,2.876,27.6382,4.624,84.7084,3,2
2016,DEU,68.3,66.3065,2.2171,0.4917,64.4643,2.8847,28.2917,4.122,83.358,3,2
2017,DEU,64.0,66.6212,2.8056,1.5095,66.316,2.9868,28.5834,3.746,83.5118,3,2
2018,DEU,60.8,66.2019,1.1332,1.7322,67.3663,3.048,29.0651,3.384,83.8472,3,2
2019,DEU,58.7,69.924,0.9729,1.4457,68.978,3.1105,29.9001,3.136,83.6924,3,2
2020,DEU,68.0,65.3856,-4.1273,0.1449,70.5145,3.0887,31.255,3.94,84.861,3,2
2021,DEU,67.9,65.4046,3.9125,3.0667,72.4704,3.0737,31.1435,3.637,84.4494,3,2
2022,DEU,64.4,71.7534,1.8068,6.8726,74.9499,3.0436,32.5155,3.166,84.1299,3,2
2023,DEU,62.3,70.4874,-0.872,5.9464,75.9526,3.1287,33.4344,3.068,84.7053,3,2
2024,DEU,62.2,70.4874,-0.4959,2.2565,77.6249,3.1317,34.2658,3.385,84.8209,3,2
2000,DNK,53.6,0.0,3.724,2.9033,225.9373,2.3234,25.7776,4.429,86.0778,3,2
2002,DNK,50.3,0.0,0.4565,2.4244,231.9571,2.4394,29.6108,4.363,87.0867,3,2
2003,DNK,48.2,0.0,0.4411,2.0751,237.2732,2.5071,31.8473,5.306,87.5624,3,2
2004,DNK,46.2,0.0,2.7764,1.1544,247.4954,2.4133,32.8481,5.354,87.2407,3,2
2005,DNK,39.4,0.0,2.3596,1.8178,253.8896,2.3872,33.5441,4.58,86.7946,3,2
2006,DNK,33.2,0.0,3.8165,1.9242,259.7282,2.3988,34.7197,3.488,88.3775,3,2
2007,DNK,29.5,0.0,0.9872,1.6933,263.3726,2.5092,30.9035,3.376,87.2727,3,2
2008,DNK,35.5,0.0,-0.4172,3.4163,264.8102,2.7608,31.1264,2.906,88.2666,3,2
2009,DNK,43.0,0.0,-4.9745,1.3047,263.2491,3.0421,32.0014,6.296,88.6537,3,2
2010,DNK,46.1,0.0,1.5829,2.3109,276.9949,2.9139,33.0026,7.598,87.541,3,2
2011,DNK,50.0,0.0,1.3108,2.7587,279.2044,2.942,33.663,7.672,87.5484,3,2
2012,DNK,48.7,0.0,-0.0054,2.3979,286.8283,2.9845,34.6397,7.67,89.1101,3,2
2013,DNK,47.8,13.3346,1.3927,0.7891,291.8309,2.9615,35.2046,7.241,88.7378,3,2
2014,DNK,48.7,13.4604,1.278,0.564,297.6692,2.9154,35.8009,6.825,86.3617,3,2
2015,DNK,44.6,14.4191,2.1044,0.452,301.6197,3.0642,36.5654,6.082,88.4047,3,2
2016,DNK,41.7,14.9737,3.0731,0.25,305.959,3.1021,37.766,5.757,88.3688,3,2
2017,DNK,40.2,12.4713,3.0565,1.1471,314.6251,2.9358,38.8892,5.71,86.5174,3,2
2018,DNK,38.5,25.1646,1.86,0.8136,322.154,2.9789,39.4479,4.83,88.0317,3,2
2019,DNK,38.3,43.7676,1.7114,0.7581,327.2497,2.9061,40.3538,4.726,88.1419,3,2
2020,DNK,45.2,48.3343,-1.7801,0.4207,337.9765,2.9653,39.3262,5.503,89.6133,3,2
2021,DNK,39.6,34.8308,6.5003,1.853,346.3632,2.7586,41.8816,4.768,90.3144,3,2
2022,DNK,33.3,47.3957,0.4438,7.6966,354.778,2.8802,42.0831,3.892,90.3306,3,2
2023,DNK,33.0,43.7872,0.6046,3.3052,352.9734,3.0668,42.8733,4.634,90.4769,3,2
2024,DNK,30.5,43.7872,3.4778,1.3722,366.8651,3.0131,45.0524,5.938,90.0154,3,2
2000,ESP,57.8,82.1407,5.2008,3.4335,33.9842,0.8831,22.7049,13.863,79.1183,8,2
2002,ESP,51.2,84.2968,2.7555,3.0657,35.1255,0.9595,24.9211,11.45,79.4626,8,2
2003,ESP,47.7,82.2261,2.9393,3.0389,35.6059,1.0232,25.6256,11.483,77.7688,8,2
2004,ESP,45.3,83.2978,3.1145,3.0392,36.2154,1.0401,26.7487,10.962,78.4131,8,2
2005,ESP,42.4,87.6885,3.5511,3.3688,36.9215,1.0987,28.5188,9.146,78.0992,8,2
2006,ESP,39.0,87.5809,4.0434,3.5156,38.1896,1.1757,28.8094,8.452,78.6807,8,2
2007,ESP,35.7,86.0407,3.5336,2.7868,39.2285,1.2382,29.2764,8.232,79.8538,8,2
2008,ESP,39.6,88.4335,0.7673,4.0753,39.7894,1.3216,29.5193,11.255,80.8442,8,2
2009,ESP,53.1,86.4857,-3.7682,-0.2878,40.8736,1.359,29.9895,17.857,80.0374,8,2
2010,ESP,60.3,83.5331,0.0942,1.7999,41.7893,1.3544,31.0167,19.86,79.0215,8,2
2011,ESP,69.5,83.4744,-0.6399,3.1961,42.5953,1.3273,31.9146,21.391,77.2266,8,2
2012,ESP,89.6,79.8546,-2.8653,2.4461,43.7485,1.2927,32.65,24.787,77.6944,8,2
2013,ESP,100.0,76.657,-1.4271,1.4086,44.8391,1.2686,33.7348,26.094,74.6541,8,2
2014,ESP,104.4,80.0508,1.5204,-0.1511,45.2426,1.234,34.6788,24.441,75.3334,8,2
2015,ESP,102.5,80.0359,4.061,-0.5004,45.7861,1.2117,35.0812,22.057,76.0518,8,2
2016,ESP,102.0,78.8825,2.9151,-0.2026,46.4749,1.1808,35.6935,19.635,76.0218,8,2
2017,ESP,101.2,80.8546,2.896,1.9561,47.3588,1.202,36.3513,17.224,75.6211,8,2
2018,ESP,99.8,81.0075,2.3954,1.675,47.5758,1.2329,37.2528,15.255,75.3327,8,2
2019,ESP,97.7,82.9141,1.9613,0.6995,48.679,1.2421,38.597,14.104,75.9826,8,2
2020,ESP,119.3,73.4774,-10.9401,-0.3228,48.9219,1.3964,39.6869,15.532,77.1336,8,2
2021,ESP,115.7,75.4707,6.6831,3.0931,49.7641,1.3962,40.3558,14.914,76.7747,8,2
2022,ESP,109.3,82.8675,6.3704,8.3906,52.2174,1.4046,41.1128,13.033,76.8995,8,2
2023,ESP,105.2,76.9847,2.4608,3.5324,53.8598,1.4942,41.4442,12.179,77.0174,8,2
2024,ESP,101.6,76.9847,3.4553,2.7742,55.6884,1.501,42.2597,11.344,76.9498,8,2
2000,EST,5.1,34.7493,10.0876,4.0185,14.1778,0.6,28.6692,14.535,75.5105,4,2
2002,EST,5.7,32.8597,6.933,3.5719,16.4653,0.7114,29.3587,11.192,74.195,4,2
2003,EST,5.6,30.1426,7.5963,1.335,17.521,0.7644,29.6496,10.307,75.1218,4,2
2004,EST,5.2,31.0893,6.8007,3.0481,18.9349,0.8457,30.7121,10.105,75.0547,4,2
2005,EST,4.7,27.8264,9.5231,4.0797,20.3713,0.9169,33.0251,8.01,75.2784,4,2
2006,EST,4.7,31.5952,9.7626,4.4376,21.8951,1.1126,33.1189,5.903,74.8737,4,2
2007,EST,3.9,25.6677,7.5709,6.6013,24.262,1.0587,33.146,4.582,75.0732,4,2
2008,EST,4.7,28.8026,-5.1253,10.3624,24.1119,1.2518,34.1768,5.438,75.0822,4,2
2009,EST,8.0,28.3322,-14.6302,-0.0784,24.9282,1.3967,36.0655,13.504,75.7036,4,2
2010,EST,8.0,15.4116,2.4497,2.972,26.5259,1.5789,35.4231,16.654,76.4266,4,2
2011,EST,7.6,14.3266,7.607,4.9819,26.7892,2.2963,36.8898,12.287,77.7367,4,2
2012,EST,11.1,22.4673,3.672,3.9334,28.1627,2.1048,37.6059,9.966,77.0301,4,2
2013,EST,11.4,15.8496,1.7565,2.7806,29.1021,1.7014,37.3455,8.596,76.8619,4,2
2014,EST,11.6,12.4657,3.3228,-0.1062,30.2505,1.4079,37.5,7.321,78.1605,4,2
2015,EST,10.8,12.0087,1.8382,-0.4923,30.0748,1.4413,38.0307,6.164,78.882,4,2
2016,EST,10.2,8.5862,3.093,0.1487,31.3662,1.2184,38.7569,6.736,79.0334,4,2
2017,EST,9.4,4.8111,5.6347,3.4172,32.6669,1.2515,39.6639,5.74,79.5407,4,2
2018,EST,8.5,1.4647,3.6997,3.4363,35.4792,1.383,41.1307,5.353,79.1,4,2
2019,EST,9.0,5.1177,3.7267,2.2773,37.5157,1.5909,41.3683,4.434,81.5184,4,2
2020,EST,19.1,11.4816,-2.8838,-0.4445,35.0453,1.7261,42.2095,6.777,81.602,4,2
2021,EST,18.4,1.6918,8.2549,4.6532,42.32,1.7517,41.2266,6.178,81.4628,4,2
2022,EST,19.2,6.8336,-1.2262,19.3983,43.438,1.7678,42.1005,5.571,81.656,4,2
2023,EST,20.2,3.7711,-2.7442,9.1592,41.8247,1.8308,41.5876,6.378,81.3059,4,2
2024,EST,23.5,3.7711,-0.09,3.5206,48.8956,1.9852,42.5497,7.499,81.6065,4,2
2000,FIN,45.1,57.1166,5.7536,3.0421,45.8138,3.2427,32.6144,9.732,86.3089,8,2
2002,FIN,42.6,53.7324,1.6873,1.5712,47.8101,3.2541,32.9898,8.98,87.2647,8,2
2003,FIN,45.2,60.628,2.0118,0.8774,48.8322,3.299,33.1776,8.966,86.7084,8,2
2004,FIN,44.9,56.0538,4.0053,0.1871,50.8855,3.3094,34.1846,8.785,86.9487,8,2
2005,FIN,42.1,55.8524,2.7778,0.6239,51.9739,3.3241,34.6294,8.371,86.5615,8,2
2006,FIN,40.2,55.4623,4.0195,1.5667,53.7362,3.3328,35.1417,7.638,86.8399,8,2
2007,FIN,36.0,54.6637,5.3132,2.5107,56.3731,3.3373,36.3571,6.827,86.348,8,2
2008,FIN,34.7,55.932,0.784,4.066,56.7389,3.5372,36.5836,6.344,86.4439,8,2
2009,FIN,44.1,55.4426,-8.0759,0.0,54.8354,3.7343,37.2686,8.222,86.1464,8,2
2010,FIN,50.1,49.3261,3.1677,1.1841,56.8513,3.7052,38.1463,8.395,85.9659,8,2
2011,FIN,52.0,54.5357,2.3894,3.4168,58.3271,3.6243,39.3182,7.732,86.492,8,2
2012,FIN,57.9,47.4849,-1.5233,2.8083,58.0965,3.4095,39.6613,7.61,88.6959,8,2
2013,FIN,60.8,50.0732,-0.9797,1.4783,59.0097,3.2846,40.5452,8.12,87.6527,8,2
2014,FIN,64.8,50.2608,-0.4781,1.0412,59.5901,3.1634,41.7767,8.531,87.455,8,2
2015,FIN,68.8,48.5425,0.4665,-0.2079,60.1819,2.8883,42.7426,9.265,88.9117,8,2
2016,FIN,68.6,46.6828,2.5719,0.3567,61.8989,2.7472,43.5953,8.76,88.5676,8,2
2017,FIN,66.6,45.2672,3.3034,0.754,64.3747,2.7472,44.3043,8.587,88.2802,8,2
2018,FIN,65.4,46.7658,1.193,1.0838,64.3659,2.776,45.1881,7.312,89.3361,8,2
2019,FIN,65.3,44.4037,1.3497,1.0241,65.7282,2.8153,45.9344,6.65,88.9448,8,2
2020,FIN,75.3,43.8669,-2.491,0.2906,64.5741,2.9328,47.8742,7.702,90.3688,8,2
2021,FIN,73.1,38.6876,2.6763,2.1946,68.4788,3.0113,42.3311,7.607,90.349,8,2
2022,FIN,74.0,42.3819,0.763,7.1235,69.6588,2.982,42.637,6.719,90.2349,8,2
2023,FIN,77.0,30.2719,-1.2893,6.2506,70.0244,3.0913,42.5365,7.147,89.1357,8,2
2024,FIN,82.4,30.2719,0.3746,1.5657,75.7357,3.222,42.7157,8.325,89.2911,8,2
2000,FRA,59.7,52.6597,4.1411,1.676,49.2852,2.1007,21.5848,8.557,78.3023,14,2
2002,FRA,61.3,51.9902,1.0677,1.9234,52.7099,2.1876,23.9801,7.919,78.4911,14,2
2003,FRA,65.4,51.9019,0.9678,2.0985,53.0983,2.1309,23.9174,8.527,78.4371,14,2
2004,FRA,66.9,52.2402,2.8683,2.1421,53.9801,2.1044,24.3837,8.867,79.1034,14,2
2005,FRA,68.2,53.0679,1.8886,1.7459,55.2511,2.056,25.4258,8.867,83.1882,14,2
2006,FRA,65.4,52.9914,2.7141,1.6751,57.4809,2.0533,26.1834,8.816,80.6061,14,2
2007,FRA,65.5,51.9703,2.5304,1.488,57.9248,2.0282,26.6461,7.994,81.5281,14,2
2008,FRA,69.8,52.3005,0.3802,2.8129,58.2722,2.0636,27.2339,7.419,81.3966,14,2
2009,FRA,84.1,52.4462,-2.8246,0.0876,58.0379,2.2127,28.5881,9.105,81.2145,14,2
2010,FRA,86.3,50.371,2.0003,1.5311,59.2488,2.1777,29.0069,9.25,80.1958,14,2
2011,FRA,88.7,50.7669,2.4376,2.1116,60.4634,2.1876,29.767,9.198,78.2503,14,2
2012,FRA,91.7,49.9192,0.1838,1.9542,60.8299,2.2276,30.8561,9.77,79.8369,14,2
2013,FRA,94.6,49.7187,0.7818,0.8637,62.6192,2.2337,32.1053,10.295,78.3724,14,2
2014,FRA,96.2,47.8596,0.9978,0.5078,63.5122,2.2717,33.539,10.28,78.0391,14,2
2015,FRA,97.0,47.584,1.0668,0.0375,64.3374,2.224,34.0854,10.351,78.3724,14,2
2016,FRA,98.1,49.1471,0.86,0.1833,65.0499,2.2247,34.5825,10.052,77.5657,14,2
2017,FRA,98.8,50.6501,2.0836,1.0323,66.7148,2.2042,35.2138,9.401,77.2018,14,2
2018,FRA,98.5,48.7406,1.6459,1.8508,67.4825,2.2041,36.8975,9.056,77.0231,14,2
2019,FRA,98.2,49.7065,2.0274,1.1083,69.5526,2.1967,37.9047,8.443,76.5451,14,2
2020,FRA,114.9,45.791,-7.4406,0.4765,66.7787,2.2742,39.7173,8.009,77.5439,14,2
2021,FRA,112.8,45.5715,6.8823,1.6423,70.2116,2.2128,40.7031,7.86,77.2413,14,2
2022,FRA,111.4,54.3202,2.7168,5.2224,70.5021,2.2206,41.6432,7.308,77.4969,14,2
2023,FRA,109.5,47.1279,1.4392,4.8784,71.9421,2.1752,42.4315,7.335,77.4024,14,2
2024,FRA,112.6,47.1279,1.1905,1.999,73.206,2.1782,43.3574,7.388,76.9538,14,2
2000,GBR,87.2844,0.0,4.5244,1.2,41.3474,1.6038,25.6831,5.383,81.1379,7,2
2002,GBR,86.1686,0.0,1.709,1.5,43.6819,1.6095,26.8405,5.018,82.5242,7,2
2003,GBR,86.4073,0.0,3.2185,1.4,45.2101,1.5761,27.9982,4.802,82.5184,7,2
2004,GBR,90.2046,4.7746,2.326,1.4,46.4209,1.5257,29.3385,4.771,82.0252,7,2
2005,GBR,91.864,14.1924,2.7907,2.1,46.812,1.5451,29.709,4.902,82.1612,7,2
2006,GBR,91.7881,22.497,2.1898,2.5,48.7297,1.5698,34.1918,5.353,82.3416,7,2
2007,GBR,93.3736,21.8227,2.9309,2.4,49.6057,1.6109,35.536,5.159,81.5867,7,2
2008,GBR,104.8402,28.1654,-0.0494,3.5,49.933,1.6004,35.2162,5.676,81.2265,7,2
2009,GBR,122.8874,28.8663,-4.5874,2.0,49.3252,1.6586,36.985,7.638,81.4343,7,2
2010,GBR,130.4973,30.8469,2.2605,2.5,50.8584,1.6315,38.1872,7.632,80.8642,7,2
2011,GBR,143.126,39.4734,0.8514,3.8,51.8361,1.6396,39.4124,8.006,81.8015,7,2
2012,GBR,146.3713,46.0056,1.5283,2.6,51.9334,1.5686,40.9778,7.87,81.6321,7,2
2013,GBR,141.0332,50.6083,1.7185,2.3,52.1556,1.614,41.892,7.508,81.5231,7,2
2014,GBR,149.5843,49.7432,3.1602,1.5,52.9341,2.2497,42.2174,6.235,81.011,7,2
2015,GBR,147.0631,40.2776,2.1404,0.4,53.703,2.262,44.198,5.252,82.4516,7,2
2016,GBR,155.5815,37.9543,2.2065,1.0,53.6148,2.3053,45.7668,4.852,82.5482,7,2
2017,GBR,160.1412,38.0305,3.0232,2.6,55.6612,2.3097,45.7443,4.375,81.7676,7,2
2018,GBR,156.7668,38.1672,1.5513,2.3,56.2634,2.6849,45.7817,4.152,80.9247,7,2
2019,GBR,158.9726,36.5356,1.2563,1.7,57.6799,2.6481,47.5981,3.87,79.7383,7,2
2020,GBR,194.6828,28.4994,-10.0479,1.0,60.929,2.9106,49.8136,4.609,79.9058,7,2
2021,GBR,183.8048,38.9216,8.5431,2.5,59.2549,2.8532,50.486,4.42,79.4801,7,2
2022,GBR,138.2159,39.1791,5.1497,7.9,63.0051,2.782,51.5409,3.541,79.9192,7,2
2023,GBR,136.1424,44.0436,0.2717,6.8,63.7094,2.7534,53.0766,3.669,78.7618,7,2
2024,GBR,131.0731,44.0436,1.0396,3.3,70.6333,2.7534,53.843,3.759,79.6132,7,2
2000,GRC,108.9,80.2239,4.1378,3.1512,24.3712,0.5775,17.6723,11.35,78.3414,14,2
2002,GRC,107.9,81.0855,4.6831,3.6294,26.9352,0.5696,18.7934,10.353,76.6197,14,2
2003,GRC,104.3,76.4058,5.7968,3.5307,28.383,0.5616,19.2999,9.792,77.518,14,2
2004,GRC,105.5,82.0243,5.3779,2.8988,29.5499,0.5407,21.2867,10.59,76.915,14,2
2005,GRC,109.9,76.3429,1.1835,3.5451,28.9475,0.5922,21.4721,9.994,77.0494,14,2
2006,GRC,105.3,80.8432,6.4434,3.1959,31.0049,0.5705,22.4288,9.008,77.696,14,2
2007,GRC,104.6,80.6026,3.5069,2.895,32.0494,0.5851,22.8932,8.396,78.2776,14,2
2008,GRC,110.9,82.6111,0.0575,4.1528,32.4365,0.6709,23.5356,7.76,76.0837,14,2
2009,GRC,128.5,75.2206,-4.1193,1.2101,32.0638,0.6341,23.6567,9.616,76.9489,14,2
2010,GRC,147.8,76.9932,-5.6937,4.713,31.7038,0.6049,24.7448,12.713,74.5183,14,2
2011,GRC,175.1,73.105,-9.8768,3.3299,29.7906,0.6837,26.1121,17.865,73.2601,14,2
2012,GRC,164.1,73.0863,-8.3311,1.5015,28.144,0.7195,26.7193,24.439,69.2308,14,2
2013,GRC,180.4,69.139,-2.2721,-0.9213,27.9574,0.8229,27.4232,27.466,68.6771,14,2
2014,GRC,182.7,72.9934,0.7922,-1.3122,27.8801,0.8455,28.1057,26.491,68.9195,14,2
2015,GRC,179.6,79.0744,-0.2283,-1.7359,28.8792,0.9716,29.0575,24.897,68.5276,14,2
2016,GRC,183.1,81.383,-0.0318,-0.8257,28.0285,1.0056,30.2316,23.539,68.7174,14,2
2017,GRC,182.1,81.8523,1.4731,1.1213,28.7595,1.1492,31.0275,21.488,68.4515,14,2
2018,GRC,189.0,82.0229,2.0647,0.6256,27.9886,1.2066,31.7399,19.292,69.0929,14,2
2019,GRC,183.2,87.499,2.2772,0.253,29.0794,1.2624,31.8905,17.313,69.7012,14,2
2020,GRC,209.4,91.2123,-9.1962,-1.248,27.0234,1.4887,32.744,16.305,71.8205,14,2
2021,GRC,197.3,84.5571,8.6545,1.2238,29.4991,1.4335,34.5562,14.714,70.8235,14,2
2022,GRC,177.8,92.9081,5.522,9.6453,31.181,1.4832,35.1041,12.438,70.7123,14,2
2023,GRC,164.3,89.2461,2.1359,3.4648,31.9884,1.4977,34.3285,11.066,71.378,14,2
2024,GRC,154.2,89.2461,2.0866,2.7415,36.9863,1.5441,35.2921,10.089,70.5336,14,2
2000,HUN,55.6,55.4771,4.4094,9.8036,1426.7678,0.79,14.0419,6.401,76.8838,1,2
2002,HUN,55.6,57.3271,4.7301,5.2654,1687.2333,0.9831,14.2117,5.811,75.3859,1,2
2003,HUN,58.2,62.5385,3.9388,4.661,1784.1213,0.9199,15.416,5.868,76.2019,1,2
2004,HUN,58.9,61.5801,4.9631,6.7443,1930.3429,0.8608,16.7487,6.089,74.5321,1,2
2005,HUN,60.6,62.8758,4.3003,3.5615,2073.44,0.9204,17.0839,7.228,76.9194,1,2
2006,HUN,64.5,62.3592,3.9339,3.9303,2175.4639,0.9783,17.699,7.499,75.8174,1,2
2007,HUN,65.6,60.7502,0.3324,7.9587,2268.6898,0.9549,18.0488,7.406,75.3629,1,2
2008,HUN,71.8,63.2313,0.9934,6.0425,2387.3251,0.9782,19.1979,7.818,73.8407,1,2
2009,HUN,78.2,58.1697,-6.7402,4.2117,2353.1022,1.1303,19.8622,9.681,73.8942,1,2
2010,HUN,80.2,57.0135,1.068,4.8556,2416.1552,1.131,20.1219,10.801,73.4563,1,2
2011,HUN,80.5,50.4162,1.9167,3.9299,2502.5452,1.1812,21.124,10.655,72.3519,1,2
2012,HUN,78.4,50.1849,-1.3395,5.6521,2478.9608,1.2576,22.0467,10.668,69.5198,1,2
2013,HUN,77.2,50.0908,2.0322,1.7332,2527.984,1.3845,22.5058,9.849,68.613,1,2
2014,HUN,76.5,59.7317,4.3344,-0.2276,2553.3054,1.3437,23.3561,7.51,65.8318,1,2
2015,HUN,75.7,53.8369,3.6598,-0.0616,2624.4817,1.3388,24.2426,6.627,64.8981,1,2
2016,HUN,74.6,55.8033,2.4386,0.3948,2598.27,1.1765,23.7133,4.972,63.3774,1,2
2017,HUN,72.0,62.7321,4.1242,2.3482,2716.586,1.315,24.054,4.042,62.6935,1,2
2018,HUN,68.8,58.3634,5.6061,2.8502,2904.2618,1.502,25.1012,3.667,59.226,1,2
2019,HUN,65.0,69.8127,5.0772,3.3386,3107.4097,1.4647,25.9815,3.411,59.2025,1,2
2020,HUN,78.7,56.4069,-4.3387,3.3267,3239.0032,1.5807,27.2032,4.248,59.7687,1,2
2021,HUN,76.2,53.9649,7.2229,5.111,3454.1906,1.6333,29.2954,4.028,58.2541,1,2
2022,HUN,74.1,64.4447,4.1524,14.6081,3785.6309,1.3948,29.4061,3.593,57.632,1,2
2023,HUN,73.3,62.5098,-0.8171,17.125,4103.5235,1.3825,29.8177,4.108,56.0301,1,2
2024,HUN,73.5,62.5098,0.7091,3.7037,4285.6142,1.3129,31.1009,4.48,56.3639,1,2
2000,IRL,36.4,89.2588,9.4035,5.5776,42.5641,1.0838,21.613,4.885,81.1374,7,1
2002,IRL,30.9,94.3753,5.8994,4.6282,48.2591,1.0558,24.8143,4.759,80.7612,7,1
2003,IRL,29.8,95.119,3.0138,3.4922,50.2036,1.1244,26.3083,4.907,81.9056,7,1
2004,IRL,28.0,95.6973,6.7881,2.1785,52.5791,1.1778,27.8201,4.802,80.3431,7,1
2005,IRL,26.1,94.9645,5.7398,2.4565,53.5311,1.192,29.0742,5.008,84.9428,7,1
2006,IRL,23.7,96.3991,4.9879,3.9358,55.6156,1.1989,31.0956,4.892,83.6649,7,1
2007,IRL,23.9,94.2119,5.3101,4.8857,57.5667,1.2341,32.3901,4.797,84.023,7,1
2008,IRL,42.5,96.5195,-4.4841,4.0357,56.6868,1.3913,33.9026,6.602,84.3089,7,1
2009,IRL,61.8,92.7391,-5.0958,-4.4475,59.9175,1.6137,35.8223,12.558,82.2234,7,1
2010,IRL,86.2,92.1238,1.683,-0.9184,63.7214,1.5961,37.5841,14.449,80.9135,7,1
2011,IRL,109.6,95.5244,1.6089,2.549,66.8198,1.5399,38.1623,15.335,80.6915,7,1
2012,IRL,118.9,89.7223,-0.405,1.6947,67.9408,1.5479,39.6979,15.419,80.7225,7,1
2013,IRL,117.7,94.5991,2.1929,0.5151,67.3715,1.538,41.4707,13.711,80.5464,7,1
2014,IRL,101.4,91.2792,9.3858,0.1909,71.2536,1.4792,40.967,11.833,80.6613,7,1
2015,IRL,74.0,95.2316,24.624,-0.331,90.0361,1.1417,42.8061,9.869,81.2097,7,1
2016,IRL,72.7,74.2255,1.2227,0.0201,87.1046,1.1507,45.1043,8.288,80.943,7,1
2017,IRL,65.2,71.4047,10.1089,0.3622,92.4555,1.2088,45.659,6.582,81.3302,7,1
2018,IRL,61.3,73.3282,7.6887,0.4711,96.4093,1.0816,46.9351,5.433,81.9187,7,1
2019,IRL,55.8,75.4138,4.9729,0.9378,99.6228,1.1371,47.3068,4.392,82.1491,7,1
2020,IRL,56.9,74.191,7.1537,-0.3262,112.4272,1.1261,49.944,4.829,83.1222,7,1
2021,IRL,52.4,80.6438,16.2582,2.3403,128.6897,1.075,53.7087,5.365,84.4813,7,1
2022,IRL,43.0,85.9815,7.5111,7.8295,133.3119,1.5328,53.4526,3.345,84.8842,7,1
2023,IRL,41.8,85.7663,-2.5364,6.2994,127.3984,1.5436,54.544,3.185,85.3237,7,1
2024,IRL,38.3,85.7663,2.5995,2.1134,131.4925,1.378,57.5495,3.113,85.5125,7,1
2000,ISL,57.5282,20.4889,4.9052,5.1365,2475.9916,2.5398,27.8619,2.31,82.6259,15,2
2002,ISL,55.7146,20.4889,0.5423,5.197,2728.798,2.7919,27.8619,3.251,83.8666,15,2
2003,ISL,53.8074,20.4889,2.2814,2.0557,2824.7996,2.6738,27.8619,3.522,84.3183,15,2
2004,ISL,47.8004,20.4889,7.6226,3.1582,3040.6597,2.6538,27.9436,3.401,83.1775,15,2
2005,ISL,83.2678,20.4889,7.0293,3.987,3169.2034,2.6338,29.4714,2.866,84.4697,15,2
2006,ISL,85.9663,20.4889,5.6716,6.6871,3335.8086,2.8193,30.4118,3.219,85.2526,15,2
2007,ISL,83.0821,20.4889,8.7413,5.0516,3591.7295,2.4975,30.8048,2.482,85.6646,15,2
2008,ISL,128.5063,20.4889,1.6996,12.6944,3630.3129,2.4407,31.5919,3.329,85.6308,15,2
2009,ISL,145.1048,20.4889,-8.3215,12.0031,4012.8492,2.5857,32.9072,8.015,84.6745,15,2
2010,ISL,148.7778,20.4889,-2.2218,5.3967,4086.9492,2.4812,31.2987,8.307,83.9651,15,2
2011,ISL,155.1588,20.4889,1.38,4.001,4141.6456,2.3767,32.6169,7.688,83.0701,15,2
2012,ISL,150.7746,20.4889,1.1693,5.1859,4211.851,2.0284,33.8887,6.626,83.2688,15,2
2013,ISL,139.9197,20.4889,3.597,3.8723,4329.5019,1.68,34.2772,5.841,83.8659,15,2
2014,ISL,134.4085,20.4889,1.9138,2.0446,4412.5275,1.9164,35.6086,5.404,82.9094,15,2
2015,ISL,116.1555,20.4889,3.7686,1.6331,4609.5648,2.1588,36.9772,4.501,83.4046,15,2
2016,ISL,101.938,20.4889,6.2181,1.6969,4718.0241,2.081,38.1008,3.345,83.65,15,2
2017,ISL,89.247,20.4889,3.4851,1.7604,4776.4918,2.0561,39.0435,3.284,83.1207,15,2
2018,ISL,80.6816,20.4889,4.6608,2.6829,4965.5236,1.9695,40.2798,3.105,83.0383,15,2
2019,ISL,89.0165,20.4889,1.1382,3.014,5220.1318,2.3117,40.9489,3.923,83.007,15,2
2020,ISL,98.4737,20.4889,-6.6459,2.8479,7005.6744,2.4407,40.6439,6.424,82.2884,15,2
2021,ISL,94.3257,20.4889,5.1806,4.4442,5650.8557,2.7325,43.0626,5.988,82.3109,15,2
2022,ISL,85.1197,20.4889,8.8573,8.3088,6014.884,2.5581,43.5622,3.732,81.9022,15,2
2023,ISL,80.1552,20.4889,5.0323,8.7363,6285.4982,2.6192,44.4617,3.363,81.5218,15,2
2024,ISL,80.1552,20.4889,-1.2829,5.8568,6419.1649,2.4701,44.4617,3.558,81.7864,15,2
2000,ISR,60.3099,99.6369,8.6889,1.0326,76.3506,3.816,42.0904,11.042,65.2663,14,2
2002,ISR,60.3099,100.0,-0.1052,5.8023,79.387,3.9957,42.0904,12.785,65.9259,14,2
2003,ISR,60.3099,100.0,1.3177,0.7076,79.8957,3.7652,42.8949,13.386,66.9395,14,2
2004,ISR,60.3099,98.4168,4.6901,-0.4216,83.0865,3.7503,42.9714,12.913,66.6389,14,2
2005,ISR,60.3099,96.6341,4.6424,1.3407,84.2187,3.9158,43.0478,11.262,66.9237,14,2
2006,ISR,60.3099,92.4932,5.3922,2.0541,87.0374,4.0191,43.3174,10.649,70.4783,14,2
2007,ISR,60.3099,94.052,6.3266,0.4662,88.5239,4.2907,43.5871,9.343,69.3395,14,2
2008,ISR,60.3099,85.2741,3.3574,4.5274,88.3871,4.247,43.9805,7.687,68.928,14,2
2009,ISR,60.3099,90.1622,1.0977,3.3676,89.4083,4.0235,44.8809,9.485,68.6819,14,2
2010,ISR,60.3099,88.2876,5.5125,2.7027,92.2998,3.847,45.5601,8.459,67.5895,14,2
2011,ISR,60.3099,80.9527,5.666,3.4884,95.3181,3.9213,46.3969,7.133,66.2923,14,2
2012,ISR,60.3099,95.5693,2.3966,1.6755,96.3162,4.0667,46.4417,6.857,65.5251,14,2
2013,ISR,60.3099,84.4586,4.1269,1.5898,99.0492,4.1261,47.421,6.208,65.282,14,2
2014,ISR,60.3099,76.5748,3.9965,0.4676,100.5455,4.2245,48.5327,5.89,65.2042,14,2
2015,ISR,60.3099,76.7988,1.965,-0.6173,101.7295,4.3317,48.8245,5.251,65.3114,14,2
2016,ISR,60.3099,68.5749,4.1823,-0.5352,103.0094,4.6087,49.8953,4.798,65.7877,14,2
2017,ISR,60.3099,74.1221,4.4173,0.2498,105.0992,5.0918,50.916,4.215,65.7818,14,2
2018,ISR,60.3099,68.0044,4.2123,0.8051,108.0031,5.4386,50.2016,3.998,66.4721,14,2
2019,ISR,60.3099,70.7344,3.5077,0.8176,112.2666,5.7912,50.2463,3.803,65.7521,14,2
2020,ISR,60.3099,43.3403,-1.6042,-0.5753,120.9376,6.3459,50.1207,4.326,66.6348,14,2
2021,ISR,60.3099,28.7293,9.3353,1.4797,125.3806,6.3109,49.6886,4.956,66.0798,14,2
2022,ISR,60.3099,26.0916,6.2079,4.4116,128.4366,6.6904,50.6196,3.756,65.8259,14,2
2023,ISR,60.3099,13.7342,1.9293,4.2252,130.1451,6.9589,50.3395,3.423,64.2039,14,2
2024,ISR,60.3099,13.7342,0.6302,3.0748,134.4313,6.7612,50.5392,2.971,62.0152,14,2
2000,ITA,108.7,88.8679,3.8821,2.5377,44.1436,1.001,9.377,10.518,73.2475,3,2
2002,ITA,105.9,87.9149,0.2699,2.4653,45.028,1.077,10.368,8.985,73.7092,3,2
2003,ITA,105.1,85.3649,0.0666,2.6726,45.1861,1.0554,10.4601,8.651,73.2773,3,2
2004,ITA,104.7,86.7924,1.474,2.2067,45.8748,1.0466,11.5932,7.998,73.5031,3,2
2005,ITA,106.2,85.7236,0.7624,1.9853,46.4307,1.0406,12.2245,7.73,74.4874,3,2
2006,ITA,106.3,88.4757,1.7995,2.0908,47.1352,1.079,12.8724,6.777,77.6846,3,2
2007,ITA,103.5,85.6775,1.4623,1.8297,47.7597,1.1242,13.5781,6.075,78.2185,3,2
2008,ITA,105.8,85.4913,-1.0231,3.3478,48.3065,1.1555,14.357,6.723,77.0466,3,2
2009,ITA,116.1,83.303,-5.3052,0.7748,47.9517,1.2126,14.5108,7.749,76.7924,3,2
2010,ITA,118.8,85.4619,1.5292,1.5255,49.046,1.213,14.8026,8.363,74.8425,3,2
2011,ITA,119.1,84.1225,0.6955,2.7806,50.0027,1.1953,14.9354,8.359,71.6504,3,2
2012,ITA,125.9,81.839,-3.1252,3.0414,50.2255,1.2556,15.7083,10.655,72.3763,3,2
2013,ITA,131.9,79.2945,-1.8181,1.22,51.067,1.2942,16.2897,12.149,72.7085,3,2
2014,ITA,134.8,78.3882,-0.0014,0.2411,51.2895,1.3315,16.9106,12.683,73.9187,3,2
2015,ITA,134.8,79.588,0.8857,0.0388,51.538,1.3321,17.5465,11.896,74.721,3,2
2016,ITA,134.2,80.4851,1.2362,-0.0941,52.3619,1.3592,17.7236,11.688,74.9664,3,2
2017,ITA,133.7,81.178,1.6038,1.2265,53.033,1.3639,18.6697,11.211,74.1498,3,2
2018,ITA,134.2,80.9707,0.8266,1.1375,53.4119,1.4193,19.3688,10.538,72.736,3,2
2019,ITA,133.9,82.228,0.4291,0.6112,54.7075,1.4556,19.6955,9.884,72.4991,3,2
2020,ITA,154.4,76.8695,-8.8682,-0.1377,57.3437,1.4987,19.9874,9.192,74.6993,3,2
2021,ITA,145.8,76.633,8.931,1.8738,57.2213,1.4106,19.9831,9.497,74.7078,3,2
2022,ITA,138.4,83.629,4.8211,8.2013,59.2431,1.3656,20.3221,8.069,75.0405,3,2
2023,ITA,133.9,79.5981,0.9228,5.6222,59.276,1.372,21.5825,7.627,75.8669,3,2
2024,ITA,134.7,79.5981,0.783,0.9824,59.5483,1.3812,22.315,6.499,75.5305,3,2
2000,JPN,60.3099,82.8158,2.9783,-0.7,2167.0168,2.8584,33.6155,4.774,75.1682,3,2
2002,JPN,60.3099,82.9889,0.085,-0.9,2210.2474,2.9651,36.5755,5.38,75.2402,3,2
2003,JPN,60.3099,85.4789,1.3801,-0.3,2223.4521,2.9932,37.4221,5.224,75.8499,3,2
2004,JPN,60.3099,83.7746,2.1129,0.0,2264.1296,2.9812,38.6934,4.683,74.3857,3,2
2005,JPN,60.3099,83.4649,1.8483,-0.3,2283.3412,3.1309,39.939,4.407,75.4074,3,2
2006,JPN,60.3099,82.3652,1.5463,0.3,2277.4407,3.2277,40.4643,4.101,75.894,3,2
2007,JPN,60.3099,84.3108,1.7283,0.0,2286.4965,3.2926,41.0249,3.882,77.0953,3,2
2008,JPN,60.3099,84.2148,-1.1666,1.4,2269.7237,3.2922,42.8423,3.985,76.5678,3,2
2009,JPN,60.3099,80.6163,-5.9359,-1.4,2231.2398,3.1959,43.764,5.035,78.7386,3,2
2010,JPN,60.3099,81.7425,4.1365,-0.7,2279.0191,3.105,44.81,5.024,78.8802,3,2
2011,JPN,60.3099,90.8196,-0.2004,-0.3,2275.4345,3.2054,46.3641,4.521,79.6123,3,2
2012,JPN,60.3099,96.1222,1.6489,0.0,2292.1472,3.1737,46.6194,4.348,79.5104,3,2
2013,JPN,60.3099,95.673,1.9973,0.4,2339.6458,3.279,47.312,4.058,78.2998,3,2
2014,JPN,60.3099,95.5684,0.9059,2.7,2362.8032,3.3679,48.1851,3.612,78.4536,3,2
2015,JPN,60.3099,94.8396,1.8,0.8,2435.2108,3.2407,49.5416,3.349,77.44,3,2
2016,JPN,60.3099,93.8133,0.705,-0.1,2442.4992,3.1067,50.497,3.128,77.2545,3,2
2017,JPN,60.3099,93.0887,1.6235,0.4842,2463.9573,3.1664,51.4405,2.813,77.8116,3,2
2018,JPN,60.3099,91.4437,0.8341,0.9891,2479.1701,3.2192,51.9281,2.445,76.4575,3,2
2019,JPN,60.3099,90.559,-0.3085,0.4688,2508.8552,3.2182,52.678,2.354,75.709,3,2
2020,JPN,60.3099,89.5796,-4.2833,-0.025,3316.3727,3.2656,54.0273,2.781,75.7749,3,2
2021,JPN,60.3099,88.6817,3.5642,-0.025,2550.3748,3.2738,55.5556,2.828,76.0166,3,2
2022,JPN,60.3099,89.9708,1.3317,-0.025,2576.6001,3.4005,56.1251,2.579,76.0967,3,2
2023,JPN,60.3099,87.2799,0.7208,-0.025,2651.9782,3.4412,55.9862,2.599,76.6084,3,2
2024,JPN,60.3099,87.2799,-0.1684,-0.025,2651.9782,3.6232,57.0161,2.515,76.3842,3,2
2000,LTU,23.5,59.1157,3.4186,0.9816,12.7919,0.5842,41.8014,16.404,70.5586,8,2
2002,LTU,22.1,41.6814,6.7198,0.2815,15.1958,0.6565,35.7,13.737,68.0745,8,2
2003,LTU,20.4,43.708,10.5519,-1.1343,16.7044,0.6632,32.6493,12.441,70.0827,8,2
2004,LTU,18.6,46.6147,6.502,1.1641,17.2026,0.7476,29.5986,10.883,69.6701,8,2
2005,LTU,17.6,57.1072,7.7314,2.6585,18.5507,0.748,26.5479,8.325,71.189,8,2
2006,LTU,17.3,62.3826,7.3955,3.7391,20.4307,0.7938,26.7514,5.78,71.9705,8,2
2007,LTU,15.9,61.064,11.0779,5.7372,22.332,0.8011,28.9314,4.25,71.8616,8,2
2008,LTU,14.6,57.9009,2.5995,10.9259,23.4695,0.7888,30.4085,5.826,71.848,8,2
2009,LTU,27.9,49.991,-14.8386,4.453,22.4633,0.8285,30.9583,13.785,73.5036,8,2
2010,LTU,36.7,81.9343,0.4272,1.3192,23.9544,0.7938,32.44,17.814,73.4596,8,2
2011,LTU,37.4,81.4975,6.3236,4.1303,26.2771,0.91,33.4893,15.39,72.335,8,2
2012,LTU,39.9,80.0964,4.3829,3.09,27.241,0.8976,34.0538,13.365,72.1074,8,2
2013,LTU,38.9,78.012,4.0469,1.0475,28.5054,0.9532,35.1983,11.77,72.0562,8,2
2014,LTU,40.7,76.5302,3.7725,0.1038,29.2186,1.035,36.6681,10.698,72.4092,8,2
2015,LTU,42.4,77.6835,2.8328,-0.8841,29.1631,1.0408,38.7241,9.12,72.6353,8,2
2016,LTU,39.8,78.0349,2.6719,0.9055,29.2025,0.8439,39.7326,7.862,71.7661,8,2
2017,LTU,39.1,75.1292,4.6122,3.7229,31.9637,0.8963,40.2739,7.073,72.3034,8,2
2018,LTU,33.3,77.7376,4.9184,2.6979,33.4051,0.9278,41.6546,6.147,71.0877,8,2
2019,LTU,35.6,79.0929,4.6774,2.3345,35.5618,0.987,43.1494,6.255,75.6042,8,2
2020,LTU,45.9,78.0218,0.0428,1.1999,33.043,1.1238,44.1382,8.487,75.8652,8,2
2021,LTU,43.3,76.5551,6.3948,4.6835,40.342,1.0999,45.3431,7.112,76.7045,8,2
2022,LTU,38.3,76.1662,2.4653,19.705,41.4293,1.0588,46.5297,5.956,77.545,8,2
2023,LTU,37.1,71.456,0.7395,9.1173,41.5061,1.0424,46.3733,6.841,77.6557,8,2
2024,LTU,38.0,71.456,3.0302,0.7157,48.9618,1.0448,47.6962,7.095,78.2486,8,2
2000,LUX,7.5,100.0,6.9381,3.1508,78.541,1.5831,18.2842,2.345,82.9275,8,2
2002,LUX,7.4,100.0,3.2253,2.0741,78.335,1.61,21.5902,2.621,82.4802,8,2
2003,LUX,7.4,100.0,2.6193,2.0498,79.4149,1.6235,23.2433,3.675,83.0203,8,2
2004,LUX,7.8,100.0,4.2307,2.2257,82.0073,1.5882,24.8963,5.113,83.6514,8,2
2005,LUX,8.0,100.0,2.4825,2.4877,84.3878,1.5587,26.5494,4.488,82.2157,8,2
2006,LUX,8.2,100.0,6.0166,2.6663,88.8705,1.6489,23.9932,4.731,84.7201,8,2
2007,LUX,8.1,100.0,8.0985,2.3125,91.8161,1.5717,26.5127,4.065,84.7478,8,2
2008,LUX,14.6,100.0,-0.3023,3.4019,90.2,1.5466,27.6539,5.06,85.2316,8,2
2009,LUX,15.3,100.0,-3.239,0.368,90.2841,1.5884,34.796,5.122,85.8902,8,2
2010,LUX,19.1,100.0,3.7604,2.2737,93.0806,1.4237,35.4759,4.361,85.6813,8,2
2011,LUX,18.5,100.0,1.0443,3.4107,93.2962,1.4245,37.0348,4.902,85.903,8,2
2012,LUX,20.8,100.0,1.6497,2.6628,94.2419,1.2066,39.1104,5.14,85.763,8,2
2013,LUX,22.4,100.0,3.1717,1.734,97.2646,1.2338,40.6732,5.848,85.1514,8,2
2014,LUX,21.9,100.0,2.6231,0.6285,98.5784,1.217,45.9356,5.852,84.6404,8,2
2015,LUX,21.1,100.0,2.2684,0.4747,98.9244,1.2523,39.7949,6.669,85.0386,8,2
2016,LUX,19.6,100.0,4.9782,0.2908,101.2136,1.2669,42.856,6.291,84.8223,8,2
2017,LUX,21.8,100.0,1.3171,1.7308,100.843,1.239,40.3257,5.522,85.3027,8,2
2018,LUX,20.9,100.0,1.6113,1.5282,100.4761,1.1704,43.8869,5.586,85.0313,8,2
2019,LUX,22.3,100.0,2.7493,1.7433,101.1141,1.1821,51.643,5.595,85.0505,8,2
2020,LUX,24.5,100.0,-0.5101,0.82,108.0449,1.0963,51.3123,6.773,85.7964,8,2
2021,LUX,24.2,100.0,6.9297,2.5269,108.897,1.0315,50.3044,5.247,86.1855,8,2
2022,LUX,24.9,100.0,-1.0974,6.336,108.4506,1.0653,51.4886,4.585,86.4985,8,2
2023,LUX,24.7,100.0,0.0994,3.7414,108.0698,1.0558,51.3237,5.184,86.0393,8,2
2024,LUX,26.3,100.0,0.3586,2.0511,111.3026,0.9925,54.3539,6.421,85.9966,8,2
2000,LVA,12.4,61.5337,5.841,2.6543,10.6981,0.4459,18.218,14.259,67.1383,8,2
2002,LVA,13.4,62.1902,7.6655,1.9389,12.287,0.422,18.8698,12.481,67.1254,8,2
2003,LVA,14.8,66.6422,8.4291,2.9426,13.2894,0.3762,17.9204,11.641,68.3918,8,2
2004,LVA,15.2,73.367,8.7251,6.1924,14.8323,0.4159,19.7855,11.746,65.7567,8,2
2005,LVA,12.4,68.4418,11.6153,6.7485,16.2499,0.5496,20.293,10.033,69.038,8,2
2006,LVA,10.6,70.4849,12.825,6.5362,17.6117,0.6828,20.9197,7.03,70.4451,8,2
2007,LVA,8.9,65.8918,10.4145,10.093,19.7203,0.5817,22.182,6.052,70.4686,8,2
2008,LVA,19.5,62.7334,-3.3887,15.4023,20.5498,0.6063,24.8225,7.739,69.6001,8,2
2009,LVA,38.0,65.5123,-16.04,3.5341,20.7045,0.4611,25.8462,17.515,71.7292,8,2
2010,LVA,48.6,49.2064,-3.6613,-1.0846,21.9315,0.6183,26.9461,19.482,71.7355,8,2
2011,LVA,46.6,64.4702,3.0363,4.3707,22.365,0.7398,27.6933,16.206,70.1646,8,2
2012,LVA,44.0,60.9111,7.3052,2.2578,24.0629,0.6888,29.2272,15.047,69.0266,8,2
2013,LVA,41.8,60.4801,2.0961,-0.0295,24.4002,0.6354,31.012,11.867,69.1849,8,2
2014,LVA,43.1,43.7074,2.095,0.6205,25.3292,0.7143,30.2301,10.846,70.2554,8,2
2015,LVA,38.3,55.533,3.7834,0.1742,26.4707,0.641,31.5919,9.873,70.0313,8,2
2016,LVA,41.7,52.0818,2.5517,0.1406,27.5151,0.4506,33.3615,9.643,69.4619,8,2
2017,LVA,40.3,48.1887,3.3989,2.9304,29.061,0.53,33.8823,8.715,69.6048,8,2
2018,LVA,38.3,46.2654,4.3097,2.5345,29.9232,0.6614,33.9393,7.412,69.2006,8,2
2019,LVA,37.9,48.4186,0.6754,2.8114,30.4415,0.6602,35.7077,6.312,72.8395,8,2
2020,LVA,44.0,48.6028,-3.4692,0.2191,27.9327,0.7566,37.8339,8.098,73.0509,8,2
2021,LVA,45.9,41.0238,6.9425,3.2758,34.5374,0.7708,39.0012,7.513,74.1954,8,2
2022,LVA,44.4,40.3971,1.9085,17.3103,35.9383,0.8124,39.4673,6.815,75.52,8,2
2023,LVA,44.4,34.3077,-0.9416,8.9381,37.6171,0.8196,39.1839,6.465,76.3204,8,2
2024,LVA,46.2,34.3077,-0.0371,1.2658,43.3339,0.9167,40.4566,6.884,76.5912,8,2
2000,MEX,18.1919,0.0,5.0293,9.4916,84.0439,0.292,14.635,2.564,59.7258,3,2
2002,MEX,20.6272,0.0,-0.2366,5.0307,83.043,0.3374,15.3647,2.864,61.9995,3,2
2003,MEX,21.8448,0.0,1.1855,4.5469,86.4598,0.3745,15.5543,2.964,62.7902,3,2
2004,MEX,23.0625,0.0,3.5654,4.6884,89.331,0.3705,16.5683,3.66,64.4013,3,2
2005,MEX,24.2802,0.0,2.1132,3.9881,89.5328,0.381,12.724,3.558,64.4243,3,2
2006,MEX,25.4978,0.0,4.805,3.6295,93.4126,0.353,13.2621,3.566,62.569,3,2
2007,MEX,26.7155,0.0,2.0779,3.9668,96.1677,0.3804,13.5518,3.645,61.9502,3,2
2008,MEX,27.9331,0.0,0.9433,5.125,99.2881,0.4242,13.6726,3.904,61.5167,3,2
2009,MEX,29.1508,0.0,-6.2953,5.2974,94.1225,0.4575,14.3084,5.379,62.9155,3,2
2010,MEX,30.3685,0.0,4.9713,4.1567,98.7833,0.4735,14.6546,5.329,62.152,3,2
2011,MEX,31.5861,0.0,3.444,3.4074,102.5825,0.4527,15.0122,5.195,59.492,3,2
2012,MEX,32.8038,0.0,3.5532,4.1115,105.1515,0.4028,15.7095,4.923,59.6729,3,2
2013,MEX,34.0214,0.0,0.8521,3.8064,105.2983,0.4081,16.2018,4.943,59.3073,3,2
2014,MEX,35.2391,0.0,2.5038,4.0186,109.4257,0.4196,15.9964,4.831,57.8849,3,2
2015,MEX,36.4568,0.0,2.7023,2.7206,110.7684,0.4148,16.2788,4.336,55.7132,3,2
2016,MEX,37.6744,4.9338,1.7725,2.8217,113.0685,0.376,16.8186,3.885,55.1016,3,2
2017,MEX,38.8921,11.434,1.8717,6.0415,116.5054,0.3195,17.419,3.438,54.3682,3,2
2018,MEX,40.1097,16.7913,1.9721,4.8994,118.0666,0.3195,17.9798,3.301,56.0205,3,2
2019,MEX,41.3274,18.2994,-0.3927,3.636,117.2222,0.3195,18.2542,3.505,55.7301,3,2
2020,MEX,45.8373,10.8895,-8.354,3.3968,118.6771,0.3195,19.433,4.369,55.2464,3,2
2021,MEX,44.861,15.3118,6.0485,5.6892,118.2827,0.3195,20.4555,4.111,53.8085,3,2
2022,MEX,43.9694,21.1051,3.7098,7.8963,121.6471,0.3195,20.6362,3.274,52.6394,3,2
2023,MEX,45.0554,21.5844,3.1068,5.528,126.2908,0.3195,20.9627,2.788,52.443,3,2
2024,MEX,49.5702,21.5844,1.3506,5.528,126.2908,0.3195,21.8743,2.696,50.9282,3,2
2000,NLD,52.2,46.482,4.2278,2.3605,50.4861,1.7891,23.3751,3.047,86.3911,14,2
2002,NLD,48.8,42.7494,0.2462,3.2875,52.9257,1.7393,25.0209,3.066,86.0817,14,2
2003,NLD,49.9,46.5189,0.0982,2.092,53.7844,1.7767,27.545,4.829,86.1603,14,2
2004,NLD,50.2,39.0613,2.0134,1.2636,55.6323,1.7813,29.5376,5.658,85.6411,14,2
2005,NLD,49.6,46.5427,2.0288,1.6881,57.3866,1.7667,30.1154,5.875,86.5211,14,2
2006,NLD,45.0,48.1253,3.539,1.1015,59.2059,1.7321,30.1899,5.006,87.7267,14,2
2007,NLD,42.8,47.0414,3.8821,1.6139,60.3782,1.6606,30.804,4.155,87.6286,14,2
2008,NLD,54.3,41.979,2.1267,2.4865,61.698,1.6125,32.1674,3.657,87.1686,14,2
2009,NLD,56.3,41.8432,-3.6702,1.1898,60.4647,1.6516,32.7854,4.351,86.5766,14,2
2010,NLD,58.9,34.0418,1.3168,1.2753,61.8092,1.6939,32.3892,4.989,85.6804,14,2
2011,NLD,61.2,36.3084,1.7769,2.3411,62.8784,1.8651,32.0413,4.977,87.1217,14,2
2012,NLD,65.7,37.2648,-0.9774,2.4555,63.256,1.9009,34.3983,5.821,88.331,14,2
2013,NLD,67.2,28.8439,-0.0321,2.5069,64.4979,2.1395,34.5233,8.187,86.9061,14,2
2014,NLD,67.2,38.135,1.6124,0.976,65.1621,2.1507,35.29,8.318,86.8776,14,2
2015,NLD,63.8,58.82,2.121,0.6002,66.1214,2.1179,36.4416,7.866,88.2135,14,2
2016,NLD,60.9,55.4883,2.4248,0.3167,66.7357,2.1155,37.1276,6.988,88.1113,14,2
2017,NLD,56.0,62.3249,2.7829,1.3815,67.6124,2.1417,38.2965,5.855,87.1501,14,2
2018,NLD,51.6,71.6849,2.2602,1.7035,68.2695,2.1027,39.7967,4.869,87.1979,14,2
2019,NLD,47.7,78.2545,2.3,2.6337,69.4313,2.1404,40.8139,4.422,87.0634,14,2
2020,NLD,53.4,81.7604,-3.8766,1.2725,67.3312,2.2651,42.0592,4.837,88.5328,14,2
2021,NLD,50.5,69.9462,6.2778,2.6757,73.5825,2.2154,43.0594,4.21,87.0008,14,2
2022,NLD,48.4,99.3588,5.0072,10.0012,76.9326,2.1753,44.6598,3.524,87.1531,14,2
2023,NLD,45.8,87.0174,-0.6006,3.8384,76.7313,2.3049,44.2494,3.537,86.6074,14,2
2024,NLD,43.8,87.0174,1.0731,3.3475,79.7435,2.2876,45.0983,3.627,85.7925,14,2
2000,NOR,60.3099,0.0,3.4434,3.0855,339.4302,1.5602,32.6928,3.331,85.6627,14,2
2002,NOR,60.3099,0.0,1.4575,1.2867,359.9584,1.6264,32.6928,3.762,86.1028,14,2
2003,NOR,60.3099,0.0,1.0964,2.4878,375.2365,1.6757,32.6928,4.045,85.9235,14,2
2004,NOR,60.3099,0.0,4.3302,0.4545,391.3966,1.5398,32.6928,4.184,84.1365,14,2
2005,NOR,60.3099,0.0,2.9697,1.5321,409.533,1.4772,32.6928,4.381,86.9236,14,2
2006,NOR,60.3099,0.0,2.8473,2.3293,421.8299,1.4497,32.9263,3.399,87.1986,14,2
2007,NOR,60.3099,0.0,3.4203,0.7126,419.5416,1.5579,34.1983,2.493,87.414,14,2
2008,NOR,60.3099,0.0,0.8228,3.7539,425.823,1.5456,36.0042,2.55,87.3901,14,2
2009,NOR,60.3099,0.0,-1.6133,2.1974,415.0672,1.7168,36.6985,3.103,87.5217,14,2
2010,NOR,60.3099,0.0,1.0049,2.4189,428.1773,1.6412,37.2843,3.521,87.7011,14,2
2011,NOR,60.3099,0.0,1.385,1.285,438.5007,1.6171,38.0535,3.215,88.5448,14,2
2012,NOR,60.3099,0.0,2.824,0.6969,449.651,1.6105,38.5619,3.123,89.7578,14,2
2013,NOR,60.3099,0.0,1.2729,2.1205,457.951,1.6422,39.7703,3.423,89.8422,14,2
2014,NOR,60.3099,0.0,2.0952,2.0417,461.595,1.7037,41.7579,3.484,89.1199,14,2
2015,NOR,60.3099,0.0,2.0443,2.1711,459.8323,1.9235,42.7067,4.296,90.3484,14,2
2016,NOR,60.3099,0.0,1.2916,3.55,458.9835,2.0329,43.0168,4.679,90.3504,14,2
2017,NOR,60.3099,0.0,2.6696,1.8751,478.3025,2.0817,43.207,4.162,90.6412,14,2
2018,NOR,60.3099,0.0,1.1104,2.7648,490.7155,2.0348,43.5758,3.8,91.1072,14,2
2019,NOR,60.3099,0.0,1.4697,2.1677,487.7207,2.136,44.1294,3.687,90.9756,14,2
2020,NOR,60.3099,0.0,-1.3606,1.2866,485.5939,2.2444,45.2733,4.422,91.0801,14,2
2021,NOR,60.3099,0.0,4.1432,3.4839,545.0319,1.8876,47.2201,4.369,91.5816,14,2
2022,NOR,60.3099,0.0,4.0804,5.7641,630.3036,1.5508,48.0968,3.232,90.7789,14,2
2023,NOR,60.3099,0.0,0.3527,5.5178,582.1903,1.8514,48.7941,3.573,90.6839,14,2
2024,NOR,60.3099,0.0,1.4237,3.1453,591.9514,1.8001,50.4404,3.982,90.619,14,2
2000,NZL,32.7764,19.548,4.2125,2.6152,40.3889,1.1003,35.6289,6.131,83.7458,7,2
2002,NZL,32.7764,21.6065,4.7063,2.6771,42.36,1.1246,35.6289,5.282,83.772,7,2
2003,NZL,48.2453,26.1116,4.4249,1.7536,43.4491,1.1489,35.6289,4.745,84.028,7,2
2004,NZL,43.8675,30.5573,4.8442,2.2902,43.8483,1.1347,35.6289,4.005,83.4035,7,2
2005,NZL,44.1698,29.2053,3.2148,3.037,43.991,1.1204,35.6289,3.807,84.924,7,2
2006,NZL,42.9525,28.433,2.8153,3.3654,45.3513,1.139,35.6289,3.857,85.2288,7,2
2007,NZL,36.9754,25.3053,3.4878,2.3761,47.8814,1.1576,35.6289,3.661,85.1222,7,2
2008,NZL,36.0133,16.8532,-0.159,3.9589,47.1525,1.2034,35.6289,4.167,85.5605,7,2
2009,NZL,31.8653,19.5158,-1.0568,2.1157,49.8942,1.2492,35.6289,6.122,86.3798,7,2
2010,NZL,34.7228,16.1033,1.7414,2.302,50.1229,1.24,35.6289,6.556,86.5468,7,2
2011,NZL,48.0817,19.0822,1.7,4.0279,51.5527,1.2308,35.6289,6.491,88.527,7,2
2012,NZL,51.5541,19.9071,2.5352,1.0599,53.3433,1.1918,35.6289,6.93,88.1717,7,2
2013,NZL,46.4246,24.3582,2.1311,1.1344,53.6478,1.1527,35.6289,5.839,87.7578,7,2
2014,NZL,43.8709,22.4295,3.7876,1.2275,53.7941,1.1899,35.6289,5.429,86.8164,7,2
2015,NZL,42.9014,23.8783,3.6471,0.2927,55.0125,1.2271,34.0405,5.415,88.1532,7,2
2016,NZL,41.3592,28.761,3.9513,0.6462,55.3651,1.2875,36.2751,5.146,88.0899,7,2
2017,NZL,38.6292,28.826,3.2901,1.8508,56.2037,1.3479,37.7304,4.737,87.8658,7,2
2018,NZL,36.6068,33.5179,3.3349,1.5983,57.3946,1.406,39.2927,4.335,87.2933,7,2
2019,NZL,32.7713,31.8443,2.9763,1.6196,58.0972,1.4642,39.0658,4.109,87.4564,7,2
2020,NZL,45.7367,30.6458,-1.2197,1.7146,59.7545,1.4751,40.1219,4.596,87.5649,7,2
2021,NZL,51.3054,29.3932,5.4268,3.9411,62.3275,1.486,40.4902,3.78,87.3216,7,2
2022,NZL,53.9638,28.8214,2.6303,7.1722,64.5162,1.5173,39.8415,3.3,87.3088,7,2
2023,NZL,50.1081,31.633,2.1641,5.7332,64.4534,1.5485,41.5778,3.732,86.8866,7,2
2024,NZL,52.2498,31.633,-0.3048,2.9228,64.4534,1.5485,43.962,4.716,86.415,7,2
2000,POL,36.2,10.7816,4.6562,10.0917,28.1715,0.6381,11.362,16.37,78.0827,14,2
2002,POL,41.6,11.4915,1.9011,1.9417,31.3688,0.555,12.5851,19.932,73.9232,14,2
2003,POL,46.4,13.3597,3.5234,0.8417,32.849,0.5363,14.1706,19.644,74.019,14,2
2004,POL,44.9,14.7708,5.0908,3.4917,34.7284,0.55,15.7096,18.972,72.1425,14,2
2005,POL,46.5,17.814,3.2608,2.1333,35.4688,0.5612,16.9269,17.747,74.8512,14,2
2006,POL,47.1,20.2848,6.2021,1.0333,36.7964,0.549,17.8919,13.841,73.2319,14,2
2007,POL,44.4,25.9718,6.7604,2.4917,38.2293,0.561,18.6885,9.604,73.2909,14,2
2008,POL,46.6,31.0449,4.3838,4.2167,39.2753,0.5972,19.5658,7.117,75.6125,14,2
2009,POL,49.7,32.1547,2.6151,3.45,41.0539,0.6593,21.1509,8.166,75.4858,14,2
2010,POL,53.7,31.9516,3.1689,2.5833,44.1726,0.7225,22.4684,9.636,76.3994,14,2
2011,POL,54.8,34.2367,5.2554,4.2667,47.0099,0.7473,23.2836,9.631,75.5105,14,2
2012,POL,54.5,31.7024,1.5118,3.7,48.2841,0.8848,24.5128,10.088,76.2511,14,2
2013,POL,56.9,26.5012,0.6843,0.9,48.9618,0.8807,25.7557,10.326,73.4277,14,2
2014,POL,51.1,29.6786,3.9205,-0.025,49.9427,0.9454,26.9955,8.99,75.5295,14,2
2015,POL,51.1,30.1532,4.4318,-0.9333,51.51,0.9981,27.7473,7.501,74.2201,14,2
2016,POL,54.1,31.1609,3.0312,-0.5833,52.7674,0.9616,28.7112,6.161,72.0483,14,2
2017,POL,50.4,38.8224,5.1525,1.975,55.7505,1.0306,29.9195,4.888,68.7573,14,2
2018,POL,48.2,44.0701,6.2459,1.6667,60.0366,1.1943,30.9196,3.846,66.3346,14,2
2019,POL,45.2,45.8817,4.5805,2.3083,62.3509,1.3088,32.0148,3.237,65.7004,14,2
2020,POL,56.6,43.0495,-2.0356,3.4,68.2404,1.3713,32.8752,3.155,65.3782,14,2
2021,POL,53.0,41.1011,6.9272,5.1,64.7154,1.4156,33.6684,3.373,63.3153,14,2
2022,POL,48.8,46.8419,5.2555,14.3,70.8749,1.4416,33.9156,2.876,63.4184,14,2
2023,POL,49.5,48.8194,0.2496,11.5667,73.9772,1.5552,37.9394,2.819,64.0257,14,2
2024,POL,54.8,48.8194,3.2487,3.65,76.1563,1.409,39.4532,2.885,70.014,14,2
2000,PRT,54.2,89.6907,3.8162,2.853,24.1553,0.7216,8.8429,3.928,80.9542,10,2
2002,PRT,60.0,87.5938,0.7709,3.6003,25.2335,0.7218,9.4179,5.0,81.5606,10,2
2003,PRT,63.9,89.5751,-0.9305,3.219,25.6961,0.698,10.959,6.263,81.9154,10,2
2004,PRT,67.1,88.2039,1.7887,2.3654,26.4451,0.7293,12.5169,6.622,80.6387,10,2
2005,PRT,72.2,92.7275,0.7818,2.2772,27.2208,0.7575,12.8444,7.584,81.3619,10,2
2006,PRT,73.7,88.6562,1.625,3.1077,28.3567,0.9545,13.4802,7.648,82.8363,10,2
2007,PRT,72.7,85.8163,2.5066,2.454,29.0863,1.1242,13.6921,7.961,82.8142,10,2
2008,PRT,75.5,88.4104,0.3192,2.5885,29.6216,1.4433,14.3004,7.549,82.141,10,2
2009,PRT,87.6,85.7463,-3.1221,-0.8355,29.7484,1.58,14.6668,9.43,81.852,10,2
2010,PRT,99.9,79.4992,1.7376,1.4026,30.8164,1.5332,15.4453,10.769,80.7286,10,2
2011,PRT,114.0,82.8099,-1.7135,3.653,31.281,1.4556,17.257,13.485,79.9586,10,2
2012,PRT,128.6,85.1213,-4.0509,2.7733,31.848,1.3766,18.5341,16.501,77.7458,10,2
2013,PRT,130.8,78.7824,-0.9841,0.2744,32.9561,1.3233,19.3071,17.152,77.2857,10,2
2014,PRT,132.5,77.439,0.7414,-0.2782,32.7397,1.2889,21.7245,14.526,79.1928,10,2
2015,PRT,131.0,84.2773,1.5898,0.4879,32.8467,1.2455,22.8755,12.905,79.6168,10,2
2016,PRT,131.2,80.5911,2.0041,0.6074,33.3336,1.2815,23.8243,11.45,79.7575,10,2
2017,PRT,126.0,87.1736,3.3147,1.3686,33.7013,1.3222,24.0951,9.17,79.8066,10,2
2018,PRT,121.1,85.339,2.9463,0.9937,34.0618,1.3508,25.0477,7.174,78.5111,10,2
2019,PRT,116.1,84.3565,2.7457,0.3382,35.3246,1.3949,26.3963,6.602,78.0588,10,2
2020,PRT,134.1,71.5092,-8.2046,-0.0124,32.4265,1.6098,27.457,7.036,80.9614,10,2
2021,PRT,123.9,73.7441,5.5588,1.2657,36.7714,1.6671,28.7995,6.712,80.701,10,2
2022,PRT,111.2,81.5128,6.9858,7.8327,38.6381,1.6905,29.4555,6.138,79.7156,10,2
2023,PRT,96.9,77.2449,3.1,4.3113,40.1502,1.6797,29.7553,6.499,79.7967,10,2
2024,PRT,93.5,77.2449,2.2146,2.4161,46.5652,1.7324,31.4045,6.425,78.9923,10,2
2000,SVK,50.6,65.0047,0.7892,12.0358,16.0153,0.6387,10.3733,18.777,71.3721,8,2
2002,SVK,45.6,64.1995,4.4173,3.1271,18.409,0.564,10.9589,18.633,70.1715,8,2
2003,SVK,43.6,64.6311,4.8567,8.5541,19.8709,0.5651,11.7848,17.516,71.9246,8,2
2004,SVK,42.0,67.8716,5.3895,7.5485,20.867,0.5026,12.7769,18.137,71.4457,8,2
2005,SVK,35.0,65.558,6.4849,2.7091,21.7185,0.4954,14.0041,16.172,73.0808,8,2
2006,SVK,31.5,64.04,8.9257,4.4833,23.4281,0.475,14.5673,13.302,73.8997,8,2
2007,SVK,30.4,69.1625,10.8186,2.7567,25.4419,0.4473,14.4384,11.017,73.8679,8,2
2008,SVK,28.6,65.3979,5.3634,4.5982,26.4776,0.4616,14.7635,9.567,73.8851,8,2
2009,SVK,36.4,67.2342,-5.5053,1.6151,25.9282,0.473,15.7628,12.052,73.363,8,2
2010,SVK,40.7,61.2802,6.7906,0.957,28.0664,0.6058,17.328,14.373,72.6576,8,2
2011,SVK,43.3,62.5663,2.5624,3.9193,28.5608,0.654,18.6173,13.606,73.6977,8,2
2012,SVK,51.7,58.1389,1.5692,3.6061,29.2564,0.7938,18.9791,13.947,73.2549,8,2
2013,SVK,54.6,57.6005,0.7033,1.4005,30.3507,0.8184,19.8773,14.216,73.3273,8,2
2014,SVK,53.4,59.7953,2.708,-0.0762,30.9447,0.8746,20.3796,13.18,73.0965,8,2
2015,SVK,51.6,57.358,5.1769,-0.3252,31.9622,1.1537,21.1499,11.473,73.0501,8,2
2016,SVK,52.1,57.4894,1.9478,-0.52,31.7564,0.7851,21.9795,9.644,73.0742,8,2
2017,SVK,51.4,61.8303,2.8747,1.3119,32.2685,0.8815,23.0954,8.131,71.5728,8,2
2018,SVK,49.3,60.7892,4.0621,2.514,33.3852,0.8318,24.5834,6.535,69.5888,8,2
2019,SVK,48.0,69.4729,2.2759,2.6646,34.7563,0.8214,25.7863,5.754,72.1857,8,2
2020,SVK,58.4,55.8609,-2.5855,1.9369,38.1246,0.8894,26.7733,6.689,74.145,8,2
2021,SVK,60.2,51.9405,5.6559,3.1496,40.825,0.9013,27.911,6.827,74.1535,8,2
2022,SVK,57.8,68.8873,0.5446,12.7742,40.8443,0.9776,29.2167,6.143,73.4728,8,2
2023,SVK,55.8,57.887,2.1126,10.532,42.4689,1.036,28.806,5.84,73.8774,8,2
2024,SVK,59.7,57.887,1.9387,2.7576,44.5911,0.9821,29.0372,5.335,73.1298,8,2
2000,SVN,26.1,51.7833,3.4979,8.9117,23.0779,1.3686,15.7265,6.729,75.601,14,2
2002,SVN,27.7,49.6914,3.2826,7.4808,24.7546,1.4604,15.2574,6.312,74.7984,14,2
2003,SVN,27.0,52.398,3.195,5.5442,25.8936,1.2596,17.7444,6.675,74.6632,14,2
2004,SVN,27.1,51.2607,4.546,3.593,27.0806,1.3806,19.041,6.29,73.8316,14,2
2005,SVN,26.6,50.8623,3.8541,2.4515,29.0791,1.428,20.172,6.506,74.9377,14,2
2006,SVN,26.2,51.1452,5.9088,2.4579,31.1413,1.5457,21.387,5.95,75.9139,14,2
2007,SVN,22.9,51.2448,7.1392,3.6575,32.8125,1.4326,22.2276,4.818,75.414,14,2
2008,SVN,21.9,54.1628,3.3722,5.6474,33.3038,1.6346,22.6377,4.371,74.461,14,2
2009,SVN,34.9,48.293,-7.5906,0.8393,31.4023,1.8333,23.3158,5.858,74.7553,14,2
2010,SVN,38.6,48.6958,1.1121,1.8012,32.4397,2.0691,23.7166,7.236,74.6718,14,2
2011,SVN,46.8,47.7773,0.6554,1.8029,33.9551,2.4311,25.0906,8.166,74.6464,14,2
2012,SVN,54.1,51.5119,-2.9155,2.5974,34.0113,2.5834,26.439,8.841,72.866,14,2
2013,SVN,70.8,47.3068,-0.8238,1.7692,34.189,2.5943,27.8805,10.103,72.2603,14,2
2014,SVN,81.1,44.8246,2.7628,0.1993,34.6685,2.3885,28.6009,9.668,71.5216,14,2
2015,SVN,83.4,49.0811,2.3933,-0.5256,34.9961,2.2161,30.1733,8.962,72.2921,14,2
2016,SVN,79.4,49.1782,3.0344,-0.055,36.6297,2.0292,30.7358,8.0,72.6792,14,2
2017,SVN,74.9,51.1019,5.1744,1.4291,38.5217,1.8822,34.3028,6.564,72.8887,14,2
2018,SVN,71.0,52.2004,4.3791,1.7386,39.8875,1.9637,32.4552,5.108,72.1323,14,2
2019,SVN,66.0,52.8492,3.5053,1.6305,41.3426,2.0572,33.2833,4.446,74.87,14,2
2020,SVN,80.2,45.7954,-4.085,-0.0549,42.2638,2.1556,35.881,4.971,74.8688,14,2
2021,SVN,74.8,48.7162,8.4169,1.9171,43.9439,2.1381,40.3,4.744,73.2424,14,2
2022,SVN,72.8,53.5471,2.6685,8.8337,45.1187,2.101,40.1121,4.011,73.9272,14,2
2023,SVN,68.3,48.9022,2.3758,7.4469,47.4199,2.1306,33.5106,3.652,74.8089,14,2
2024,SVN,66.4,48.9022,1.7314,1.9656,48.5134,2.1626,34.6375,3.697,75.352,14,2
2000,SWE,50.4,40.5019,4.6311,0.8991,252.9294,3.8722,30.123,5.799,86.0697,3,2
2002,SWE,49.8,38.3978,2.2777,2.1585,268.3988,3.7272,32.5651,5.208,86.7042,3,2
2003,SWE,49.5,44.9098,1.881,1.9257,279.249,3.5823,33.4197,5.762,86.8959,3,2
2004,SWE,48.7,38.5715,4.1796,0.3737,288.7985,3.3663,34.5294,6.526,86.4582,3,2
2005,SWE,49.0,39.4564,2.7932,0.4532,297.9035,3.3641,29.6454,7.667,85.9971,3,2
2006,SWE,43.9,39.7943,4.6761,1.3602,309.0781,3.4796,30.5204,6.975,86.6563,3,2
2007,SWE,39.3,38.2973,3.2249,2.2122,313.6931,3.2418,31.3285,6.146,87.4524,3,2
2008,SWE,38.0,40.0702,-0.9231,3.437,311.5208,3.4908,32.027,6.224,87.7678,3,2
2009,SWE,41.3,39.49,-4.2556,-0.4945,310.4314,3.4127,33.0601,8.316,87.3416,3,2
2010,SWE,38.7,39.0838,5.7508,1.158,321.7797,3.1876,33.8689,8.578,87.0469,3,2
2011,SWE,37.8,38.4577,3.1639,2.9612,326.2384,3.2069,35.1744,7.783,89.7555,3,2
2012,SWE,38.1,31.4711,-0.4144,0.8884,327.0514,3.2464,35.699,7.964,90.2875,3,2
2013,SWE,41.2,34.0046,1.1376,-0.0443,330.8789,3.2756,37.0344,8.027,88.7956,3,2
2014,SWE,46.1,34.1036,2.2958,-0.1796,335.9615,3.1246,38.7003,7.931,87.5614,3,2
2015,SWE,44.8,32.8832,4.3882,-0.0468,348.6717,3.2415,39.7866,7.39,87.9164,3,2
2016,SWE,43.2,35.3637,2.1312,0.9843,348.9812,3.2638,41.1392,6.944,87.9171,3,2
2017,SWE,41.9,28.6965,1.8828,1.7945,353.429,3.3995,41.9367,6.665,87.2613,3,2
2018,SWE,40.2,30.7466,1.7703,1.9535,358.3687,3.3561,43.2473,6.332,87.3291,3,2
2019,SWE,36.0,32.0197,2.6082,1.7842,373.5902,3.4066,43.9705,6.771,87.0485,3,2
2020,SWE,40.5,34.4418,-1.9338,0.4974,482.5076,3.5075,44.6088,8.304,88.3223,3,2
2021,SWE,37.2,22.5498,5.2259,2.1632,397.1274,3.4454,46.5595,8.899,87.7494,3,2
2022,SWE,34.4,28.6999,1.2554,8.3693,401.9728,3.5015,48.504,7.494,87.5096,3,2
2023,SWE,32.2,27.7524,-0.2041,8.5486,408.5936,3.6402,49.3999,7.698,87.1359,3,2
2024,SWE,34.2,27.7524,1.0178,2.8358,332.353,3.5596,51.8263,8.398,87.0899,3,2
2000,TUR,41.0319,66.4119,6.9853,54.9154,25.9844,0.4648,8.3462,6.495,47.6431,3,1
2002,TUR,41.0319,68.8098,6.4355,44.9641,27.3827,0.5079,9.1409,10.358,51.8231,3,1
2003,TUR,41.0319,71.8015,5.7991,21.6024,29.7572,0.4641,9.7045,10.542,55.6603,3,1
2004,TUR,41.0319,71.9973,9.9254,8.5983,33.1345,0.4956,9.6539,10.837,57.7311,3,1
2005,TUR,41.0319,73.6048,9.1116,8.1792,35.4069,0.5616,10.2386,10.635,58.7754,3,1
2006,TUR,41.0319,74.1979,7.0676,9.5972,37.9905,0.5504,10.9193,10.229,58.4612,3,1
2007,TUR,41.0319,75.5978,5.1082,8.7562,40.6714,0.6823,11.2909,10.283,56.0252,3,1
2008,TUR,41.0319,73.6742,0.9201,10.4441,41.7954,0.683,12.0407,10.965,56.9109,3,1
2009,TUR,48.4871,71.5994,-4.8827,6.251,40.5885,0.798,12.7103,14.025,57.7996,3,1
2010,TUR,45.1797,71.8114,8.5422,8.5664,42.4613,0.788,13.1185,11.88,56.3737,3,1
2011,TUR,39.9693,72.3455,10.98,6.4719,45.6671,0.7888,14.0341,9.788,53.4662,3,1
2012,TUR,37.6997,76.5045,4.8076,8.8916,47.3945,0.8215,15.2902,9.21,53.4263,3,1
2013,TUR,31.7836,76.7082,8.4883,7.4931,51.3132,0.8084,15.9074,9.714,51.5119,3,1
2014,TUR,31.1207,78.7335,4.6008,8.8546,52.4153,0.8533,16.6936,9.902,48.3718,3,1
2015,TUR,29.1451,80.4443,5.8056,7.6709,55.7034,0.966,18.0201,10.304,46.5962,3,1
2016,TUR,30.0752,77.2878,3.3237,7.7751,58.1224,1.1183,19.3625,10.9,44.2563,3,1
2017,TUR,29.5734,79.1725,7.8259,11.1443,62.3873,1.1697,20.0131,10.918,43.1207,3,1
2018,TUR,29.4,75.8316,3.4682,16.3325,66.4966,1.2558,20.7802,10.956,40.2016,3,1
2019,TUR,33.4601,72.1974,1.3016,15.1768,71.9127,1.2943,21.9512,13.73,40.9941,3,1
2020,TUR,41.0397,71.333,1.8031,12.279,99.1325,1.3427,23.2018,13.148,40.158,3,1
2021,TUR,41.6375,72.1247,11.8111,19.5965,91.1852,1.3686,24.4525,11.971,39.2913,3,1
2022,TUR,35.3301,72.7041,5.4412,72.3088,91.1852,1.2963,25.0,10.433,37.6738,3,1
2023,TUR,33.2548,71.9929,5.0451,53.8594,91.1852,1.3936,25.9217,9.351,37.8997,3,1
2024,TUR,26.6192,71.9929,3.3276,58.5064,91.1852,1.4619,26.9442,8.712,37.6898,3,1
2000,USA,33.2677,26.6791,4.0776,3.3769,49.7317,2.6198,36.4948,3.992,79.2441,3,2
2002,USA,54.0472,27.8963,1.7004,1.586,53.0768,2.5475,38.133,5.783,81.4068,3,2
2003,USA,56.4293,29.2686,2.7956,2.2701,55.1293,2.5502,38.422,5.989,80.1606,3,2
2004,USA,56.8323,30.9354,3.8478,2.6772,57.2163,2.4869,39.053,5.529,78.627,3,2
2005,USA,56.693,31.7585,3.4836,3.3927,59.2037,2.5019,39.0547,5.083,80.1284,3,2
2006,USA,55.6206,31.7738,2.7845,3.2259,60.5476,2.5455,39.4863,4.624,79.3545,3,2
2007,USA,55.8142,30.5507,2.0039,2.8527,62.2114,2.6152,40.2709,4.622,79.4663,3,2
2008,USA,63.9719,27.9184,0.1136,3.8391,63.4872,2.7448,41.1052,5.784,80.0567,3,2
2009,USA,76.0322,25.912,-2.5765,-0.3555,65.7531,2.7918,41.2146,9.256,79.6212,3,2
2010,USA,85.1548,24.085,2.6952,1.64,67.8297,2.7145,41.6624,9.632,79.4944,3,2
2011,USA,89.7347,20.6799,1.5644,3.1568,68.5443,2.738,42.4484,8.95,78.408,3,2
2012,USA,93.833,17.5185,2.2891,2.0693,69.4158,2.6727,43.0524,8.069,78.9702,3,2
2013,USA,95.7185,14.4331,2.1178,1.4648,70.4473,2.6959,43.9103,7.375,77.2611,3,2
2014,USA,95.9491,11.6957,2.5238,1.6222,71.4582,2.7088,44.2246,6.167,77.8552,3,2
2015,USA,96.6111,11.7389,2.9455,0.1186,72.3839,2.7733,44.6294,5.281,79.4057,3,2
2016,USA,98.6932,12.2998,1.8195,1.2616,72.9969,2.8368,45.6664,4.87,78.5832,3,2
2017,USA,97.8801,8.1003,2.4576,2.1301,74.4598,2.8832,46.3568,4.356,76.5159,3,2
2018,USA,99.2224,3.5921,2.9665,2.4426,76.2659,2.9896,47.4311,3.896,75.2811,3,2
2019,USA,100.9798,0.0,2.5838,1.8122,77.9337,3.143,48.3402,3.668,74.789,3,2
2020,USA,126.3704,0.0,-2.0814,1.2336,82.0315,3.4145,50.0553,8.055,73.5834,3,2
2021,USA,120.3677,0.0,6.152,4.6979,85.1135,3.4624,50.317,5.349,72.3867,3,2
2022,USA,114.6948,0.0,2.5242,8.0028,87.2732,3.4843,50.0172,3.649,72.9997,3,2
2023,USA,116.9188,0.0,2.9344,4.1163,90.3351,3.4235,50.706,3.639,71.9647,3,2
2024,USA,117.9732,0.0,2.7932,2.9495,90.3351,3.4449,50.706,4.022,72.3732,3,2
