year,country,GDP_Growth,Inflation_Rate,Unemployment_Rate,Productivity_Variation,Gov_Score,recovery_2007,recovery_2019
2000,AUS,3.3597,4.4574,6.288,52.4641,82.0517,14,2
2002,AUS,3.9988,2.9816,6.375,56.0,82.2534,14,2
2003,AUS,3.118,2.7326,5.932,58.1656,82.3347,14,2
2004,AUS,3.957,2.3433,5.399,59.1494,81.3567,14,2
2005,AUS,3.0432,2.6918,5.036,60.6493,84.2542,14,2
2006,AUS,2.7062,3.5553,4.785,62.2634,84.28,14,2
2007,AUS,4.3783,2.3276,4.381,63.5605,84.7219,14,2
2008,AUS,2.5361,4.3503,4.241,65.0613,84.715,14,2
2009,AUS,1.999,1.7711,5.565,67.138,84.7352,14,2
2010,AUS,2.4813,2.9183,5.214,68.2336,85.4784,14,2
2011,AUS,2.6649,3.3038,5.083,70.5302,85.6443,14,2
2012,AUS,4.0144,1.7628,5.225,71.6099,86.7262,14,2
2013,AUS,2.195,2.4499,5.663,74.3768,83.8599,14,2
2014,AUS,2.5309,2.4879,6.078,75.0753,83.6973,14,2
2015,AUS,2.3018,1.5084,6.055,75.3661,84.0576,14,2
2016,AUS,2.6928,1.277,5.714,77.4385,84.6444,14,2
2017,AUS,2.4399,1.9486,5.604,78.0971,85.2241,14,2
2018,AUS,2.8318,1.9114,5.307,79.5334,84.3284,14,2
2019,AUS,1.9524,1.6108,5.164,81.6311,83.0058,14,2
2020,AUS,-2.1032,0.8469,6.437,84.7421,82.5882,14,2
2021,AUS,5.3886,2.8639,5.14,89.5753,81.9711,14,2
2022,AUS,4.2056,6.5941,3.72,89.6614,82.7671,14,2
2023,AUS,2.0652,5.597,3.687,90.9177,83.3532,14,2
2024,AUS,1.0658,3.1666,4.015,90.9177,83.3188,14,2
2000,AUT,3.1895,2.3449,3.502,47.0911,81.1755,14,2
2002,AUT,1.4844,1.8104,3.985,49.1869,81.5922,14,2
2003,AUT,1.1416,1.3556,4.279,50.0479,81.1125,14,2
2004,AUT,2.5653,2.0612,5.487,51.3524,80.7442,14,2
2005,AUT,2.3204,2.2991,5.627,53.0804,80.0225,14,2
2006,AUT,3.2693,1.4415,5.243,55.1461,84.8523,14,2
2007,AUT,3.7752,2.1686,4.858,56.9329,84.9349,14,2
2008,AUT,1.4533,3.216,4.128,57.5537,84.4885,14,2
2009,AUT,-3.5863,0.5063,5.301,57.9115,85.0155,14,2
2010,AUT,1.809,1.8135,4.82,58.922,84.9982,14,2
2011,AUT,2.9275,3.2866,4.564,60.0445,83.9471,14,2
2012,AUT,0.6282,2.4857,4.865,61.4272,84.0176,14,2
2013,AUT,-0.2507,2.0002,5.335,62.1796,84.6126,14,2
2014,AUT,0.7558,1.6058,5.62,62.7156,83.6031,14,2
2015,AUT,1.3035,0.8966,5.723,64.4651,83.9175,14,2
2016,AUT,2.1172,0.8916,6.013,65.4782,83.1998,14,2
2017,AUT,2.2722,2.0813,5.499,66.5922,82.5822,14,2
2018,AUT,2.4842,1.9984,4.848,67.6087,82.4799,14,2
2019,AUT,1.755,1.5309,4.487,68.7509,82.3175,14,2
2020,AUT,-6.3183,1.3819,5.363,68.1908,83.6285,14,2
2021,AUT,4.9231,2.7667,6.181,72.7424,82.9455,14,2
2022,AUT,5.331,8.5469,4.741,77.0573,82.673,14,2
2023,AUT,-0.7862,7.8141,5.099,77.0028,81.9279,14,2
2024,AUT,-0.6591,2.9379,5.161,84.1892,81.4482,14,2
2000,BEL,3.7167,2.5445,7.009,53.9798,82.1186,14,2
2002,BEL,1.7069,1.6452,7.514,55.5875,83.2818,14,2
2003,BEL,1.038,1.589,8.174,56.4289,83.7351,14,2
2004,BEL,3.5712,2.0973,8.392,58.5241,82.2754,14,2
2005,BEL,2.3217,2.7814,8.44,59.8635,83.6699,14,2
2006,BEL,2.5524,1.7912,8.246,60.9949,83.6337,14,2
2007,BEL,3.6769,1.8231,7.458,62.549,84.4849,14,2
2008,BEL,0.4469,4.4894,6.976,62.8555,83.5449,14,2
2009,BEL,-1.9064,-0.0531,7.908,62.9543,83.8312,14,2
2010,BEL,2.7103,2.1893,8.292,64.3502,83.5094,14,2
2011,BEL,1.9312,3.5321,7.14,64.8559,81.6238,14,2
2012,BEL,0.2158,2.8397,7.542,65.7525,81.9102,14,2
2013,BEL,0.3055,1.1131,8.425,66.8962,82.5471,14,2
2014,BEL,1.7655,0.34,8.523,68.3739,82.5192,14,2
2015,BEL,1.4741,0.5614,8.482,69.4232,83.4984,14,2
2016,BEL,1.1935,1.9739,7.83,70.4229,83.3902,14,2
2017,BEL,1.4744,2.126,7.086,71.0996,82.4162,14,2
2018,BEL,1.878,2.0532,5.948,72.0613,82.8552,14,2
2019,BEL,2.4429,1.4368,5.36,74.1659,82.1826,14,2
2020,BEL,-4.793,0.7408,5.555,78.1207,83.4547,14,2
2021,BEL,6.2544,2.4402,6.264,77.6871,83.8366,14,2
2022,BEL,4.0246,9.5975,5.558,80.6078,83.8191,14,2
2023,BEL,1.5613,4.049,5.528,81.8242,83.37,14,2
2024,BEL,1.0978,3.1435,5.701,83.8065,83.0542,14,2
2000,CAN,5.1385,2.7194,6.821,45.873,85.1962,3,2
2002,CAN,2.9993,2.2584,7.656,47.9284,85.3729,3,2
2003,CAN,1.8064,2.7586,7.563,48.7039,85.3155,3,2
2004,CAN,3.0924,1.8573,7.176,49.7317,84.3937,3,2
2005,CAN,3.2105,2.2136,6.751,51.671,83.2301,3,2
2006,CAN,2.6379,2.002,6.473,52.9844,84.2116,3,2
2007,CAN,2.0499,2.1384,6.152,53.7143,84.5261,3,2
2008,CAN,0.9954,2.3703,6.271,54.3522,83.8455,3,2
2009,CAN,-2.9151,0.2995,8.451,54.2476,83.0089,3,2
2010,CAN,3.0908,1.7769,8.169,55.0923,81.5556,3,2
2011,CAN,3.1372,2.9121,7.644,56.7091,81.7957,3,2
2012,CAN,1.7557,1.5157,7.421,56.9353,82.176,3,2
2013,CAN,2.3258,0.9383,7.168,58.3997,82.4642,3,2
2014,CAN,2.8735,1.9066,7.037,60.5491,81.7115,3,2
2015,CAN,0.65,1.1252,6.982,59.9329,84.5437,3,2
2016,CAN,1.0386,1.4288,7.06,60.9056,84.8133,3,2
2017,CAN,3.0338,1.5969,6.438,62.4717,85.4404,3,2
2018,CAN,2.743,2.2682,5.834,63.2152,85.2203,3,2
2019,CAN,1.9084,1.9493,5.685,63.7648,84.7787,3,2
2020,CAN,-5.0382,0.717,9.652,69.2583,84.8079,3,2
2021,CAN,5.9505,3.3952,7.511,69.5863,82.6249,3,2
2022,CAN,4.6954,6.8028,5.268,72.1381,82.6947,3,2
2023,CAN,1.9531,3.879,5.384,71.6049,83.3015,3,2
2024,CAN,2.0463,2.3816,6.345,72.4769,83.1661,3,2
2000,CHE,3.6332,1.5585,2.657,61.5895,84.1568,14,2
2002,CHE,0.3804,0.6427,2.924,63.9838,85.1303,14,2
2003,CHE,-0.2842,0.6383,4.117,63.9769,85.3937,14,2
2004,CHE,2.5869,0.8029,4.316,64.578,84.9039,14,2
2005,CHE,2.9521,1.172,4.437,66.371,85.0663,14,2
2006,CHE,4.1343,1.0595,3.995,69.3201,85.6854,14,2
2007,CHE,3.9832,0.7324,3.641,71.9811,85.6812,14,2
2008,CHE,2.5316,2.426,3.35,73.5262,85.639,14,2
2009,CHE,-1.9349,-0.4805,4.109,72.2469,85.9103,14,2
2010,CHE,3.2606,0.6882,4.808,76.3546,85.831,14,2
2011,CHE,1.4077,0.2313,4.409,76.6346,85.9196,14,2
2012,CHE,1.1241,-0.6926,4.491,77.4517,85.897,14,2
2013,CHE,1.8361,-0.2173,4.747,79.3649,85.6953,14,2
2014,CHE,2.5434,-0.0132,4.826,80.2927,85.4003,14,2
2015,CHE,1.4545,-1.1439,4.801,79.9013,85.4125,14,2
2016,CHE,1.9116,-0.4346,4.918,80.6739,85.5404,14,2
2017,CHE,1.4203,0.5338,4.797,82.0322,85.9951,14,2
2018,CHE,3.3274,0.9363,4.713,84.3892,86.1503,14,2
2019,CHE,1.1153,0.3629,4.394,85.579,85.7185,14,2
2020,CHE,-2.2553,-0.7259,4.817,87.2208,85.5364,14,2
2021,CHE,6.1762,0.5818,5.013,91.0476,86.2236,14,2
2022,CHE,3.5343,2.835,4.122,95.2949,86.3321,14,2
2023,CHE,0.8256,2.1354,4.043,94.4219,85.292,14,2
2024,CHE,1.3903,1.0623,4.343,97.3935,85.5925,14,2
2000,CHL,4.9716,3.8433,10.481,3061.7588,75.1836,3,2
2002,CHL,3.2028,2.4894,10.166,3255.7345,77.376,3,2
2003,CHL,4.7232,2.8102,9.76,3345.2031,76.5771,3,2
2004,CHL,6.6743,1.0547,10.151,3552.9133,77.1221,3,2
2005,CHL,5.837,3.0526,9.336,3835.2046,79.7501,3,2
2006,CHL,6.05,3.392,9.023,4151.9405,79.7066,3,2
2007,CHL,5.1682,4.4078,8.434,4399.9769,79.8477,3,2
2008,CHL,3.7894,8.7163,9.278,4509.1265,78.6226,3,2
2009,CHL,-1.118,0.353,11.285,4597.7412,79.1641,3,2
2010,CHL,5.8517,1.4107,8.284,4531.4687,78.8909,3,2
2011,CHL,6.2239,3.3412,7.309,4690.3696,76.9877,3,2
2012,CHL,6.1553,3.0074,6.596,4939.726,76.902,3,2
2013,CHL,3.3085,1.7896,6.089,5059.4375,76.8527,3,2
2014,CHL,1.7926,4.7187,6.498,5272.5926,77.0395,3,2
2015,CHL,2.1519,4.3488,6.332,5401.6351,76.5717,3,2
2016,CHL,1.753,3.7862,6.69,5587.4968,76.348,3,2
2017,CHL,1.3577,2.1827,6.964,5694.595,76.2719,3,2
2018,CHL,3.99,2.4349,7.377,5856.6144,76.4034,3,2
2019,CHL,0.6442,2.5575,7.22,5900.3565,75.7695,3,2
2020,CHL,-6.1397,3.0455,10.521,6992.9833,75.3229,3,2
2021,CHL,11.3374,4.5246,8.811,7295.9745,74.2701,3,2
2022,CHL,2.0639,11.6439,7.883,7101.8442,74.5244,3,2
2023,CHL,0.677,7.5817,8.681,7262.3861,74.8458,3,2
2024,CHL,2.8051,7.5817,8.472,7262.3861,74.25,3,2
2000,COL,6.7169,9.2253,15.04,5211.455,46.4838,4,2
2002,COL,6.7169,6.3515,15.633,5320.4929,48.378,4,2
2003,COL,6.7169,7.1298,14.189,5479.1038,48.4318,4,2
2004,COL,6.7169,5.904,13.717,5941.121,52.5017,4,2
2005,COL,6.7169,5.051,11.87,6196.5851,52.669,4,2
2006,COL,6.7169,4.2934,11.5755,6729.1921,53.8272,4,2
2007,COL,6.7382,5.5444,11.281,7143.6164,54.6667,4,2
2008,COL,3.2834,6.9969,11.387,7357.3286,54.801,4,2
2009,COL,1.1396,4.2025,12.2,7279.2247,54.4024,4,2
2010,COL,4.4947,2.272,11.985,7424.6552,54.2907,4,2
2011,COL,6.9479,3.415,11.051,7881.0624,56.6932,4,2
2012,COL,3.9126,3.1693,10.626,8094.3883,55.93,4,2
2013,COL,5.134,2.017,9.901,8458.6894,54.8881,4,2
2014,COL,4.499,2.8988,9.397,8767.2708,55.8547,4,2
2015,COL,2.9559,4.9898,9.19,8946.2962,57.1434,4,2
2016,COL,2.0874,7.5135,9.539,9327.2001,57.4468,4,2
2017,COL,1.3594,4.3143,9.669,9651.8989,57.2127,4,2
2018,COL,2.5643,3.2406,9.961,10008.8134,58.2794,4,2
2019,COL,3.1869,3.523,10.882,10524.7742,58.2586,4,2
2020,COL,-7.1859,2.5266,16.528,12674.1678,57.9483,4,2
2021,COL,10.8012,3.4951,13.794,12330.4406,56.6768,4,2
2022,COL,7.3283,10.1772,11.209,13228.3017,57.3543,4,2
2023,COL,0.8418,11.7359,10.157,13551.7705,57.3812,4,2
2024,COL,1.4933,6.6091,10.158,11132.7364,57.4542,4,2
2000,CRI,3.8021,10.9616,5.082,1659.6055,75.8556,14,2
2002,CRI,3.4169,9.1675,6.334,1730.3183,76.5935,14,2
2003,CRI,4.3172,9.4476,6.558,1798.7343,75.7827,14,2
2004,CRI,4.4246,12.3148,6.391,1906.3874,75.2066,14,2
2005,CRI,3.9767,13.7983,6.571,1941.1966,74.7613,14,2
2006,CRI,7.3267,11.4706,5.74,2097.4427,75.2606,14,2
2007,CRI,8.2151,9.3572,4.49,2199.885,75.4713,14,2
2008,CRI,4.7382,13.4245,4.781,2360.6633,74.8269,14,2
2009,CRI,-0.8735,7.8427,7.713,2516.5504,75.397,14,2
2010,CRI,5.3603,5.6628,8.916,2885.054,76.437,14,2
2011,CRI,4.4032,4.878,10.308,3081.2964,76.281,14,2
2012,CRI,4.8826,4.4955,10.172,3099.7041,76.0541,14,2
2013,CRI,2.4948,5.2313,9.381,3327.511,75.9116,14,2
2014,CRI,3.5421,4.5192,9.62,3507.3014,76.8298,14,2
2015,CRI,3.6521,0.802,9.613,3686.6117,77.1279,14,2
2016,CRI,4.2043,-0.0175,9.538,3884.1801,76.7772,14,2
2017,CRI,4.1577,1.6259,9.071,4030.2207,77.4405,14,2
2018,CRI,2.8529,2.2211,10.281,4148.5937,77.9698,14,2
2019,CRI,2.7081,2.096,11.76,4317.2579,77.8035,14,2
2020,CRI,-4.1416,0.7249,19.462,4993.8957,77.8893,14,2
2021,CRI,8.2182,1.7265,16.427,4786.8693,76.57,14,2
2022,CRI,5.4612,1.7265,12.216,4711.0628,76.2946,14,2
2023,CRI,4.7919,1.7265,8.916,5032.1176,76.074,14,2
2024,CRI,4.0829,1.7265,7.445,5032.1176,74.5526,14,2
2000,CZE,4.0107,3.7754,8.764,176.2619,69.4788,8,2
2002,CZE,1.5135,1.903,7.289,198.3316,72.3867,8,2
2003,CZE,3.3008,0.1187,7.778,209.3515,73.2182,8,2
2004,CZE,4.7363,2.7601,8.294,221.5139,71.499,8,2
2005,CZE,6.375,1.8571,7.926,232.6035,73.7428,8,2
2006,CZE,6.6232,2.534,7.138,247.3538,74.3537,8,2
2007,CZE,5.4888,2.8531,5.316,261.6763,73.583,8,2
2008,CZE,2.6123,6.3587,4.396,263.1316,74.5858,8,2
2009,CZE,-4.7983,1.0194,6.662,259.6946,74.3666,8,2
2010,CZE,2.7147,1.4727,7.283,266.0144,73.6576,8,2
2011,CZE,1.7724,1.9172,6.725,271.1264,72.9508,8,2
2012,CZE,-0.7707,3.2876,6.979,273.8795,72.3471,8,2
2013,CZE,-0.0418,1.4383,6.953,276.7279,72.8109,8,2
2014,CZE,2.2452,0.344,6.108,283.2624,73.6818,8,2
2015,CZE,4.9588,0.3094,5.048,298.43,74.1253,8,2
2016,CZE,2.5809,0.6835,3.952,301.3479,74.04,8,2
2017,CZE,5.1736,2.4505,2.893,314.9366,71.3494,8,2
2018,CZE,2.8303,2.1495,2.246,323.0285,70.211,8,2
2019,CZE,3.5658,2.8479,2.016,341.5591,72.4006,8,2
2020,CZE,-5.3049,3.1613,2.551,360.6882,74.3891,8,2
2021,CZE,4.029,3.8398,2.806,367.8246,75.0613,8,2
2022,CZE,2.8472,15.1002,2.319,378.0603,75.8364,8,2
2023,CZE,0.0476,10.6613,2.579,389.5921,76.7907,8,2
2024,CZE,1.2513,2.4353,2.603,398.3415,78.8095,8,2
2000,DEU,2.8797,1.4403,7.748,47.8614,84.7484,3,2
2002,DEU,-0.2342,1.4208,8.567,50.3569,83.805,3,2
2003,DEU,-0.5298,1.0342,9.267,51.3015,82.8235,3,2
2004,DEU,1.1651,1.6657,10.289,52.2616,82.7066,3,2
2005,DEU,0.8884,1.5469,11.148,53.3344,84.2995,3,2
2006,DEU,3.8576,1.5774,10.293,54.6727,84.5316,3,2
2007,DEU,2.8921,2.2983,8.637,55.8457,84.4211,3,2
2008,DEU,0.8879,2.6284,7.511,56.3275,83.9182,3,2
2009,DEU,-5.5501,0.3127,7.726,55.2734,84.6882,3,2
2010,DEU,4.1436,1.1038,7.058,56.8141,83.2911,3,2
2011,DEU,3.7579,2.0752,5.819,58.8227,83.4342,3,2
2012,DEU,0.4662,2.0085,5.374,59.6939,83.5802,3,2
2013,DEU,0.3943,1.5047,5.231,60.7049,83.6049,3,2
2014,DEU,2.1775,0.9068,4.976,61.9411,84.0353,3,2
2015,DEU,1.663,0.5144,4.624,62.6332,84.7084,3,2
2016,DEU,2.2171,0.4917,4.122,64.4643,83.358,3,2
2017,DEU,2.8056,1.5095,3.746,66.316,83.5118,3,2
2018,DEU,1.1332,1.7322,3.384,67.3663,83.8472,3,2
2019,DEU,0.9729,1.4457,3.136,68.978,83.6924,3,2
2020,DEU,-4.1273,0.1449,3.94,70.5145,84.861,3,2
2021,DEU,3.9125,3.0667,3.637,72.4704,84.4494,3,2
2022,DEU,1.8068,6.8726,3.166,74.9499,84.1299,3,2
2023,DEU,-0.872,5.9464,3.068,75.9526,84.7053,3,2
2024,DEU,-0.4959,2.2565,3.385,77.6249,84.8209,3,2
2000,DNK,3.724,2.9033,4.429,225.9373,86.0778,3,2
2002,DNK,0.4565,2.4244,4.363,231.9571,87.0867,3,2
2003,DNK,0.4411,2.0751,5.306,237.2732,87.5624,3,2
2004,DNK,2.7764,1.1544,5.354,247.4954,87.2407,3,2
2005,DNK,2.3596,1.8178,4.58,253.8896,86.7946,3,2
2006,DNK,3.8165,1.9242,3.488,259.7282,88.3775,3,2
2007,DNK,0.9872,1.6933,3.376,263.3726,87.2727,3,2
2008,DNK,-0.4172,3.4163,2.906,264.8102,88.2666,3,2
2009,DNK,-4.9745,1.3047,6.296,263.2491,88.6537,3,2
2010,DNK,1.5829,2.3109,7.598,276.9949,87.541,3,2
2011,DNK,1.3108,2.7587,7.672,279.2044,87.5484,3,2
2012,DNK,-0.0054,2.3979,7.67,286.8283,89.1101,3,2
2013,DNK,1.3927,0.7891,7.241,291.8309,88.7378,3,2
2014,DNK,1.278,0.564,6.825,297.6692,86.3617,3,2
2015,DNK,2.1044,0.452,6.082,301.6197,88.4047,3,2
2016,DNK,3.0731,0.25,5.757,305.959,88.3688,3,2
2017,DNK,3.0565,1.1471,5.71,314.6251,86.5174,3,2
2018,DNK,1.86,0.8136,4.83,322.154,88.0317,3,2
2019,DNK,1.7114,0.7581,4.726,327.2497,88.1419,3,2
2020,DNK,-1.7801,0.4207,5.503,337.9765,89.6133,3,2
2021,DNK,6.5003,1.853,4.768,346.3632,90.3144,3,2
2022,DNK,0.4438,7.6966,3.892,354.778,90.3306,3,2
2023,DNK,0.6046,3.3052,4.634,352.9734,90.4769,3,2
2024,DNK,3.4778,1.3722,5.938,366.8651,90.0154,3,2
2000,ESP,5.2008,3.4335,13.863,33.9842,79.1183,8,2
2002,ESP,2.7555,3.0657,11.45,35.1255,79.4626,8,2
2003,ESP,2.9393,3.0389,11.483,35.6059,77.7688,8,2
2004,ESP,3.1145,3.0392,10.962,36.2154,78.4131,8,2
2005,ESP,3.5511,3.3688,9.146,36.9215,78.0992,8,2
2006,ESP,4.0434,3.5156,8.452,38.1896,78.6807,8,2
2007,ESP,3.5336,2.7868,8.232,39.2285,79.8538,8,2
2008,ESP,0.7673,4.0753,11.255,39.7894,80.8442,8,2
2009,ESP,-3.7682,-0.2878,17.857,40.8736,80.0374,8,2
2010,ESP,0.0942,1.7999,19.86,41.7893,79.0215,8,2
2011,ESP,-0.6399,3.1961,21.391,42.5953,77.2266,8,2
2012,ESP,-2.8653,2.4461,24.787,43.7485,77.6944,8,2
2013,ESP,-1.4271,1.4086,26.094,44.8391,74.6541,8,2
2014,ESP,1.5204,-0.1511,24.441,45.2426,75.3334,8,2
2015,ESP,4.061,-0.5004,22.057,45.7861,76.0518,8,2
2016,ESP,2.9151,-0.2026,19.635,46.4749,76.0218,8,2
2017,ESP,2.896,1.9561,17.224,47.3588,75.6211,8,2
2018,ESP,2.3954,1.675,15.255,47.5758,75.3327,8,2
2019,ESP,1.9613,0.6995,14.104,48.679,75.9826,8,2
2020,ESP,-10.9401,-0.3228,15.532,48.9219,77.1336,8,2
2021,ESP,6.6831,3.0931,14.914,49.7641,76.7747,8,2
2022,ESP,6.3704,8.3906,13.033,52.2174,76.8995,8,2
2023,ESP,2.4608,3.5324,12.179,53.8598,77.0174,8,2
2024,ESP,3.4553,2.7742,11.344,55.6884,76.9498,8,2
2000,EST,10.0876,4.0185,14.535,14.1778,75.5105,4,2
2002,EST,6.933,3.5719,11.192,16.4653,74.195,4,2
2003,EST,7.5963,1.335,10.307,17.521,75.1218,4,2
2004,EST,6.8007,3.0481,10.105,18.9349,75.0547,4,2
2005,EST,9.5231,4.0797,8.01,20.3713,75.2784,4,2
2006,EST,9.7626,4.4376,5.903,21.8951,74.8737,4,2
2007,EST,7.5709,6.6013,4.582,24.262,75.0732,4,2
2008,EST,-5.1253,10.3624,5.438,24.1119,75.0822,4,2
2009,EST,-14.6302,-0.0784,13.504,24.9282,75.7036,4,2
2010,EST,2.4497,2.972,16.654,26.5259,76.4266,4,2
2011,EST,7.607,4.9819,12.287,26.7892,77.7367,4,2
2012,EST,3.672,3.9334,9.966,28.1627,77.0301,4,2
2013,EST,1.7565,2.7806,8.596,29.1021,76.8619,4,2
2014,EST,3.3228,-0.1062,7.321,30.2505,78.1605,4,2
2015,EST,1.8382,-0.4923,6.164,30.0748,78.882,4,2
2016,EST,3.093,0.1487,6.736,31.3662,79.0334,4,2
2017,EST,5.6347,3.4172,5.74,32.6669,79.5407,4,2
2018,EST,3.6997,3.4363,5.353,35.4792,79.1,4,2
2019,EST,3.7267,2.2773,4.434,37.5157,81.5184,4,2
2020,EST,-2.8838,-0.4445,6.777,35.0453,81.602,4,2
2021,EST,8.2549,4.6532,6.178,42.32,81.4628,4,2
2022,EST,-1.2262,19.3983,5.571,43.438,81.656,4,2
2023,EST,-2.7442,9.1592,6.378,41.8247,81.3059,4,2
2024,EST,-0.09,3.5206,7.499,48.8956,81.6065,4,2
2000,FIN,5.7536,3.0421,9.732,45.8138,86.3089,8,2
2002,FIN,1.6873,1.5712,8.98,47.8101,87.2647,8,2
2003,FIN,2.0118,0.8774,8.966,48.8322,86.7084,8,2
2004,FIN,4.0053,0.1871,8.785,50.8855,86.9487,8,2
2005,FIN,2.7778,0.6239,8.371,51.9739,86.5615,8,2
2006,FIN,4.0195,1.5667,7.638,53.7362,86.8399,8,2
2007,FIN,5.3132,2.5107,6.827,56.3731,86.348,8,2
2008,FIN,0.784,4.066,6.344,56.7389,86.4439,8,2
2009,FIN,-8.0759,0.0,8.222,54.8354,86.1464,8,2
2010,FIN,3.1677,1.1841,8.395,56.8513,85.9659,8,2
2011,FIN,2.3894,3.4168,7.732,58.3271,86.492,8,2
2012,FIN,-1.5233,2.8083,7.61,58.0965,88.6959,8,2
2013,FIN,-0.9797,1.4783,8.12,59.0097,87.6527,8,2
2014,FIN,-0.4781,1.0412,8.531,59.5901,87.455,8,2
2015,FIN,0.4665,-0.2079,9.265,60.1819,88.9117,8,2
2016,FIN,2.5719,0.3567,8.76,61.8989,88.5676,8,2
2017,FIN,3.3034,0.754,8.587,64.3747,88.2802,8,2
2018,FIN,1.193,1.0838,7.312,64.3659,89.3361,8,2
2019,FIN,1.3497,1.0241,6.65,65.7282,88.9448,8,2
2020,FIN,-2.491,0.2906,7.702,64.5741,90.3688,8,2
2021,FIN,2.6763,2.1946,7.607,68.4788,90.349,8,2
2022,FIN,0.763,7.1235,6.719,69.6588,90.2349,8,2
2023,FIN,-1.2893,6.2506,7.147,70.0244,89.1357,8,2
2024,FIN,0.3746,1.5657,8.325,75.7357,89.2911,8,2
2000,FRA,4.1411,1.676,8.557,49.2852,78.3023,14,2
2002,FRA,1.0677,1.9234,7.919,52.7099,78.4911,14,2
2003,FRA,0.9678,2.0985,8.527,53.0983,78.4371,14,2
2004,FRA,2.8683,2.1421,8.867,53.9801,79.1034,14,2
2005,FRA,1.8886,1.7459,8.867,55.2511,83.1882,14,2
2006,FRA,2.7141,1.6751,8.816,57.4809,80.6061,14,2
2007,FRA,2.5304,1.488,7.994,57.9248,81.5281,14,2
2008,FRA,0.3802,2.8129,7.419,58.2722,81.3966,14,2
2009,FRA,-2.8246,0.0876,9.105,58.0379,81.2145,14,2
2010,FRA,2.0003,1.5311,9.25,59.2488,80.1958,14,2
2011,FRA,2.4376,2.1116,9.198,60.4634,78.2503,14,2
2012,FRA,0.1838,1.9542,9.77,60.8299,79.8369,14,2
2013,FRA,0.7818,0.8637,10.295,62.6192,78.3724,14,2
2014,FRA,0.9978,0.5078,10.28,63.5122,78.0391,14,2
2015,FRA,1.0668,0.0375,10.351,64.3374,78.3724,14,2
2016,FRA,0.86,0.1833,10.052,65.0499,77.5657,14,2
2017,FRA,2.0836,1.0323,9.401,66.7148,77.2018,14,2
2018,FRA,1.6459,1.8508,9.056,67.4825,77.0231,14,2
2019,FRA,2.0274,1.1083,8.443,69.5526,76.5451,14,2
2020,FRA,-7.4406,0.4765,8.009,66.7787,77.5439,14,2
2021,FRA,6.8823,1.6423,7.86,70.2116,77.2413,14,2
2022,FRA,2.7168,5.2224,7.308,70.5021,77.4969,14,2
2023,FRA,1.4392,4.8784,7.335,71.9421,77.4024,14,2
2024,FRA,1.1905,1.999,7.388,73.206,76.9538,14,2
2000,GBR,4.5244,1.2,5.383,41.3474,81.1379,7,2
2002,GBR,1.709,1.5,5.018,43.6819,82.5242,7,2
2003,GBR,3.2185,1.4,4.802,45.2101,82.5184,7,2
2004,GBR,2.326,1.4,4.771,46.4209,82.0252,7,2
2005,GBR,2.7907,2.1,4.902,46.812,82.1612,7,2
2006,GBR,2.1898,2.5,5.353,48.7297,82.3416,7,2
2007,GBR,2.9309,2.4,5.159,49.6057,81.5867,7,2
2008,GBR,-0.0494,3.5,5.676,49.933,81.2265,7,2
2009,GBR,-4.5874,2.0,7.638,49.3252,81.4343,7,2
2010,GBR,2.2605,2.5,7.632,50.8584,80.8642,7,2
2011,GBR,0.8514,3.8,8.006,51.8361,81.8015,7,2
2012,GBR,1.5283,2.6,7.87,51.9334,81.6321,7,2
2013,GBR,1.7185,2.3,7.508,52.1556,81.5231,7,2
2014,GBR,3.1602,1.5,6.235,52.9341,81.011,7,2
2015,GBR,2.1404,0.4,5.252,53.703,82.4516,7,2
2016,GBR,2.2065,1.0,4.852,53.6148,82.5482,7,2
2017,GBR,3.0232,2.6,4.375,55.6612,81.7676,7,2
2018,GBR,1.5513,2.3,4.152,56.2634,80.9247,7,2
2019,GBR,1.2563,1.7,3.87,57.6799,79.7383,7,2
2020,GBR,-10.0479,1.0,4.609,60.929,79.9058,7,2
2021,GBR,8.5431,2.5,4.42,59.2549,79.4801,7,2
2022,GBR,5.1497,7.9,3.541,63.0051,79.9192,7,2
2023,GBR,0.2717,6.8,3.669,63.7094,78.7618,7,2
2024,GBR,1.0396,3.3,3.759,70.6333,79.6132,7,2
2000,GRC,4.1378,3.1512,11.35,24.3712,78.3414,14,2
2002,GRC,4.6831,3.6294,10.353,26.9352,76.6197,14,2
2003,GRC,5.7968,3.5307,9.792,28.383,77.518,14,2
2004,GRC,5.3779,2.8988,10.59,29.5499,76.915,14,2
2005,GRC,1.1835,3.5451,9.994,28.9475,77.0494,14,2
2006,GRC,6.4434,3.1959,9.008,31.0049,77.696,14,2
2007,GRC,3.5069,2.895,8.396,32.0494,78.2776,14,2
2008,GRC,0.0575,4.1528,7.76,32.4365,76.0837,14,2
2009,GRC,-4.1193,1.2101,9.616,32.0638,76.9489,14,2
2010,GRC,-5.6937,4.713,12.713,31.7038,74.5183,14,2
2011,GRC,-9.8768,3.3299,17.865,29.7906,73.2601,14,2
2012,GRC,-8.3311,1.5015,24.439,28.144,69.2308,14,2
2013,GRC,-2.2721,-0.9213,27.466,27.9574,68.6771,14,2
2014,GRC,0.7922,-1.3122,26.491,27.8801,68.9195,14,2
2015,GRC,-0.2283,-1.7359,24.897,28.8792,68.5276,14,2
2016,GRC,-0.0318,-0.8257,23.539,28.0285,68.7174,14,2
2017,GRC,1.4731,1.1213,21.488,28.7595,68.4515,14,2
2018,GRC,2.0647,0.6256,19.292,27.9886,69.0929,14,2
2019,GRC,2.2772,0.253,17.313,29.0794,69.7012,14,2
2020,GRC,-9.1962,-1.248,16.305,27.0234,71.8205,14,2
2021,GRC,8.6545,1.2238,14.714,29.4991,70.8235,14,2
2022,GRC,5.522,9.6453,12.438,31.181,70.7123,14,2
2023,GRC,2.1359,3.4648,11.066,31.9884,71.378,14,2
2024,GRC,2.0866,2.7415,10.089,36.9863,70.5336,14,2
2000,HUN,4.4094,9.8036,6.401,1426.7678,76.8838,1,2
2002,HUN,4.7301,5.2654,5.811,1687.2333,75.3859,1,2
2003,HUN,3.9388,4.661,5.868,1784.1213,76.2019,1,2
2004,HUN,4.9631,6.7443,6.089,1930.3429,74.5321,1,2
2005,HUN,4.3003,3.5615,7.228,2073.44,76.9194,1,2
2006,HUN,3.9339,3.9303,7.499,2175.4639,75.8174,1,2
2007,HUN,0.3324,7.9587,7.406,2268.6898,75.3629,1,2
2008,HUN,0.9934,6.0425,7.818,2387.3251,73.8407,1,2
2009,HUN,-6.7402,4.2117,9.681,2353.1022,73.8942,1,2
2010,HUN,1.068,4.8556,10.801,2416.1552,73.4563,1,2
2011,HUN,1.9167,3.9299,10.655,2502.5452,72.3519,1,2
2012,HUN,-1.3395,5.6521,10.668,2478.9608,69.5198,1,2
2013,HUN,2.0322,1.7332,9.849,2527.984,68.613,1,2
2014,HUN,4.3344,-0.2276,7.51,2553.3054,65.8318,1,2
2015,HUN,3.6598,-0.0616,6.627,2624.4817,64.8981,1,2
2016,HUN,2.4386,0.3948,4.972,2598.27,63.3774,1,2
2017,HUN,4.1242,2.3482,4.042,2716.586,62.6935,1,2
2018,HUN,5.6061,2.8502,3.667,2904.2618,59.226,1,2
2019,HUN,5.0772,3.3386,3.411,3107.4097,59.2025,1,2
2020,HUN,-4.3387,3.3267,4.248,3239.0032,59.7687,1,2
2021,HUN,7.2229,5.111,4.028,3454.1906,58.2541,1,2
2022,HUN,4.1524,14.6081,3.593,3785.6309,57.632,1,2
2023,HUN,-0.8171,17.125,4.108,4103.5235,56.0301,1,2
2024,HUN,0.7091,3.7037,4.48,4285.6142,56.3639,1,2
2000,IRL,9.4035,5.5776,4.885,42.5641,81.1374,7,1
2002,IRL,5.8994,4.6282,4.759,48.2591,80.7612,7,1
2003,IRL,3.0138,3.4922,4.907,50.2036,81.9056,7,1
2004,IRL,6.7881,2.1785,4.802,52.5791,80.3431,7,1
2005,IRL,5.7398,2.4565,5.008,53.5311,84.9428,7,1
2006,IRL,4.9879,3.9358,4.892,55.6156,83.6649,7,1
2007,IRL,5.3101,4.8857,4.797,57.5667,84.023,7,1
2008,IRL,-4.4841,4.0357,6.602,56.6868,84.3089,7,1
2009,IRL,-5.0958,-4.4475,12.558,59.9175,82.2234,7,1
2010,IRL,1.683,-0.9184,14.449,63.7214,80.9135,7,1
2011,IRL,1.6089,2.549,15.335,66.8198,80.6915,7,1
2012,IRL,-0.405,1.6947,15.419,67.9408,80.7225,7,1
2013,IRL,2.1929,0.5151,13.711,67.3715,80.5464,7,1
2014,IRL,9.3858,0.1909,11.833,71.2536,80.6613,7,1
2015,IRL,24.624,-0.331,9.869,90.0361,81.2097,7,1
2016,IRL,1.2227,0.0201,8.288,87.1046,80.943,7,1
2017,IRL,10.1089,0.3622,6.582,92.4555,81.3302,7,1
2018,IRL,7.6887,0.4711,5.433,96.4093,81.9187,7,1
2019,IRL,4.9729,0.9378,4.392,99.6228,82.1491,7,1
2020,IRL,7.1537,-0.3262,4.829,112.4272,83.1222,7,1
2021,IRL,16.2582,2.3403,5.365,128.6897,84.4813,7,1
2022,IRL,7.5111,7.8295,3.345,133.3119,84.8842,7,1
2023,IRL,-2.5364,6.2994,3.185,127.3984,85.3237,7,1
2024,IRL,2.5995,2.1134,3.113,131.4925,85.5125,7,1
2000,ISL,4.9052,5.1365,2.31,2475.9916,82.6259,15,2
2002,ISL,0.5423,5.197,3.251,2728.798,83.8666,15,2
2003,ISL,2.2814,2.0557,3.522,2824.7996,84.3183,15,2
2004,ISL,7.6226,3.1582,3.401,3040.6597,83.1775,15,2
2005,ISL,7.0293,3.987,2.866,3169.2034,84.4697,15,2
2006,ISL,5.6716,6.6871,3.219,3335.8086,85.2526,15,2
2007,ISL,8.7413,5.0516,2.482,3591.7295,85.6646,15,2
2008,ISL,1.6996,12.6944,3.329,3630.3129,85.6308,15,2
2009,ISL,-8.3215,12.0031,8.015,4012.8492,84.6745,15,2
2010,ISL,-2.2218,5.3967,8.307,4086.9492,83.9651,15,2
2011,ISL,1.38,4.001,7.688,4141.6456,83.0701,15,2
2012,ISL,1.1693,5.1859,6.626,4211.851,83.2688,15,2
2013,ISL,3.597,3.8723,5.841,4329.5019,83.8659,15,2
2014,ISL,1.9138,2.0446,5.404,4412.5275,82.9094,15,2
2015,ISL,3.7686,1.6331,4.501,4609.5648,83.4046,15,2
2016,ISL,6.2181,1.6969,3.345,4718.0241,83.65,15,2
2017,ISL,3.4851,1.7604,3.284,4776.4918,83.1207,15,2
2018,ISL,4.6608,2.6829,3.105,4965.5236,83.0383,15,2
2019,ISL,1.1382,3.014,3.923,5220.1318,83.007,15,2
2020,ISL,-6.6459,2.8479,6.424,7005.6744,82.2884,15,2
2021,ISL,5.1806,4.4442,5.988,5650.8557,82.3109,15,2
2022,ISL,8.8573,8.3088,3.732,6014.884,81.9022,15,2
2023,ISL,5.0323,8.7363,3.363,6285.4982,81.5218,15,2
2024,ISL,-1.2829,5.8568,3.558,6419.1649,81.7864,15,2
2000,ISR,8.6889,1.0326,11.042,76.3506,65.2663,14,2
2002,ISR,-0.1052,5.8023,12.785,79.387,65.9259,14,2
2003,ISR,1.3177,0.7076,13.386,79.8957,66.9395,14,2
2004,ISR,4.6901,-0.4216,12.913,83.0865,66.6389,14,2
2005,ISR,4.6424,1.3407,11.262,84.2187,66.9237,14,2
2006,ISR,5.3922,2.0541,10.649,87.0374,70.4783,14,2
2007,ISR,6.3266,0.4662,9.343,88.5239,69.3395,14,2
2008,ISR,3.3574,4.5274,7.687,88.3871,68.928,14,2
2009,ISR,1.0977,3.3676,9.485,89.4083,68.6819,14,2
2010,ISR,5.5125,2.7027,8.459,92.2998,67.5895,14,2
2011,ISR,5.666,3.4884,7.133,95.3181,66.2923,14,2
2012,ISR,2.3966,1.6755,6.857,96.3162,65.5251,14,2
2013,ISR,4.1269,1.5898,6.208,99.0492,65.282,14,2
2014,ISR,3.9965,0.4676,5.89,100.5455,65.2042,14,2
2015,ISR,1.965,-0.6173,5.251,101.7295,65.3114,14,2
2016,ISR,4.1823,-0.5352,4.798,103.0094,65.7877,14,2
2017,ISR,4.4173,0.2498,4.215,105.0992,65.7818,14,2
2018,ISR,4.2123,0.8051,3.998,108.0031,66.4721,14,2
2019,ISR,3.5077,0.8176,3.803,112.2666,65.7521,14,2
2020,ISR,-1.6042,-0.5753,4.326,120.9376,66.6348,14,2
2021,ISR,9.3353,1.4797,4.956,125.3806,66.0798,14,2
2022,ISR,6.2079,4.4116,3.756,128.4366,65.8259,14,2
2023,ISR,1.9293,4.2252,3.423,130.1451,64.2039,14,2
2024,ISR,0.6302,3.0748,2.971,134.4313,62.0152,14,2
2000,ITA,3.8821,2.5377,10.518,44.1436,73.2475,3,2
2002,ITA,0.2699,2.4653,8.985,45.028,73.7092,3,2
2003,ITA,0.0666,2.6726,8.651,45.1861,73.2773,3,2
2004,ITA,1.474,2.2067,7.998,45.8748,73.5031,3,2
2005,ITA,0.7624,1.9853,7.73,46.4307,74.4874,3,2
2006,ITA,1.7995,2.0908,6.777,47.1352,77.6846,3,2
2007,ITA,1.4623,1.8297,6.075,47.7597,78.2185,3,2
2008,ITA,-1.0231,3.3478,6.723,48.3065,77.0466,3,2
2009,ITA,-5.3052,0.7748,7.749,47.9517,76.7924,3,2
2010,ITA,1.5292,1.5255,8.363,49.046,74.8425,3,2
2011,ITA,0.6955,2.7806,8.359,50.0027,71.6504,3,2
2012,ITA,-3.1252,3.0414,10.655,50.2255,72.3763,3,2
2013,ITA,-1.8181,1.22,12.149,51.067,72.7085,3,2
2014,ITA,-0.0014,0.2411,12.683,51.2895,73.9187,3,2
2015,ITA,0.8857,0.0388,11.896,51.538,74.721,3,2
2016,ITA,1.2362,-0.0941,11.688,52.3619,74.9664,3,2
2017,ITA,1.6038,1.2265,11.211,53.033,74.1498,3,2
2018,ITA,0.8266,1.1375,10.538,53.4119,72.736,3,2
2019,ITA,0.4291,0.6112,9.884,54.7075,72.4991,3,2
2020,ITA,-8.8682,-0.1377,9.192,57.3437,74.6993,3,2
2021,ITA,8.931,1.8738,9.497,57.2213,74.7078,3,2
2022,ITA,4.8211,8.2013,8.069,59.2431,75.0405,3,2
2023,ITA,0.9228,5.6222,7.627,59.276,75.8669,3,2
2024,ITA,0.783,0.9824,6.499,59.5483,75.5305,3,2
2000,JPN,2.9783,-0.7,4.774,2167.0168,75.1682,3,2
2002,JPN,0.085,-0.9,5.38,2210.2474,75.2402,3,2
2003,JPN,1.3801,-0.3,5.224,2223.4521,75.8499,3,2
2004,JPN,2.1129,0.0,4.683,2264.1296,74.3857,3,2
2005,JPN,1.8483,-0.3,4.407,2283.3412,75.4074,3,2
2006,JPN,1.5463,0.3,4.101,2277.4407,75.894,3,2
2007,JPN,1.7283,0.0,3.882,2286.4965,77.0953,3,2
2008,JPN,-1.1666,1.4,3.985,2269.7237,76.5678,3,2
2009,JPN,-5.9359,-1.4,5.035,2231.2398,78.7386,3,2
2010,JPN,4.1365,-0.7,5.024,2279.0191,78.8802,3,2
2011,JPN,-0.2004,-0.3,4.521,2275.4345,79.6123,3,2
2012,JPN,1.6489,0.0,4.348,2292.1472,79.5104,3,2
2013,JPN,1.9973,0.4,4.058,2339.6458,78.2998,3,2
2014,JPN,0.9059,2.7,3.612,2362.8032,78.4536,3,2
2015,JPN,1.8,0.8,3.349,2435.2108,77.44,3,2
2016,JPN,0.705,-0.1,3.128,2442.4992,77.2545,3,2
2017,JPN,1.6235,0.4842,2.813,2463.9573,77.8116,3,2
2018,JPN,0.8341,0.9891,2.445,2479.1701,76.4575,3,2
2019,JPN,-0.3085,0.4688,2.354,2508.8552,75.709,3,2
2020,JPN,-4.2833,-0.025,2.781,3316.3727,75.7749,3,2
2021,JPN,3.5642,-0.025,2.828,2550.3748,76.0166,3,2
2022,JPN,1.3317,-0.025,2.579,2576.6001,76.0967,3,2
2023,JPN,0.7208,-0.025,2.599,2651.9782,76.6084,3,2
2024,JPN,-0.1684,-0.025,2.515,2651.9782,76.3842,3,2
2000,LTU,3.4186,0.9816,16.404,12.7919,70.5586,8,2
2002,LTU,6.7198,0.2815,13.737,15.1958,68.0745,8,2
2003,LTU,10.5519,-1.1343,12.441,16.7044,70.0827,8,2
2004,LTU,6.502,1.1641,10.883,17.2026,69.6701,8,2
2005,LTU,7.7314,2.6585,8.325,18.5507,71.189,8,2
2006,LTU,7.3955,3.7391,5.78,20.4307,71.9705,8,2
2007,LTU,11.0779,5.7372,4.25,22.332,71.8616,8,2
2008,LTU,2.5995,10.9259,5.826,23.4695,71.848,8,2
2009,LTU,-14.8386,4.453,13.785,22.4633,73.5036,8,2
2010,LTU,0.4272,1.3192,17.814,23.9544,73.4596,8,2
2011,LTU,6.3236,4.1303,15.39,26.2771,72.335,8,2
2012,LTU,4.3829,3.09,13.365,27.241,72.1074,8,2
2013,LTU,4.0469,1.0475,11.77,28.5054,72.0562,8,2
2014,LTU,3.7725,0.1038,10.698,29.2186,72.4092,8,2
2015,LTU,2.8328,-0.8841,9.12,29.1631,72.6353,8,2
2016,LTU,2.6719,0.9055,7.862,29.2025,71.7661,8,2
2017,LTU,4.6122,3.7229,7.073,31.9637,72.3034,8,2
2018,LTU,4.9184,2.6979,6.147,33.4051,71.0877,8,2
2019,LTU,4.6774,2.3345,6.255,35.5618,75.6042,8,2
2020,LTU,0.0428,1.1999,8.487,33.043,75.8652,8,2
2021,LTU,6.3948,4.6835,7.112,40.342,76.7045,8,2
2022,LTU,2.4653,19.705,5.956,41.4293,77.545,8,2
2023,LTU,0.7395,9.1173,6.841,41.5061,77.6557,8,2
2024,LTU,3.0302,0.7157,7.095,48.9618,78.2486,8,2
2000,LUX,6.9381,3.1508,2.345,78.541,82.9275,8,2
2002,LUX,3.2253,2.0741,2.621,78.335,82.4802,8,2
2003,LUX,2.6193,2.0498,3.675,79.4149,83.0203,8,2
2004,LUX,4.2307,2.2257,5.113,82.0073,83.6514,8,2
2005,LUX,2.4825,2.4877,4.488,84.3878,82.2157,8,2
2006,LUX,6.0166,2.6663,4.731,88.8705,84.7201,8,2
2007,LUX,8.0985,2.3125,4.065,91.8161,84.7478,8,2
2008,LUX,-0.3023,3.4019,5.06,90.2,85.2316,8,2
2009,LUX,-3.239,0.368,5.122,90.2841,85.8902,8,2
2010,LUX,3.7604,2.2737,4.361,93.0806,85.6813,8,2
2011,LUX,1.0443,3.4107,4.902,93.2962,85.903,8,2
2012,LUX,1.6497,2.6628,5.14,94.2419,85.763,8,2
2013,LUX,3.1717,1.734,5.848,97.2646,85.1514,8,2
2014,LUX,2.6231,0.6285,5.852,98.5784,84.6404,8,2
2015,LUX,2.2684,0.4747,6.669,98.9244,85.0386,8,2
2016,LUX,4.9782,0.2908,6.291,101.2136,84.8223,8,2
2017,LUX,1.3171,1.7308,5.522,100.843,85.3027,8,2
2018,LUX,1.6113,1.5282,5.586,100.4761,85.0313,8,2
2019,LUX,2.7493,1.7433,5.595,101.1141,85.0505,8,2
2020,LUX,-0.5101,0.82,6.773,108.0449,85.7964,8,2
2021,LUX,6.9297,2.5269,5.247,108.897,86.1855,8,2
2022,LUX,-1.0974,6.336,4.585,108.4506,86.4985,8,2
2023,LUX,0.0994,3.7414,5.184,108.0698,86.0393,8,2
2024,LUX,0.3586,2.0511,6.421,111.3026,85.9966,8,2
2000,LVA,5.841,2.6543,14.259,10.6981,67.1383,8,2
2002,LVA,7.6655,1.9389,12.481,12.287,67.1254,8,2
2003,LVA,8.4291,2.9426,11.641,13.2894,68.3918,8,2
2004,LVA,8.7251,6.1924,11.746,14.8323,65.7567,8,2
2005,LVA,11.6153,6.7485,10.033,16.2499,69.038,8,2
2006,LVA,12.825,6.5362,7.03,17.6117,70.4451,8,2
2007,LVA,10.4145,10.093,6.052,19.7203,70.4686,8,2
2008,LVA,-3.3887,15.4023,7.739,20.5498,69.6001,8,2
2009,LVA,-16.04,3.5341,17.515,20.7045,71.7292,8,2
2010,LVA,-3.6613,-1.0846,19.482,21.9315,71.7355,8,2
2011,LVA,3.0363,4.3707,16.206,22.365,70.1646,8,2
2012,LVA,7.3052,2.2578,15.047,24.0629,69.0266,8,2
2013,LVA,2.0961,-0.0295,11.867,24.4002,69.1849,8,2
2014,LVA,2.095,0.6205,10.846,25.3292,70.2554,8,2
2015,LVA,3.7834,0.1742,9.873,26.4707,70.0313,8,2
2016,LVA,2.5517,0.1406,9.643,27.5151,69.4619,8,2
2017,LVA,3.3989,2.9304,8.715,29.061,69.6048,8,2
2018,LVA,4.3097,2.5345,7.412,29.9232,69.2006,8,2
2019,LVA,0.6754,2.8114,6.312,30.4415,72.8395,8,2
2020,LVA,-3.4692,0.2191,8.098,27.9327,73.0509,8,2
2021,LVA,6.9425,3.2758,7.513,34.5374,74.1954,8,2
2022,LVA,1.9085,17.3103,6.815,35.9383,75.52,8,2
2023,LVA,-0.9416,8.9381,6.465,37.6171,76.3204,8,2
2024,LVA,-0.0371,1.2658,6.884,43.3339,76.5912,8,2
2000,MEX,5.0293,9.4916,2.564,84.0439,59.7258,3,2
2002,MEX,-0.2366,5.0307,2.864,83.043,61.9995,3,2
2003,MEX,1.1855,4.5469,2.964,86.4598,62.7902,3,2
2004,MEX,3.5654,4.6884,3.66,89.331,64.4013,3,2
2005,MEX,2.1132,3.9881,3.558,89.5328,64.4243,3,2
2006,MEX,4.805,3.6295,3.566,93.4126,62.569,3,2
2007,MEX,2.0779,3.9668,3.645,96.1677,61.9502,3,2
2008,MEX,0.9433,5.125,3.904,99.2881,61.5167,3,2
2009,MEX,-6.2953,5.2974,5.379,94.1225,62.9155,3,2
2010,MEX,4.9713,4.1567,5.329,98.7833,62.152,3,2
2011,MEX,3.444,3.4074,5.195,102.5825,59.492,3,2
2012,MEX,3.5532,4.1115,4.923,105.1515,59.6729,3,2
2013,MEX,0.8521,3.8064,4.943,105.2983,59.3073,3,2
2014,MEX,2.5038,4.0186,4.831,109.4257,57.8849,3,2
2015,MEX,2.7023,2.7206,4.336,110.7684,55.7132,3,2
2016,MEX,1.7725,2.8217,3.885,113.0685,55.1016,3,2
2017,MEX,1.8717,6.0415,3.438,116.5054,54.3682,3,2
2018,MEX,1.9721,4.8994,3.301,118.0666,56.0205,3,2
2019,MEX,-0.3927,3.636,3.505,117.2222,55.7301,3,2
2020,MEX,-8.354,3.3968,4.369,118.6771,55.2464,3,2
2021,MEX,6.0485,5.6892,4.111,118.2827,53.8085,3,2
2022,MEX,3.7098,7.8963,3.274,121.6471,52.6394,3,2
2023,MEX,3.1068,5.528,2.788,126.2908,52.443,3,2
2024,MEX,1.3506,5.528,2.696,126.2908,50.9282,3,2
2000,NLD,4.2278,2.3605,3.047,50.4861,86.3911,14,2
2002,NLD,0.2462,3.2875,3.066,52.9257,86.0817,14,2
2003,NLD,0.0982,2.092,4.829,53.7844,86.1603,14,2
2004,NLD,2.0134,1.2636,5.658,55.6323,85.6411,14,2
2005,NLD,2.0288,1.6881,5.875,57.3866,86.5211,14,2
2006,NLD,3.539,1.1015,5.006,59.2059,87.7267,14,2
2007,NLD,3.8821,1.6139,4.155,60.3782,87.6286,14,2
2008,NLD,2.1267,2.4865,3.657,61.698,87.1686,14,2
2009,NLD,-3.6702,1.1898,4.351,60.4647,86.5766,14,2
2010,NLD,1.3168,1.2753,4.989,61.8092,85.6804,14,2
2011,NLD,1.7769,2.3411,4.977,62.8784,87.1217,14,2
2012,NLD,-0.9774,2.4555,5.821,63.256,88.331,14,2
2013,NLD,-0.0321,2.5069,8.187,64.4979,86.9061,14,2
2014,NLD,1.6124,0.976,8.318,65.1621,86.8776,14,2
2015,NLD,2.121,0.6002,7.866,66.1214,88.2135,14,2
2016,NLD,2.4248,0.3167,6.988,66.7357,88.1113,14,2
2017,NLD,2.7829,1.3815,5.855,67.6124,87.1501,14,2
2018,NLD,2.2602,1.7035,4.869,68.2695,87.1979,14,2
2019,NLD,2.3,2.6337,4.422,69.4313,87.0634,14,2
2020,NLD,-3.8766,1.2725,4.837,67.3312,88.5328,14,2
2021,NLD,6.2778,2.6757,4.21,73.5825,87.0008,14,2
2022,NLD,5.0072,10.0012,3.524,76.9326,87.1531,14,2
2023,NLD,-0.6006,3.8384,3.537,76.7313,86.6074,14,2
2024,NLD,1.0731,3.3475,3.627,79.7435,85.7925,14,2
2000,NOR,3.4434,3.0855,3.331,339.4302,85.6627,14,2
2002,NOR,1.4575,1.2867,3.762,359.9584,86.1028,14,2
2003,NOR,1.0964,2.4878,4.045,375.2365,85.9235,14,2
2004,NOR,4.3302,0.4545,4.184,391.3966,84.1365,14,2
2005,NOR,2.9697,1.5321,4.381,409.533,86.9236,14,2
2006,NOR,2.8473,2.3293,3.399,421.8299,87.1986,14,2
2007,NOR,3.4203,0.7126,2.493,419.5416,87.414,14,2
2008,NOR,0.8228,3.7539,2.55,425.823,87.3901,14,2
2009,NOR,-1.6133,2.1974,3.103,415.0672,87.5217,14,2
2010,NOR,1.0049,2.4189,3.521,428.1773,87.7011,14,2
2011,NOR,1.385,1.285,3.215,438.5007,88.5448,14,2
2012,NOR,2.824,0.6969,3.123,449.651,89.7578,14,2
2013,NOR,1.2729,2.1205,3.423,457.951,89.8422,14,2
2014,NOR,2.0952,2.0417,3.484,461.595,89.1199,14,2
2015,NOR,2.0443,2.1711,4.296,459.8323,90.3484,14,2
2016,NOR,1.2916,3.55,4.679,458.9835,90.3504,14,2
2017,NOR,2.6696,1.8751,4.162,478.3025,90.6412,14,2
2018,NOR,1.1104,2.7648,3.8,490.7155,91.1072,14,2
2019,NOR,1.4697,2.1677,3.687,487.7207,90.9756,14,2
2020,NOR,-1.3606,1.2866,4.422,485.5939,91.0801,14,2
2021,NOR,4.1432,3.4839,4.369,545.0319,91.5816,14,2
2022,NOR,4.0804,5.7641,3.232,630.3036,90.7789,14,2
2023,NOR,0.3527,5.5178,3.573,582.1903,90.6839,14,2
2024,NOR,1.4237,3.1453,3.982,591.9514,90.619,14,2
2000,NZL,4.2125,2.6152,6.131,40.3889,83.7458,7,2
2002,NZL,4.7063,2.6771,5.282,42.36,83.772,7,2
2003,NZL,4.4249,1.7536,4.745,43.4491,84.028,7,2
2004,NZL,4.8442,2.2902,4.005,43.8483,83.4035,7,2
2005,NZL,3.2148,3.037,3.807,43.991,84.924,7,2
2006,NZL,2.8153,3.3654,3.857,45.3513,85.2288,7,2
2007,NZL,3.4878,2.3761,3.661,47.8814,85.1222,7,2
2008,NZL,-0.159,3.9589,4.167,47.1525,85.5605,7,2
2009,NZL,-1.0568,2.1157,6.122,49.8942,86.3798,7,2
2010,NZL,1.7414,2.302,6.556,50.1229,86.5468,7,2
2011,NZL,1.7,4.0279,6.491,51.5527,88.527,7,2
2012,NZL,2.5352,1.0599,6.93,53.3433,88.1717,7,2
2013,NZL,2.1311,1.1344,5.839,53.6478,87.7578,7,2
2014,NZL,3.7876,1.2275,5.429,53.7941,86.8164,7,2
2015,NZL,3.6471,0.2927,5.415,55.0125,88.1532,7,2
2016,NZL,3.9513,0.6462,5.146,55.3651,88.0899,7,2
2017,NZL,3.2901,1.8508,4.737,56.2037,87.8658,7,2
2018,NZL,3.3349,1.5983,4.335,57.3946,87.2933,7,2
2019,NZL,2.9763,1.6196,4.109,58.0972,87.4564,7,2
2020,NZL,-1.2197,1.7146,4.596,59.7545,87.5649,7,2
2021,NZL,5.4268,3.9411,3.78,62.3275,87.3216,7,2
2022,NZL,2.6303,7.1722,3.3,64.5162,87.3088,7,2
2023,NZL,2.1641,5.7332,3.732,64.4534,86.8866,7,2
2024,NZL,-0.3048,2.9228,4.716,64.4534,86.415,7,2
2000,POL,4.6562,10.0917,16.37,28.1715,78.0827,14,2
2002,POL,1.9011,1.9417,19.932,31.3688,73.9232,14,2
2003,POL,3.5234,0.8417,19.644,32.849,74.019,14,2
2004,POL,5.0908,3.4917,18.972,34.7284,72.1425,14,2
2005,POL,3.2608,2.1333,17.747,35.4688,74.8512,14,2
2006,POL,6.2021,1.0333,13.841,36.7964,73.2319,14,2
2007,POL,6.7604,2.4917,9.604,38.2293,73.2909,14,2
2008,POL,4.3838,4.2167,7.117,39.2753,75.6125,14,2
2009,POL,2.6151,3.45,8.166,41.0539,75.4858,14,2
2010,POL,3.1689,2.5833,9.636,44.1726,76.3994,14,2
2011,POL,5.2554,4.2667,9.631,47.0099,75.5105,14,2
2012,POL,1.5118,3.7,10.088,48.2841,76.2511,14,2
2013,POL,0.6843,0.9,10.326,48.9618,73.4277,14,2
2014,POL,3.9205,-0.025,8.99,49.9427,75.5295,14,2
2015,POL,4.4318,-0.9333,7.501,51.51,74.2201,14,2
2016,POL,3.0312,-0.5833,6.161,52.7674,72.0483,14,2
2017,POL,5.1525,1.975,4.888,55.7505,68.7573,14,2
2018,POL,6.2459,1.6667,3.846,60.0366,66.3346,14,2
2019,POL,4.5805,2.3083,3.237,62.3509,65.7004,14,2
2020,POL,-2.0356,3.4,3.155,68.2404,65.3782,14,2
2021,POL,6.9272,5.1,3.373,64.7154,63.3153,14,2
2022,POL,5.2555,14.3,2.876,70.8749,63.4184,14,2
2023,POL,0.2496,11.5667,2.819,73.9772,64.0257,14,2
2024,POL,3.2487,3.65,2.885,76.1563,70.014,14,2
2000,PRT,3.8162,2.853,3.928,24.1553,80.9542,10,2
2002,PRT,0.7709,3.6003,5.0,25.2335,81.5606,10,2
2003,PRT,-0.9305,3.219,6.263,25.6961,81.9154,10,2
2004,PRT,1.7887,2.3654,6.622,26.4451,80.6387,10,2
2005,PRT,0.7818,2.2772,7.584,27.2208,81.3619,10,2
2006,PRT,1.625,3.1077,7.648,28.3567,82.8363,10,2
2007,PRT,2.5066,2.454,7.961,29.0863,82.8142,10,2
2008,PRT,0.3192,2.5885,7.549,29.6216,82.141,10,2
2009,PRT,-3.1221,-0.8355,9.43,29.7484,81.852,10,2
2010,PRT,1.7376,1.4026,10.769,30.8164,80.7286,10,2
2011,PRT,-1.7135,3.653,13.485,31.281,79.9586,10,2
2012,PRT,-4.0509,2.7733,16.501,31.848,77.7458,10,2
2013,PRT,-0.9841,0.2744,17.152,32.9561,77.2857,10,2
2014,PRT,0.7414,-0.2782,14.526,32.7397,79.1928,10,2
2015,PRT,1.5898,0.4879,12.905,32.8467,79.6168,10,2
2016,PRT,2.0041,0.6074,11.45,33.3336,79.7575,10,2
2017,PRT,3.3147,1.3686,9.17,33.7013,79.8066,10,2
2018,PRT,2.9463,0.9937,7.174,34.0618,78.5111,10,2
2019,PRT,2.7457,0.3382,6.602,35.3246,78.0588,10,2
2020,PRT,-8.2046,-0.0124,7.036,32.4265,80.9614,10,2
2021,PRT,5.5588,1.2657,6.712,36.7714,80.701,10,2
2022,PRT,6.9858,7.8327,6.138,38.6381,79.7156,10,2
2023,PRT,3.1,4.3113,6.499,40.1502,79.7967,10,2
2024,PRT,2.2146,2.4161,6.425,46.5652,78.9923,10,2
2000,SVK,0.7892,12.0358,18.777,16.0153,71.3721,8,2
2002,SVK,4.4173,3.1271,18.633,18.409,70.1715,8,2
2003,SVK,4.8567,8.5541,17.516,19.8709,71.9246,8,2
2004,SVK,5.3895,7.5485,18.137,20.867,71.4457,8,2
2005,SVK,6.4849,2.7091,16.172,21.7185,73.0808,8,2
2006,SVK,8.9257,4.4833,13.302,23.4281,73.8997,8,2
2007,SVK,10.8186,2.7567,11.017,25.4419,73.8679,8,2
2008,SVK,5.3634,4.5982,9.567,26.4776,73.8851,8,2
2009,SVK,-5.5053,1.6151,12.052,25.9282,73.363,8,2
2010,SVK,6.7906,0.957,14.373,28.0664,72.6576,8,2
2011,SVK,2.5624,3.9193,13.606,28.5608,73.6977,8,2
2012,SVK,1.5692,3.6061,13.947,29.2564,73.2549,8,2
2013,SVK,0.7033,1.4005,14.216,30.3507,73.3273,8,2
2014,SVK,2.708,-0.0762,13.18,30.9447,73.0965,8,2
2015,SVK,5.1769,-0.3252,11.473,31.9622,73.0501,8,2
2016,SVK,1.9478,-0.52,9.644,31.7564,73.0742,8,2
2017,SVK,2.8747,1.3119,8.131,32.2685,71.5728,8,2
2018,SVK,4.0621,2.514,6.535,33.3852,69.5888,8,2
2019,SVK,2.2759,2.6646,5.754,34.7563,72.1857,8,2
2020,SVK,-2.5855,1.9369,6.689,38.1246,74.145,8,2
2021,SVK,5.6559,3.1496,6.827,40.825,74.1535,8,2
2022,SVK,0.5446,12.7742,6.143,40.8443,73.4728,8,2
2023,SVK,2.1126,10.532,5.84,42.4689,73.8774,8,2
2024,SVK,1.9387,2.7576,5.335,44.5911,73.1298,8,2
2000,SVN,3.4979,8.9117,6.729,23.0779,75.601,14,2
2002,SVN,3.2826,7.4808,6.312,24.7546,74.7984,14,2
2003,SVN,3.195,5.5442,6.675,25.8936,74.6632,14,2
2004,SVN,4.546,3.593,6.29,27.0806,73.8316,14,2
2005,SVN,3.8541,2.4515,6.506,29.0791,74.9377,14,2
2006,SVN,5.9088,2.4579,5.95,31.1413,75.9139,14,2
2007,SVN,7.1392,3.6575,4.818,32.8125,75.414,14,2
2008,SVN,3.3722,5.6474,4.371,33.3038,74.461,14,2
2009,SVN,-7.5906,0.8393,5.858,31.4023,74.7553,14,2
2010,SVN,1.1121,1.8012,7.236,32.4397,74.6718,14,2
2011,SVN,0.6554,1.8029,8.166,33.9551,74.6464,14,2
2012,SVN,-2.9155,2.5974,8.841,34.0113,72.866,14,2
2013,SVN,-0.8238,1.7692,10.103,34.189,72.2603,14,2
2014,SVN,2.7628,0.1993,9.668,34.6685,71.5216,14,2
2015,SVN,2.3933,-0.5256,8.962,34.9961,72.2921,14,2
2016,SVN,3.0344,-0.055,8.0,36.6297,72.6792,14,2
2017,SVN,5.1744,1.4291,6.564,38.5217,72.8887,14,2
2018,SVN,4.3791,1.7386,5.108,39.8875,72.1323,14,2
2019,SVN,3.5053,1.6305,4.446,41.3426,74.87,14,2
2020,SVN,-4.085,-0.0549,4.971,42.2638,74.8688,14,2
2021,SVN,8.4169,1.9171,4.744,43.9439,73.2424,14,2
2022,SVN,2.6685,8.8337,4.011,45.1187,73.9272,14,2
2023,SVN,2.3758,7.4469,3.652,47.4199,74.8089,14,2
2024,SVN,1.7314,1.9656,3.697,48.5134,75.352,14,2
2000,SWE,4.6311,0.8991,5.799,252.9294,86.0697,3,2
2002,SWE,2.2777,2.1585,5.208,268.3988,86.7042,3,2
2003,SWE,1.881,1.9257,5.762,279.249,86.8959,3,2
2004,SWE,4.1796,0.3737,6.526,288.7985,86.4582,3,2
2005,SWE,2.7932,0.4532,7.667,297.9035,85.9971,3,2
2006,SWE,4.6761,1.3602,6.975,309.0781,86.6563,3,2
2007,SWE,3.2249,2.2122,6.146,313.6931,87.4524,3,2
2008,SWE,-0.9231,3.437,6.224,311.5208,87.7678,3,2
2009,SWE,-4.2556,-0.4945,8.316,310.4314,87.3416,3,2
2010,SWE,5.7508,1.158,8.578,321.7797,87.0469,3,2
2011,SWE,3.1639,2.9612,7.783,326.2384,89.7555,3,2
2012,SWE,-0.4144,0.8884,7.964,327.0514,90.2875,3,2
2013,SWE,1.1376,-0.0443,8.027,330.8789,88.7956,3,2
2014,SWE,2.2958,-0.1796,7.931,335.9615,87.5614,3,2
2015,SWE,4.3882,-0.0468,7.39,348.6717,87.9164,3,2
2016,SWE,2.1312,0.9843,6.944,348.9812,87.9171,3,2
2017,SWE,1.8828,1.7945,6.665,353.429,87.2613,3,2
2018,SWE,1.7703,1.9535,6.332,358.3687,87.3291,3,2
2019,SWE,2.6082,1.7842,6.771,373.5902,87.0485,3,2
2020,SWE,-1.9338,0.4974,8.304,482.5076,88.3223,3,2
2021,SWE,5.2259,2.1632,8.899,397.1274,87.7494,3,2
2022,SWE,1.2554,8.3693,7.494,401.9728,87.5096,3,2
2023,SWE,-0.2041,8.5486,7.698,408.5936,87.1359,3,2
2024,SWE,1.0178,2.8358,8.398,332.353,87.0899,3,2
2000,TUR,6.9853,54.9154,6.495,25.9844,47.6431,3,1
2002,TUR,6.4355,44.9641,10.358,27.3827,51.8231,3,1
2003,TUR,5.7991,21.6024,10.542,29.7572,55.6603,3,1
2004,TUR,9.9254,8.5983,10.837,33.1345,57.7311,3,1
2005,TUR,9.1116,8.1792,10.635,35.4069,58.7754,3,1
2006,TUR,7.0676,9.5972,10.229,37.9905,58.4612,3,1
2007,TUR,5.1082,8.7562,10.283,40.6714,56.0252,3,1
2008,TUR,0.9201,10.4441,10.965,41.7954,56.9109,3,1
2009,TUR,-4.8827,6.251,14.025,40.5885,57.7996,3,1
2010,TUR,8.5422,8.5664,11.88,42.4613,56.3737,3,1
2011,TUR,10.98,6.4719,9.788,45.6671,53.4662,3,1
2012,TUR,4.8076,8.8916,9.21,47.3945,53.4263,3,1
2013,TUR,8.4883,7.4931,9.714,51.3132,51.5119,3,1
2014,TUR,4.6008,8.8546,9.902,52.4153,48.3718,3,1
2015,TUR,5.8056,7.6709,10.304,55.7034,46.5962,3,1
2016,TUR,3.3237,7.7751,10.9,58.1224,44.2563,3,1
2017,TUR,7.8259,11.1443,10.918,62.3873,43.1207,3,1
2018,TUR,3.4682,16.3325,10.956,66.4966,40.2016,3,1
2019,TUR,1.3016,15.1768,13.73,71.9127,40.9941,3,1
2020,TUR,1.8031,12.279,13.148,99.1325,40.158,3,1
2021,TUR,11.8111,19.5965,11.971,91.1852,39.2913,3,1
2022,TUR,5.4412,72.3088,10.433,91.1852,37.6738,3,1
2023,TUR,5.0451,53.8594,9.351,91.1852,37.8997,3,1
2024,TUR,3.3276,58.5064,8.712,91.1852,37.6898,3,1
2000,USA,4.0776,3.3769,3.992,49.7317,79.2441,3,2
2002,USA,1.7004,1.586,5.783,53.0768,81.4068,3,2
2003,USA,2.7956,2.2701,5.989,55.1293,80.1606,3,2
2004,USA,3.8478,2.6772,5.529,57.2163,78.627,3,2
2005,USA,3.4836,3.3927,5.083,59.2037,80.1284,3,2
2006,USA,2.7845,3.2259,4.624,60.5476,79.3545,3,2
2007,USA,2.0039,2.8527,4.622,62.2114,79.4663,3,2
2008,USA,0.1136,3.8391,5.784,63.4872,80.0567,3,2
2009,USA,-2.5765,-0.3555,9.256,65.7531,79.6212,3,2
2010,USA,2.6952,1.64,9.632,67.8297,79.4944,3,2
2011,USA,1.5644,3.1568,8.95,68.5443,78.408,3,2
2012,USA,2.2891,2.0693,8.069,69.4158,78.9702,3,2
2013,USA,2.1178,1.4648,7.375,70.4473,77.2611,3,2
2014,USA,2.5238,1.6222,6.167,71.4582,77.8552,3,2
2015,USA,2.9455,0.1186,5.281,72.3839,79.4057,3,2
2016,USA,1.8195,1.2616,4.87,72.9969,78.5832,3,2
2017,USA,2.4576,2.1301,4.356,74.4598,76.5159,3,2
2018,USA,2.9665,2.4426,3.896,76.2659,75.2811,3,2
2019,USA,2.5838,1.8122,3.668,77.9337,74.789,3,2
2020,USA,-2.0814,1.2336,8.055,82.0315,73.5834,3,2
2021,USA,6.152,4.6979,5.349,85.1135,72.3867,3,2
2022,USA,2.5242,8.0028,3.649,87.2732,72.9997,3,2
2023,USA,2.9344,4.1163,3.639,90.3351,71.9647,3,2
2024,USA,2.7932,2.9495,4.022,90.3351,72.3732,3,2
