shock_id,baseline_year,epsilon,dominating_country,dominated_country
2007,2007,0.0,AUT,GRC
2007,2007,0.0,AUT,ITA
2007,2007,0.0,AUT,PRT
2007,2007,0.0,CAN,BEL
2007,2007,0.0,CAN,GRC
2007,2007,0.0,CAN,HUN
2007,2007,0.0,CAN,POL
2007,2007,0.0,CAN,PRT
2007,2007,0.0,CZE,ITA
2007,2007,0.0,CZE,PRT
2007,2007,0.0,DNK,AUT
2007,2007,0.0,DNK,DEU
2007,2007,0.0,DNK,ESP
2007,2007,0.0,DNK,FRA
2007,2007,0.0,DNK,GRC
2007,2007,0.0,DNK,HUN
2007,2007,0.0,DNK,ITA
2007,2007,0.0,DNK,NLD
2007,2007,0.0,DNK,POL
2007,2007,0.0,DNK,PRT
2007,2007,0.0,DNK,SVK
2007,2007,0.0,EST,GRC
2007,2007,0.0,EST,HUN
2007,2007,0.0,EST,LVA
2007,2007,0.0,EST,POL
2007,2007,0.0,EST,SVK
2007,2007,0.0,FIN,BEL
2007,2007,0.0,FIN,DEU
2007,2007,0.0,FIN,GRC
2007,2007,0.0,FIN,HUN
2007,2007,0.0,FIN,PRT
2007,2007,0.0,FRA,GRC
2007,2007,0.0,GBR,GRC
2007,2007,0.0,GBR,ITA
2007,2007,0.0,LTU,GRC
2007,2007,0.0,LTU,SVK
2007,2007,0.0,LVA,SVK
2007,2007,0.0,NLD,GRC
2007,2007,0.0,NLD,HUN
2007,2007,0.0,NLD,ITA
2007,2007,0.0,NLD,PRT
2007,2007,0.0,SVN,HUN
2007,2007,0.0,SVN,ITA
2007,2007,0.0,SVN,PRT
2007,2007,0.0,SVN,SVK
2007,2007,0.0,SWE,DEU
2007,2007,0.0,SWE,FRA
2007,2007,0.0,SWE,GRC
2007,2007,0.0,SWE,HUN
2007,2007,0.0,SWE,PRT
2007,2007,0.0,USA,AUT
2007,2007,0.0,USA,BEL
2007,2007,0.0,USA,DEU
2007,2007,0.0,USA,FRA
2007,2007,0.0,USA,GRC
2007,2007,0.0,USA,HUN
2007,2007,0.0,USA,ITA
2007,2007,0.0,USA,PRT
2007,2007,0.05,AUT,GRC
2007,2007,0.05,AUT,ITA
2007,2007,0.05,AUT,PRT
2007,2007,0.05,CAN,BEL
2007,2007,0.05,CAN,ESP
2007,2007,0.05,CAN,FRA
2007,2007,0.05,CAN,GRC
2007,2007,0.05,CAN,HUN
2007,2007,0.05,CAN,ITA
2007,2007,0.05,CAN,POL
2007,2007,0.05,CAN,PRT
2007,2007,0.05,CZE,ITA
2007,2007,0.05,CZE,PRT
2007,2007,0.05,CZE,SVK
2007,2007,0.05,DEU,GRC
2007,2007,0.05,DNK,AUT
2007,2007,0.05,DNK,BEL
2007,2007,0.05,DNK,CZE
2007,2007,0.05,DNK,DEU
2007,2007,0.05,DNK,ESP
2007,2007,0.05,DNK,FRA
2007,2007,0.05,DNK,GRC
2007,2007,0.05,DNK,HUN
2007,2007,0.05,DNK,ITA
2007,2007,0.05,DNK,NLD
2007,2007,0.05,DNK,POL
2007,2007,0.05,DNK,PRT
2007,2007,0.05,DNK,SVK
2007,2007,0.05,ESP,GRC
2007,2007,0.05,ESP,PRT
2007,2007,0.05,EST,GRC
2007,2007,0.05,EST,HUN
2007,2007,0.05,EST,ITA
2007,2007,0.05,EST,LTU
2007,2007,0.05,EST,LVA
2007,2007,0.05,EST,POL
2007,2007,0.05,EST,PRT
2007,2007,0.05,EST,SVK
2007,2007,0.05,FIN,BEL
2007,2007,0.05,FIN,DEU
2007,2007,0.05,FIN,ESP
2007,2007,0.05,FIN,FRA
2007,2007,0.05,FIN,GRC
2007,2007,0.05,FIN,HUN
2007,2007,0.05,FIN,PRT
2007,2007,0.05,FRA,GRC
2007,2007,0.05,FRA,PRT
2007,2007,0.05,GBR,GRC
2007,2007,0.05,GBR,ITA
2007,2007,0.05,LTU,GRC
2007,2007,0.05,LTU,SVK
2007,2007,0.05,LVA,GRC
2007,2007,0.05,LVA,SVK
2007,2007,0.05,NLD,GRC
2007,2007,0.05,NLD,HUN
2007,2007,0.05,NLD,ITA
2007,2007,0.05,NLD,PRT
2007,2007,0.05,SVN,GRC
2007,2007,0.05,SVN,HUN
2007,2007,0.05,SVN,ITA
2007,2007,0.05,SVN,PRT
2007,2007,0.05,SVN,SVK
2007,2007,0.05,SWE,BEL
2007,2007,0.05,SWE,DEU
2007,2007,0.05,SWE,ESP
2007,2007,0.05,SWE,FRA
2007,2007,0.05,SWE,GRC
2007,2007,0.05,SWE,HUN
2007,2007,0.05,SWE,ITA
2007,2007,0.05,SWE,PRT
2007,2007,0.05,USA,AUT
2007,2007,0.05,USA,BEL
2007,2007,0.05,USA,DEU
2007,2007,0.05,USA,FRA
2007,2007,0.05,USA,GRC
2007,2007,0.05,USA,HUN
2007,2007,0.05,USA,ITA
2007,2007,0.05,USA,PRT
2007,2007,0.1,AUT,DEU
2007,2007,0.1,AUT,GRC
2007,2007,0.1,AUT,HUN
2007,2007,0.1,AUT,ITA
2007,2007,0.1,AUT,PRT
2007,2007,0.1,BEL,GRC
2007,2007,0.1,CAN,BEL
2007,2007,0.1,CAN,ESP
2007,2007,0.1,CAN,FRA
2007,2007,0.1,CAN,GRC
2007,2007,0.1,CAN,HUN
2007,2007,0.1,CAN,ITA
2007,2007,0.1,CAN,POL
2007,2007,0.1,CAN,PRT
2007,2007,0.1,CAN,SVK
2007,2007,0.1,CZE,ITA
2007,2007,0.1,CZE,PRT
2007,2007,0.1,CZE,SVK
2007,2007,0.1,DEU,FRA
2007,2007,0.1,DEU,GRC
2007,2007,0.1,DEU,PRT
2007,2007,0.1,DNK,AUT
2007,2007,0.1,DNK,BEL
2007,2007,0.1,DNK,CZE
2007,2007,0.1,DNK,DEU
2007,2007,0.1,DNK,ESP
2007,2007,0.1,DNK,FRA
2007,2007,0.1,DNK,GRC
2007,2007,0.1,DNK,HUN
2007,2007,0.1,DNK,IRL
2007,2007,0.1,DNK,ITA
2007,2007,0.1,DNK,NLD
2007,2007,0.1,DNK,POL
2007,2007,0.1,DNK,PRT
2007,2007,0.1,DNK,SVK
2007,2007,0.1,DNK,SVN
2007,2007,0.1,ESP,GRC
2007,2007,0.1,ESP,PRT
2007,2007,0.1,EST,CZE
2007,2007,0.1,EST,ESP
2007,2007,0.1,EST,GRC
2007,2007,0.1,EST,HUN
2007,2007,0.1,EST,IRL
2007,2007,0.1,EST,ITA
2007,2007,0.1,EST,LTU
2007,2007,0.1,EST,LVA
2007,2007,0.1,EST,POL
2007,2007,0.1,EST,PRT
2007,2007,0.1,EST,SVK
2007,2007,0.1,FIN,BEL
2007,2007,0.1,FIN,DEU
2007,2007,0.1,FIN,ESP
2007,2007,0.1,FIN,FRA
2007,2007,0.1,FIN,GRC
2007,2007,0.1,FIN,HUN
2007,2007,0.1,FIN,ITA
2007,2007,0.1,FIN,PRT
2007,2007,0.1,FIN,SVK
2007,2007,0.1,FRA,GRC
2007,2007,0.1,FRA,HUN
2007,2007,0.1,FRA,PRT
2007,2007,0.1,GBR,BEL
2007,2007,0.1,GBR,GRC
2007,2007,0.1,GBR,ITA
2007,2007,0.1,HUN,PRT
2007,2007,0.1,IRL,ESP
2007,2007,0.1,IRL,GRC
2007,2007,0.1,IRL,ITA
2007,2007,0.1,IRL,PRT
2007,2007,0.1,LTU,GRC
2007,2007,0.1,LTU,HUN
2007,2007,0.1,LTU,LVA
2007,2007,0.1,LTU,SVK
2007,2007,0.1,LVA,GRC
2007,2007,0.1,LVA,SVK
2007,2007,0.1,NLD,BEL
2007,2007,0.1,NLD,ESP
2007,2007,0.1,NLD,GRC
2007,2007,0.1,NLD,HUN
2007,2007,0.1,NLD,ITA
2007,2007,0.1,NLD,PRT
2007,2007,0.1,SVN,GRC
2007,2007,0.1,SVN,HUN
2007,2007,0.1,SVN,ITA
2007,2007,0.1,SVN,PRT
2007,2007,0.1,SVN,SVK
2007,2007,0.1,SWE,BEL
2007,2007,0.1,SWE,DEU
2007,2007,0.1,SWE,ESP
2007,2007,0.1,SWE,FRA
2007,2007,0.1,SWE,GRC
2007,2007,0.1,SWE,HUN
2007,2007,0.1,SWE,ITA
2007,2007,0.1,SWE,POL
2007,2007,0.1,SWE,PRT
2007,2007,0.1,SWE,SVK
2007,2007,0.1,USA,AUT
2007,2007,0.1,USA,BEL
2007,2007,0.1,USA,DEU
2007,2007,0.1,USA,FRA
2007,2007,0.1,USA,GBR
2007,2007,0.1,USA,GRC
2007,2007,0.1,USA,HUN
2007,2007,0.1,USA,ITA
2007,2007,0.1,USA,PRT
2007,2007,0.15,AUT,DEU
2007,2007,0.15,AUT,FRA
2007,2007,0.15,AUT,GRC
2007,2007,0.15,AUT,HUN
2007,2007,0.15,AUT,ITA
2007,2007,0.15,AUT,PRT
2007,2007,0.15,BEL,GRC
2007,2007,0.15,BEL,PRT
2007,2007,0.15,CAN,BEL
2007,2007,0.15,CAN,CZE
2007,2007,0.15,CAN,ESP
2007,2007,0.15,CAN,FRA
2007,2007,0.15,CAN,GBR
2007,2007,0.15,CAN,GRC
2007,2007,0.15,CAN,HUN
2007,2007,0.15,CAN,ITA
2007,2007,0.15,CAN,POL
2007,2007,0.15,CAN,PRT
2007,2007,0.15,CAN,SVK
2007,2007,0.15,CZE,HUN
2007,2007,0.15,CZE,ITA
2007,2007,0.15,CZE,POL
2007,2007,0.15,CZE,PRT
2007,2007,0.15,CZE,SVK
2007,2007,0.15,DEU,FRA
2007,2007,0.15,DEU,GRC
2007,2007,0.15,DEU,PRT
2007,2007,0.15,DNK,AUT
2007,2007,0.15,DNK,BEL
2007,2007,0.15,DNK,CZE
2007,2007,0.15,DNK,DEU
2007,2007,0.15,DNK,ESP
2007,2007,0.15,DNK,FRA
2007,2007,0.15,DNK,GBR
2007,2007,0.15,DNK,GRC
2007,2007,0.15,DNK,HUN
2007,2007,0.15,DNK,IRL
2007,2007,0.15,DNK,ITA
2007,2007,0.15,DNK,LTU
2007,2007,0.15,DNK,NLD
2007,2007,0.15,DNK,POL
2007,2007,0.15,DNK,PRT
2007,2007,0.15,DNK,SVK
2007,2007,0.15,DNK,SVN
2007,2007,0.15,ESP,GRC
2007,2007,0.15,ESP,PRT
2007,2007,0.15,ESP,SVK
2007,2007,0.15,EST,CZE
2007,2007,0.15,EST,ESP
2007,2007,0.15,EST,GRC
2007,2007,0.15,EST,HUN
2007,2007,0.15,EST,IRL
2007,2007,0.15,EST,ITA
2007,2007,0.15,EST,LTU
2007,2007,0.15,EST,LVA
2007,2007,0.15,EST,POL
2007,2007,0.15,EST,PRT
2007,2007,0.15,EST,SVK
2007,2007,0.15,EST,SVN
2007,2007,0.15,FIN,BEL
2007,2007,0.15,FIN,DEU
2007,2007,0.15,FIN,ESP
2007,2007,0.15,FIN,FRA
2007,2007,0.15,FIN,GRC
2007,2007,0.15,FIN,HUN
2007,2007,0.15,FIN,ITA
2007,2007,0.15,FIN,PRT
2007,2007,0.15,FIN,SVK
2007,2007,0.15,FIN,SWE
2007,2007,0.15,FRA,DEU
2007,2007,0.15,FRA,GRC
2007,2007,0.15,FRA,HUN
2007,2007,0.15,FRA,PRT
2007,2007,0.15,GBR,BEL
2007,2007,0.15,GBR,GRC
2007,2007,0.15,GBR,ITA
2007,2007,0.15,HUN,GRC
2007,2007,0.15,HUN,PRT
2007,2007,0.15,IRL,ESP
2007,2007,0.15,IRL,GRC
2007,2007,0.15,IRL,ITA
2007,2007,0.15,IRL,PRT
2007,2007,0.15,LTU,GRC
2007,2007,0.15,LTU,HUN
2007,2007,0.15,LTU,IRL
2007,2007,0.15,LTU,ITA
2007,2007,0.15,LTU,LVA
2007,2007,0.15,LTU,PRT
2007,2007,0.15,LTU,SVK
2007,2007,0.15,LUX,ESP
2007,2007,0.15,LUX,ITA
2007,2007,0.15,LUX,PRT
2007,2007,0.15,LVA,GRC
2007,2007,0.15,LVA,HUN
2007,2007,0.15,LVA,SVK
2007,2007,0.15,NLD,BEL
2007,2007,0.15,NLD,ESP
2007,2007,0.15,NLD,FRA
2007,2007,0.15,NLD,GRC
2007,2007,0.15,NLD,HUN
2007,2007,0.15,NLD,ITA
2007,2007,0.15,NLD,POL
2007,2007,0.15,NLD,PRT
2007,2007,0.15,NLD,SVK
2007,2007,0.15,POL,SVK
2007,2007,0.15,SVN,GRC
2007,2007,0.15,SVN,HUN
2007,2007,0.15,SVN,ITA
2007,2007,0.15,SVN,LUX
2007,2007,0.15,SVN,LVA
2007,2007,0.15,SVN,PRT
2007,2007,0.15,SVN,SVK
2007,2007,0.15,SWE,BEL
2007,2007,0.15,SWE,CZE
2007,2007,0.15,SWE,DEU
2007,2007,0.15,SWE,ESP
2007,2007,0.15,SWE,FIN
2007,2007,0.15,SWE,FRA
2007,2007,0.15,SWE,GBR
2007,2007,0.15,SWE,GRC
2007,2007,0.15,SWE,HUN
2007,2007,0.15,SWE,ITA
2007,2007,0.15,SWE,POL
2007,2007,0.15,SWE,PRT
2007,2007,0.15,SWE,SVK
2007,2007,0.15,USA,AUT
2007,2007,0.15,USA,BEL
2007,2007,0.15,USA,DEU
2007,2007,0.15,USA,FRA
2007,2007,0.15,USA,GBR
2007,2007,0.15,USA,GRC
2007,2007,0.15,USA,HUN
2007,2007,0.15,USA,ITA
2007,2007,0.15,USA,NLD
2007,2007,0.15,USA,POL
2007,2007,0.15,USA,PRT
2007,2007,0.2,AUT,DEU
2007,2007,0.2,AUT,FRA
2007,2007,0.2,AUT,GRC
2007,2007,0.2,AUT,HUN
2007,2007,0.2,AUT,ITA
2007,2007,0.2,AUT,PRT
2007,2007,0.2,BEL,GRC
2007,2007,0.2,BEL,ITA
2007,2007,0.2,BEL,PRT
2007,2007,0.2,CAN,AUT
2007,2007,0.2,CAN,BEL
2007,2007,0.2,CAN,CZE
2007,2007,0.2,CAN,DEU
2007,2007,0.2,CAN,ESP
2007,2007,0.2,CAN,FRA
2007,2007,0.2,CAN,GBR
2007,2007,0.2,CAN,GRC
2007,2007,0.2,CAN,HUN
2007,2007,0.2,CAN,IRL
2007,2007,0.2,CAN,ITA
2007,2007,0.2,CAN,POL
2007,2007,0.2,CAN,PRT
2007,2007,0.2,CAN,SVK
2007,2007,0.2,CAN,SVN
2007,2007,0.2,CZE,HUN
2007,2007,0.2,CZE,ITA
2007,2007,0.2,CZE,POL
2007,2007,0.2,CZE,PRT
2007,2007,0.2,CZE,SVK
2007,2007,0.2,DEU,FRA
2007,2007,0.2,DEU,GRC
2007,2007,0.2,DEU,HUN
2007,2007,0.2,DEU,PRT
2007,2007,0.2,DNK,AUT
2007,2007,0.2,DNK,BEL
2007,2007,0.2,DNK,CZE
2007,2007,0.2,DNK,DEU
2007,2007,0.2,DNK,ESP
2007,2007,0.2,DNK,FRA
2007,2007,0.2,DNK,GBR
2007,2007,0.2,DNK,GRC
2007,2007,0.2,DNK,HUN
2007,2007,0.2,DNK,IRL
2007,2007,0.2,DNK,ITA
2007,2007,0.2,DNK,LTU
2007,2007,0.2,DNK,NLD
2007,2007,0.2,DNK,POL
2007,2007,0.2,DNK,PRT
2007,2007,0.2,DNK,SVK
2007,2007,0.2,DNK,SVN
2007,2007,0.2,ESP,GRC
2007,2007,0.2,ESP,HUN
2007,2007,0.2,ESP,PRT
2007,2007,0.2,ESP,SVK
2007,2007,0.2,EST,CZE
2007,2007,0.2,EST,ESP
2007,2007,0.2,EST,GBR
2007,2007,0.2,EST,GRC
2007,2007,0.2,EST,HUN
2007,2007,0.2,EST,IRL
2007,2007,0.2,EST,ITA
2007,2007,0.2,EST,LTU
2007,2007,0.2,EST,LUX
2007,2007,0.2,EST,LVA
2007,2007,0.2,EST,POL
2007,2007,0.2,EST,PRT
2007,2007,0.2,EST,SVK
2007,2007,0.2,EST,SVN
2007,2007,0.2,FIN,BEL
2007,2007,0.2,FIN,CZE
2007,2007,0.2,FIN,DEU
2007,2007,0.2,FIN,ESP
2007,2007,0.2,FIN,FRA
2007,2007,0.2,FIN,GRC
2007,2007,0.2,FIN,HUN
2007,2007,0.2,FIN,ITA
2007,2007,0.2,FIN,POL
2007,2007,0.2,FIN,PRT
2007,2007,0.2,FIN,SVK
2007,2007,0.2,FIN,SWE
2007,2007,0.2,FRA,BEL
2007,2007,0.2,FRA,DEU
2007,2007,0.2,FRA,GRC
2007,2007,0.2,FRA,HUN
2007,2007,0.2,FRA,PRT
2007,2007,0.2,GBR,BEL
2007,2007,0.2,GBR,GRC
2007,2007,0.2,GBR,ITA
2007,2007,0.2,HUN,GRC
2007,2007,0.2,HUN,ITA
2007,2007,0.2,HUN,PRT
2007,2007,0.2,IRL,ESP
2007,2007,0.2,IRL,GRC
2007,2007,0.2,IRL,ITA
2007,2007,0.2,IRL,LUX
2007,2007,0.2,IRL,LVA
2007,2007,0.2,IRL,PRT
2007,2007,0.2,IRL,SVK
2007,2007,0.2,LTU,ESP
2007,2007,0.2,LTU,GRC
2007,2007,0.2,LTU,HUN
2007,2007,0.2,LTU,IRL
2007,2007,0.2,LTU,ITA
2007,2007,0.2,LTU,LVA
2007,2007,0.2,LTU,PRT
2007,2007,0.2,LTU,SVK
2007,2007,0.2,LUX,BEL
2007,2007,0.2,LUX,ESP
2007,2007,0.2,LUX,GRC
2007,2007,0.2,LUX,IRL
2007,2007,0.2,LUX,ITA
2007,2007,0.2,LUX,PRT
2007,2007,0.2,LVA,GRC
2007,2007,0.2,LVA,HUN
2007,2007,0.2,LVA,ITA
2007,2007,0.2,LVA,PRT
2007,2007,0.2,LVA,SVK
2007,2007,0.2,NLD,BEL
2007,2007,0.2,NLD,CZE
2007,2007,0.2,NLD,ESP
2007,2007,0.2,NLD,FRA
2007,2007,0.2,NLD,GBR
2007,2007,0.2,NLD,GRC
2007,2007,0.2,NLD,HUN
2007,2007,0.2,NLD,IRL
2007,2007,0.2,NLD,ITA
2007,2007,0.2,NLD,POL
2007,2007,0.2,NLD,PRT
2007,2007,0.2,NLD,SVK
2007,2007,0.2,NLD,SVN
2007,2007,0.2,POL,GRC
2007,2007,0.2,POL,SVK
2007,2007,0.2,PRT,HUN
2007,2007,0.2,SVN,CZE
2007,2007,0.2,SVN,GRC
2007,2007,0.2,SVN,HUN
2007,2007,0.2,SVN,ITA
2007,2007,0.2,SVN,LTU
2007,2007,0.2,SVN,LUX
2007,2007,0.2,SVN,LVA
2007,2007,0.2,SVN,POL
2007,2007,0.2,SVN,PRT
2007,2007,0.2,SVN,SVK
2007,2007,0.2,SWE,AUT
2007,2007,0.2,SWE,BEL
2007,2007,0.2,SWE,CZE
2007,2007,0.2,SWE,DEU
2007,2007,0.2,SWE,ESP
2007,2007,0.2,SWE,FIN
2007,2007,0.2,SWE,FRA
2007,2007,0.2,SWE,GBR
2007,2007,0.2,SWE,GRC
2007,2007,0.2,SWE,HUN
2007,2007,0.2,SWE,IRL
2007,2007,0.2,SWE,ITA
2007,2007,0.2,SWE,POL
2007,2007,0.2,SWE,PRT
2007,2007,0.2,SWE,SVK
2007,2007,0.2,SWE,SVN
2007,2007,0.2,USA,AUT
2007,2007,0.2,USA,BEL
2007,2007,0.2,USA,DEU
2007,2007,0.2,USA,ESP
2007,2007,0.2,USA,FRA
2007,2007,0.2,USA,GBR
2007,2007,0.2,USA,GRC
2007,2007,0.2,USA,HUN
2007,2007,0.2,USA,ITA
2007,2007,0.2,USA,NLD
2007,2007,0.2,USA,POL
2007,2007,0.2,USA,PRT
2019,2019,0.0,AUS,COL
2019,2019,0.0,AUS,ESP
2019,2019,0.0,AUS,GRC
2019,2019,0.0,AUS,HRV
2019,2019,0.0,AUS,ITA
2019,2019,0.0,AUS,PRT
2019,2019,0.0,AUS,ZAF
2019,2019,0.0,AUT,GRC
2019,2019,0.0,AUT,ITA
2019,2019,0.0,AUT,PRT
2019,2019,0.0,BGR,SVK
2019,2019,0.0,CAN,ESP
2019,2019,0.0,CAN,GRC
2019,2019,0.0,CAN,HRV
2019,2019,0.0,CAN,ITA
2019,2019,0.0,CAN,PRT
2019,2019,0.0,CAN,ZAF
2019,2019,0.0,CHE,ESP
2019,2019,0.0,CHE,GRC
2019,2019,0.0,CHE,HRV
2019,2019,0.0,CHE,ITA
2019,2019,0.0,CHE,LTU
2019,2019,0.0,CHE,NLD
2019,2019,0.0,CHE,PRT
2019,2019,0.0,CHE,SVK
2019,2019,0.0,CHE,TUR
2019,2019,0.0,CZE,ITA
2019,2019,0.0,CZE,TUR
2019,2019,0.0,DEU,ITA
2019,2019,0.0,DEU,PRT
2019,2019,0.0,DNK,ESP
2019,2019,0.0,DNK,FRA
2019,2019,0.0,DNK,GRC
2019,2019,0.0,DNK,HRV
2019,2019,0.0,DNK,ITA
2019,2019,0.0,DNK,PRT
2019,2019,0.0,DNK,SVK
2019,2019,0.0,EST,ESP
2019,2019,0.0,EST,GRC
2019,2019,0.0,EST,HRV
2019,2019,0.0,EST,ITA
2019,2019,0.0,EST,LVA
2019,2019,0.0,EST,PRT
2019,2019,0.0,EST,SVK
2019,2019,0.0,EST,TUR
2019,2019,0.0,FIN,ESP
2019,2019,0.0,FIN,FRA
2019,2019,0.0,FIN,GRC
2019,2019,0.0,FIN,ITA
2019,2019,0.0,FRA,GRC
2019,2019,0.0,FRA,ITA
2019,2019,0.0,GBR,GRC
2019,2019,0.0,HUN,ITA
2019,2019,0.0,KOR,BEL
2019,2019,0.0,NLD,ESP
2019,2019,0.0,NLD,GRC
2019,2019,0.0,NLD,ITA
2019,2019,0.0,NLD,PRT
2019,2019,0.0,NZL,ESP
2019,2019,0.0,NZL,GRC
2019,2019,0.0,NZL,HRV
2019,2019,0.0,NZL,ITA
2019,2019,0.0,NZL,LVA
2019,2019,0.0,NZL,PRT
2019,2019,0.0,NZL,SVK
2019,2019,0.0,NZL,TUR
2019,2019,0.0,POL,GRC
2019,2019,0.0,POL,HRV
2019,2019,0.0,POL,SVK
2019,2019,0.0,SVN,GRC
2019,2019,0.0,SVN,HRV
2019,2019,0.0,SVN,ITA
2019,2019,0.0,SVN,PRT
2019,2019,0.0,SWE,ESP
2019,2019,0.0,SWE,FRA
2019,2019,0.0,SWE,GRC
2019,2019,0.0,SWE,ITA
2019,2019,0.0,USA,GBR
2019,2019,0.0,USA,GRC
2019,2019,0.0,USA,ITA
2019,2019,0.0,USA,PRT
2019,2019,0.05,AUS,COL
2019,2019,0.05,AUS,ESP
2019,2019,0.05,AUS,GRC
2019,2019,0.05,AUS,HRV
2019,2019,0.05,AUS,IRL
2019,2019,0.05,AUS,ITA
2019,2019,0.05,AUS,PRT
2019,2019,0.05,AUS,ZAF
2019,2019,0.05,AUT,GRC
2019,2019,0.05,AUT,HRV
2019,2019,0.05,AUT,HUN
2019,2019,0.05,AUT,ITA
2019,2019,0.05,AUT,PRT
2019,2019,0.05,BEL,ESP
2019,2019,0.05,BEL,GRC
2019,2019,0.05,BEL,ITA
2019,2019,0.05,BEL,PRT
2019,2019,0.05,BGR,ROU
2019,2019,0.05,BGR,SVK
2019,2019,0.05,CAN,ESP
2019,2019,0.05,CAN,GRC
2019,2019,0.05,CAN,HRV
2019,2019,0.05,CAN,IRL
2019,2019,0.05,CAN,ITA
2019,2019,0.05,CAN,PRT
2019,2019,0.05,CAN,SVK
2019,2019,0.05,CAN,ZAF
2019,2019,0.05,CHE,AUT
2019,2019,0.05,CHE,BEL
2019,2019,0.05,CHE,BGR
2019,2019,0.05,CHE,DEU
2019,2019,0.05,CHE,DNK
2019,2019,0.05,CHE,ESP
2019,2019,0.05,CHE,FIN
2019,2019,0.05,CHE,FRA
2019,2019,0.05,CHE,GRC
2019,2019,0.05,CHE,HRV
2019,2019,0.05,CHE,HUN
2019,2019,0.05,CHE,ITA
2019,2019,0.05,CHE,LTU
2019,2019,0.05,CHE,LVA
2019,2019,0.05,CHE,NLD
2019,2019,0.05,CHE,POL
2019,2019,0.05,CHE,PRT
2019,2019,0.05,CHE,SVK
2019,2019,0.05,CHE,SVN
2019,2019,0.05,CHE,TUR
2019,2019,0.05,CZE,HRV
2019,2019,0.05,CZE,HUN
2019,2019,0.05,CZE,ITA
2019,2019,0.05,CZE,ROU
2019,2019,0.05,CZE,SVK
2019,2019,0.05,CZE,TUR
2019,2019,0.05,DEU,GRC
2019,2019,0.05,DEU,HRV
2019,2019,0.05,DEU,HUN
2019,2019,0.05,DEU,ITA
2019,2019,0.05,DEU,PRT
2019,2019,0.05,DNK,ESP
2019,2019,0.05,DNK,FRA
2019,2019,0.05,DNK,GRC
2019,2019,0.05,DNK,HRV
2019,2019,0.05,DNK,HUN
2019,2019,0.05,DNK,ITA
2019,2019,0.05,DNK,LVA
2019,2019,0.05,DNK,NLD
2019,2019,0.05,DNK,NZL
2019,2019,0.05,DNK,PRT
2019,2019,0.05,DNK,ROU
2019,2019,0.05,DNK,SVK
2019,2019,0.05,DNK,SVN
2019,2019,0.05,DNK,TUR
2019,2019,0.05,ESP,GRC
2019,2019,0.05,EST,BGR
2019,2019,0.05,EST,ESP
2019,2019,0.05,EST,GRC
2019,2019,0.05,EST,HRV
2019,2019,0.05,EST,HUN
2019,2019,0.05,EST,ITA
2019,2019,0.05,EST,LTU
2019,2019,0.05,EST,LVA
2019,2019,0.05,EST,NZL
2019,2019,0.05,EST,POL
2019,2019,0.05,EST,PRT
2019,2019,0.05,EST,ROU
2019,2019,0.05,EST,SVK
2019,2019,0.05,EST,TUR
2019,2019,0.05,FIN,ESP
2019,2019,0.05,FIN,FRA
2019,2019,0.05,FIN,GRC
2019,2019,0.05,FIN,HRV
2019,2019,0.05,FIN,ITA
2019,2019,0.05,FIN,PRT
2019,2019,0.05,FRA,ESP
2019,2019,0.05,FRA,GRC
2019,2019,0.05,FRA,ITA
2019,2019,0.05,GBR,GRC
2019,2019,0.05,HUN,HRV
2019,2019,0.05,HUN,ITA
2019,2019,0.05,HUN,PRT
2019,2019,0.05,IRL,ESP
2019,2019,0.05,IRL,GRC
2019,2019,0.05,IRL,SVK
2019,2019,0.05,KOR,AUT
2019,2019,0.05,KOR,BEL
2019,2019,0.05,KOR,ESP
2019,2019,0.05,KOR,GRC
2019,2019,0.05,KOR,IRL
2019,2019,0.05,KOR,ITA
2019,2019,0.05,KOR,LTU
2019,2019,0.05,KOR,NLD
2019,2019,0.05,KOR,PRT
2019,2019,0.05,KOR,TUR
2019,2019,0.05,LTU,SVK
2019,2019,0.05,LVA,SVK
2019,2019,0.05,NLD,ESP
2019,2019,0.05,NLD,GRC
2019,2019,0.05,NLD,HUN
2019,2019,0.05,NLD,ITA
2019,2019,0.05,NLD,PRT
2019,2019,0.05,NLD,SVK
2019,2019,0.05,NZL,ESP
2019,2019,0.05,NZL,GRC
2019,2019,0.05,NZL,HRV
2019,2019,0.05,NZL,HUN
2019,2019,0.05,NZL,ITA
2019,2019,0.05,NZL,LVA
2019,2019,0.05,NZL,POL
2019,2019,0.05,NZL,PRT
2019,2019,0.05,NZL,ROU
2019,2019,0.05,NZL,SVK
2019,2019,0.05,NZL,TUR
2019,2019,0.05,POL,GRC
2019,2019,0.05,POL,HRV
2019,2019,0.05,POL,HUN
2019,2019,0.05,POL,ITA
2019,2019,0.05,POL,PRT
2019,2019,0.05,POL,SVK
2019,2019,0.05,PRT,ITA
2019,2019,0.05,SVN,GRC
2019,2019,0.05,SVN,HRV
2019,2019,0.05,SVN,HUN
2019,2019,0.05,SVN,ITA
2019,2019,0.05,SVN,PRT
2019,2019,0.05,SWE,ESP
2019,2019,0.05,SWE,FIN
2019,2019,0.05,SWE,FRA
2019,2019,0.05,SWE,GRC
2019,2019,0.05,SWE,HRV
2019,2019,0.05,SWE,ITA
2019,2019,0.05,SWE,LTU
2019,2019,0.05,SWE,LVA
2019,2019,0.05,SWE,PRT
2019,2019,0.05,SWE,SVK
2019,2019,0.05,SWE,TUR
2019,2019,0.05,USA,BEL
2019,2019,0.05,USA,ESP
2019,2019,0.05,USA,FRA
2019,2019,0.05,USA,GBR
2019,2019,0.05,USA,GRC
2019,2019,0.05,USA,ITA
2019,2019,0.05,USA,PRT
2019,2019,0.1,AUS,COL
2019,2019,0.1,AUS,ESP
2019,2019,0.1,AUS,GRC
2019,2019,0.1,AUS,HRV
2019,2019,0.1,AUS,HUN
2019,2019,0.1,AUS,IRL
2019,2019,0.1,AUS,ITA
2019,2019,0.1,AUS,NLD
2019,2019,0.1,AUS,POL
2019,2019,0.1,AUS,PRT
2019,2019,0.1,AUS,SVK
2019,2019,0.1,AUS,SVN
2019,2019,0.1,AUS,ZAF
2019,2019,0.1,AUT,DEU
2019,2019,0.1,AUT,FRA
2019,2019,0.1,AUT,GRC
2019,2019,0.1,AUT,HRV
2019,2019,0.1,AUT,HUN
2019,2019,0.1,AUT,ITA
2019,2019,0.1,AUT,PRT
2019,2019,0.1,AUT,SVN
2019,2019,0.1,BEL,ESP
2019,2019,0.1,BEL,GRC
2019,2019,0.1,BEL,ITA
2019,2019,0.1,BEL,PRT
2019,2019,0.1,BGR,HRV
2019,2019,0.1,BGR,ROU
2019,2019,0.1,BGR,SVK
2019,2019,0.1,CAN,ESP
2019,2019,0.1,CAN,GRC
2019,2019,0.1,CAN,HRV
2019,2019,0.1,CAN,HUN
2019,2019,0.1,CAN,IRL
2019,2019,0.1,CAN,ITA
2019,2019,0.1,CAN,LVA
2019,2019,0.1,CAN,NLD
2019,2019,0.1,CAN,POL
2019,2019,0.1,CAN,PRT
2019,2019,0.1,CAN,SVK
2019,2019,0.1,CAN,SVN
2019,2019,0.1,CAN,ZAF
2019,2019,0.1,CHE,AUT
2019,2019,0.1,CHE,BEL
2019,2019,0.1,CHE,BGR
2019,2019,0.1,CHE,CZE
2019,2019,0.1,CHE,DEU
2019,2019,0.1,CHE,DNK
2019,2019,0.1,CHE,ESP
2019,2019,0.1,CHE,FIN
2019,2019,0.1,CHE,FRA
2019,2019,0.1,CHE,GBR
2019,2019,0.1,CHE,GRC
2019,2019,0.1,CHE,HRV
2019,2019,0.1,CHE,HUN
2019,2019,0.1,CHE,IRL
2019,2019,0.1,CHE,ITA
2019,2019,0.1,CHE,LTU
2019,2019,0.1,CHE,LVA
2019,2019,0.1,CHE,NLD
2019,2019,0.1,CHE,NZL
2019,2019,0.1,CHE,POL
2019,2019,0.1,CHE,PRT
2019,2019,0.1,CHE,ROU
2019,2019,0.1,CHE,SVK
2019,2019,0.1,CHE,SVN
2019,2019,0.1,CHE,SWE
2019,2019,0.1,CHE,TUR
2019,2019,0.1,COL,ZAF
2019,2019,0.1,CZE,BGR
2019,2019,0.1,CZE,HRV
2019,2019,0.1,CZE,HUN
2019,2019,0.1,CZE,ITA
2019,2019,0.1,CZE,PRT
2019,2019,0.1,CZE,ROU
2019,2019,0.1,CZE,SVK
2019,2019,0.1,CZE,TUR
2019,2019,0.1,DEU,AUT
2019,2019,0.1,DEU,GRC
2019,2019,0.1,DEU,HRV
2019,2019,0.1,DEU,HUN
2019,2019,0.1,DEU,ITA
2019,2019,0.1,DEU,POL
2019,2019,0.1,DEU,PRT
2019,2019,0.1,DEU,SVK
2019,2019,0.1,DEU,SVN
2019,2019,0.1,DNK,AUT
2019,2019,0.1,DNK,BEL
2019,2019,0.1,DNK,DEU
2019,2019,0.1,DNK,ESP
2019,2019,0.1,DNK,FRA
2019,2019,0.1,DNK,GRC
2019,2019,0.1,DNK,HRV
2019,2019,0.1,DNK,HUN
2019,2019,0.1,DNK,ITA
2019,2019,0.1,DNK,LTU
2019,2019,0.1,DNK,LVA
2019,2019,0.1,DNK,NLD
2019,2019,0.1,DNK,NZL
2019,2019,0.1,DNK,POL
2019,2019,0.1,DNK,PRT
2019,2019,0.1,DNK,ROU
2019,2019,0.1,DNK,SVK
2019,2019,0.1,DNK,SVN
2019,2019,0.1,DNK,TUR
2019,2019,0.1,ESP,GRC
2019,2019,0.1,EST,BGR
2019,2019,0.1,EST,CZE
2019,2019,0.1,EST,ESP
2019,2019,0.1,EST,GRC
2019,2019,0.1,EST,HRV
2019,2019,0.1,EST,HUN
2019,2019,0.1,EST,ITA
2019,2019,0.1,EST,LTU
2019,2019,0.1,EST,LVA
2019,2019,0.1,EST,NZL
2019,2019,0.1,EST,POL
2019,2019,0.1,EST,PRT
2019,2019,0.1,EST,ROU
2019,2019,0.1,EST,SVK
2019,2019,0.1,EST,TUR
2019,2019,0.1,EST,ZAF
2019,2019,0.1,FIN,AUT
2019,2019,0.1,FIN,BEL
2019,2019,0.1,FIN,ESP
2019,2019,0.1,FIN,FRA
2019,2019,0.1,FIN,GRC
2019,2019,0.1,FIN,HRV
2019,2019,0.1,FIN,IRL
2019,2019,0.1,FIN,ITA
2019,2019,0.1,FIN,PRT
2019,2019,0.1,FIN,SVK
2019,2019,0.1,FIN,SVN
2019,2019,0.1,FRA,ESP
2019,2019,0.1,FRA,GRC
2019,2019,0.1,FRA,ITA
2019,2019,0.1,FRA,PRT
2019,2019,0.1,GBR,GRC
2019,2019,0.1,HRV,ITA
2019,2019,0.1,HRV,PRT
2019,2019,0.1,HUN,HRV
2019,2019,0.1,HUN,ITA
2019,2019,0.1,HUN,PRT
2019,2019,0.1,HUN,SVK
2019,2019,0.1,IRL,ESP
2019,2019,0.1,IRL,GRC
2019,2019,0.1,IRL,HRV
2019,2019,0.1,IRL,HUN
2019,2019,0.1,IRL,ITA
2019,2019,0.1,IRL,POL
2019,2019,0.1,IRL,PRT
2019,2019,0.1,IRL,SVK
2019,2019,0.1,KOR,AUT
2019,2019,0.1,KOR,BEL
2019,2019,0.1,KOR,DEU
2019,2019,0.1,KOR,ESP
2019,2019,0.1,KOR,GRC
2019,2019,0.1,KOR,HRV
2019,2019,0.1,KOR,HUN
2019,2019,0.1,KOR,IRL
2019,2019,0.1,KOR,ITA
2019,2019,0.1,KOR,LTU
2019,2019,0.1,KOR,LUX
2019,2019,0.1,KOR,NLD
2019,2019,0.1,KOR,PRT
2019,2019,0.1,KOR,SVK
2019,2019,0.1,KOR,TUR
2019,2019,0.1,LTU,ESP
2019,2019,0.1,LTU,GRC
2019,2019,0.1,LTU,HRV
2019,2019,0.1,LTU,IRL
2019,2019,0.1,LTU,LVA
2019,2019,0.1,LTU,SVK
2019,2019,0.1,LTU,TUR
2019,2019,0.1,LUX,ESP
2019,2019,0.1,LUX,GRC
2019,2019,0.1,LUX,ITA
2019,2019,0.1,LUX,LTU
2019,2019,0.1,LUX,PRT
2019,2019,0.1,LVA,ROU
2019,2019,0.1,LVA,SVK
2019,2019,0.1,NLD,ESP
2019,2019,0.1,NLD,FRA
2019,2019,0.1,NLD,GRC
2019,2019,0.1,NLD,HRV
2019,2019,0.1,NLD,HUN
2019,2019,0.1,NLD,ITA
2019,2019,0.1,NLD,LTU
2019,2019,0.1,NLD,LVA
2019,2019,0.1,NLD,POL
2019,2019,0.1,NLD,PRT
2019,2019,0.1,NLD,SVK
2019,2019,0.1,NLD,SVN
2019,2019,0.1,NLD,TUR
2019,2019,0.1,NZL,BGR
2019,2019,0.1,NZL,ESP
2019,2019,0.1,NZL,GRC
2019,2019,0.1,NZL,HRV
2019,2019,0.1,NZL,HUN
2019,2019,0.1,NZL,ITA
2019,2019,0.1,NZL,LTU
2019,2019,0.1,NZL,LVA
2019,2019,0.1,NZL,POL
2019,2019,0.1,NZL,PRT
2019,2019,0.1,NZL,ROU
2019,2019,0.1,NZL,SVK
2019,2019,0.1,NZL,TUR
2019,2019,0.1,POL,GRC
2019,2019,0.1,POL,HRV
2019,2019,0.1,POL,HUN
2019,2019,0.1,POL,ITA
2019,2019,0.1,POL,LVA
2019,2019,0.1,POL,PRT
2019,2019,0.1,POL,ROU
2019,2019,0.1,POL,SVK
2019,2019,0.1,POL,TUR
2019,2019,0.1,PRT,ITA
2019,2019,0.1,SVK,HRV
2019,2019,0.1,SVN,GRC
2019,2019,0.1,SVN,HRV
2019,2019,0.1,SVN,HUN
2019,2019,0.1,SVN,ITA
2019,2019,0.1,SVN,PRT
2019,2019,0.1,SWE,AUT
2019,2019,0.1,SWE,BEL
2019,2019,0.1,SWE,BGR
2019,2019,0.1,SWE,CHE
2019,2019,0.1,SWE,DNK
2019,2019,0.1,SWE,ESP
2019,2019,0.1,SWE,FIN
2019,2019,0.1,SWE,FRA
2019,2019,0.1,SWE,GRC
2019,2019,0.1,SWE,HRV
2019,2019,0.1,SWE,IRL
2019,2019,0.1,SWE,ITA
2019,2019,0.1,SWE,LTU
2019,2019,0.1,SWE,LVA
2019,2019,0.1,SWE,NLD
2019,2019,0.1,SWE,PRT
2019,2019,0.1,SWE,SVK
2019,2019,0.1,SWE,SVN
2019,2019,0.1,SWE,TUR
2019,2019,0.1,USA,BEL
2019,2019,0.1,USA,ESP
2019,2019,0.1,USA,FRA
2019,2019,0.1,USA,GBR
2019,2019,0.1,USA,GRC
2019,2019,0.1,USA,ITA
2019,2019,0.1,USA,PRT
2019,2019,0.15,AUS,COL
2019,2019,0.15,AUS,ESP
2019,2019,0.15,AUS,FRA
2019,2019,0.15,AUS,GRC
2019,2019,0.15,AUS,HRV
2019,2019,0.15,AUS,HUN
2019,2019,0.15,AUS,IRL
2019,2019,0.15,AUS,ITA
2019,2019,0.15,AUS,LTU
2019,2019,0.15,AUS,LVA
2019,2019,0.15,AUS,NLD
2019,2019,0.15,AUS,POL
2019,2019,0.15,AUS,PRT
2019,2019,0.15,AUS,ROU
2019,2019,0.15,AUS,SVK
2019,2019,0.15,AUS,SVN
2019,2019,0.15,AUS,ZAF
2019,2019,0.15,AUT,DEU
2019,2019,0.15,AUT,ESP
2019,2019,0.15,AUT,FRA
2019,2019,0.15,AUT,GRC
2019,2019,0.15,AUT,HRV
2019,2019,0.15,AUT,HUN
2019,2019,0.15,AUT,ITA
2019,2019,0.15,AUT,POL
2019,2019,0.15,AUT,PRT
2019,2019,0.15,AUT,SVK
2019,2019,0.15,AUT,SVN
2019,2019,0.15,BEL,ESP
2019,2019,0.15,BEL,FRA
2019,2019,0.15,BEL,GRC
2019,2019,0.15,BEL,ITA
2019,2019,0.15,BEL,PRT
2019,2019,0.15,BGR,GRC
2019,2019,0.15,BGR,HRV
2019,2019,0.15,BGR,POL
2019,2019,0.15,BGR,PRT
2019,2019,0.15,BGR,ROU
2019,2019,0.15,BGR,SVK
2019,2019,0.15,BGR,TUR
2019,2019,0.15,CAN,CZE
2019,2019,0.15,CAN,ESP
2019,2019,0.15,CAN,FRA
2019,2019,0.15,CAN,GRC
2019,2019,0.15,CAN,HRV
2019,2019,0.15,CAN,HUN
2019,2019,0.15,CAN,IRL
2019,2019,0.15,CAN,ITA
2019,2019,0.15,CAN,LTU
2019,2019,0.15,CAN,LVA
2019,2019,0.15,CAN,NLD
2019,2019,0.15,CAN,NZL
2019,2019,0.15,CAN,POL
2019,2019,0.15,CAN,PRT
2019,2019,0.15,CAN,ROU
2019,2019,0.15,CAN,SVK
2019,2019,0.15,CAN,SVN
2019,2019,0.15,CAN,TUR
2019,2019,0.15,CAN,ZAF
2019,2019,0.15,CHE,AUT
2019,2019,0.15,CHE,BEL
2019,2019,0.15,CHE,BGR
2019,2019,0.15,CHE,CZE
2019,2019,0.15,CHE,DEU
2019,2019,0.15,CHE,DNK
2019,2019,0.15,CHE,ESP
2019,2019,0.15,CHE,EST
2019,2019,0.15,CHE,FIN
2019,2019,0.15,CHE,FRA
2019,2019,0.15,CHE,GBR
2019,2019,0.15,CHE,GRC
2019,2019,0.15,CHE,HRV
2019,2019,0.15,CHE,HUN
2019,2019,0.15,CHE,IRL
2019,2019,0.15,CHE,ITA
2019,2019,0.15,CHE,LTU
2019,2019,0.15,CHE,LVA
2019,2019,0.15,CHE,NLD
2019,2019,0.15,CHE,NZL
2019,2019,0.15,CHE,POL
2019,2019,0.15,CHE,PRT
2019,2019,0.15,CHE,ROU
2019,2019,0.15,CHE,SVK
2019,2019,0.15,CHE,SVN
2019,2019,0.15,CHE,SWE
2019,2019,0.15,CHE,TUR
2019,2019,0.15,COL,ZAF
2019,2019,0.15,CZE,BGR
2019,2019,0.15,CZE,HRV
2019,2019,0.15,CZE,HUN
2019,2019,0.15,CZE,ITA
2019,2019,0.15,CZE,PRT
2019,2019,0.15,CZE,ROU
2019,2019,0.15,CZE,SVK
2019,2019,0.15,CZE,TUR
2019,2019,0.15,DEU,AUT
2019,2019,0.15,DEU,GRC
2019,2019,0.15,DEU,HRV
2019,2019,0.15,DEU,HUN
2019,2019,0.15,DEU,ITA
2019,2019,0.15,DEU,LVA
2019,2019,0.15,DEU,POL
2019,2019,0.15,DEU,PRT
2019,2019,0.15,DEU,ROU
2019,2019,0.15,DEU,SVK
2019,2019,0.15,DEU,SVN
2019,2019,0.15,DEU,TUR
2019,2019,0.15,DNK,AUT
2019,2019,0.15,DNK,BEL
2019,2019,0.15,DNK,BGR
2019,2019,0.15,DNK,CHE
2019,2019,0.15,DNK,CZE
2019,2019,0.15,DNK,DEU
2019,2019,0.15,DNK,ESP
2019,2019,0.15,DNK,FIN
2019,2019,0.15,DNK,FRA
2019,2019,0.15,DNK,GRC
2019,2019,0.15,DNK,HRV
2019,2019,0.15,DNK,HUN
2019,2019,0.15,DNK,ITA
2019,2019,0.15,DNK,LTU
2019,2019,0.15,DNK,LVA
2019,2019,0.15,DNK,NLD
2019,2019,0.15,DNK,NZL
2019,2019,0.15,DNK,POL
2019,2019,0.15,DNK,PRT
2019,2019,0.15,DNK,ROU
2019,2019,0.15,DNK,SVK
2019,2019,0.15,DNK,SVN
2019,2019,0.15,DNK,SWE
2019,2019,0.15,DNK,TUR
2019,2019,0.15,ESP,GRC
2019,2019,0.15,EST,BGR
2019,2019,0.15,EST,CZE
2019,2019,0.15,EST,ESP
2019,2019,0.15,EST,FRA
2019,2019,0.15,EST,GRC
2019,2019,0.15,EST,HRV
2019,2019,0.15,EST,HUN
2019,2019,0.15,EST,IRL
2019,2019,0.15,EST,ITA
2019,2019,0.15,EST,LTU
2019,2019,0.15,EST,LVA
2019,2019,0.15,EST,NLD
2019,2019,0.15,EST,NZL
2019,2019,0.15,EST,POL
2019,2019,0.15,EST,PRT
2019,2019,0.15,EST,ROU
2019,2019,0.15,EST,SVK
2019,2019,0.15,EST,SVN
2019,2019,0.15,EST,TUR
2019,2019,0.15,EST,ZAF
2019,2019,0.15,FIN,AUT
2019,2019,0.15,FIN,BEL
2019,2019,0.15,FIN,DEU
2019,2019,0.15,FIN,ESP
2019,2019,0.15,FIN,FRA
2019,2019,0.15,FIN,GBR
2019,2019,0.15,FIN,GRC
2019,2019,0.15,FIN,HRV
2019,2019,0.15,FIN,HUN
2019,2019,0.15,FIN,IRL
2019,2019,0.15,FIN,ITA
2019,2019,0.15,FIN,NLD
2019,2019,0.15,FIN,POL
2019,2019,0.15,FIN,PRT
2019,2019,0.15,FIN,SVK
2019,2019,0.15,FIN,SVN
2019,2019,0.15,FIN,USA
2019,2019,0.15,FRA,ESP
2019,2019,0.15,FRA,GRC
2019,2019,0.15,FRA,ITA
2019,2019,0.15,FRA,PRT
2019,2019,0.15,GBR,GRC
2019,2019,0.15,GBR,ITA
2019,2019,0.15,HRV,HUN
2019,2019,0.15,HRV,ITA
2019,2019,0.15,HRV,PRT
2019,2019,0.15,HRV,SVK
2019,2019,0.15,HUN,GRC
2019,2019,0.15,HUN,HRV
2019,2019,0.15,HUN,ITA
2019,2019,0.15,HUN,POL
2019,2019,0.15,HUN,PRT
2019,2019,0.15,HUN,SVK
2019,2019,0.15,IRL,ESP
2019,2019,0.15,IRL,GRC
2019,2019,0.15,IRL,HRV
2019,2019,0.15,IRL,HUN
2019,2019,0.15,IRL,ITA
2019,2019,0.15,IRL,LTU
2019,2019,0.15,IRL,LVA
2019,2019,0.15,IRL,NZL
2019,2019,0.15,IRL,POL
2019,2019,0.15,IRL,PRT
2019,2019,0.15,IRL,ROU
2019,2019,0.15,IRL,SVK
2019,2019,0.15,IRL,TUR
2019,2019,0.15,KOR,AUT
2019,2019,0.15,KOR,BEL
2019,2019,0.15,KOR,BGR
2019,2019,0.15,KOR,CHE
2019,2019,0.15,KOR,CZE
2019,2019,0.15,KOR,DEU
2019,2019,0.15,KOR,DNK
2019,2019,0.15,KOR,ESP
2019,2019,0.15,KOR,FIN
2019,2019,0.15,KOR,FRA
2019,2019,0.15,KOR,GRC
2019,2019,0.15,KOR,HRV
2019,2019,0.15,KOR,HUN
2019,2019,0.15,KOR,IRL
2019,2019,0.15,KOR,ITA
2019,2019,0.15,KOR,LTU
2019,2019,0.15,KOR,LUX
2019,2019,0.15,KOR,LVA
2019,2019,0.15,KOR,NLD
2019,2019,0.15,KOR,POL
2019,2019,0.15,KOR,PRT
2019,2019,0.15,KOR,SVK
2019,2019,0.15,KOR,SVN
2019,2019,0.15,KOR,TUR
2019,2019,0.15,LTU,BGR
2019,2019,0.15,LTU,ESP
2019,2019,0.15,LTU,GRC
2019,2019,0.15,LTU,HRV
2019,2019,0.15,LTU,HUN
2019,2019,0.15,LTU,IRL
2019,2019,0.15,LTU,ITA
2019,2019,0.15,LTU,LVA
2019,2019,0.15,LTU,NZL
2019,2019,0.15,LTU,POL
2019,2019,0.15,LTU,PRT
2019,2019,0.15,LTU,ROU
2019,2019,0.15,LTU,SVK
2019,2019,0.15,LTU,TUR
2019,2019,0.15,LUX,ESP
2019,2019,0.15,LUX,GRC
2019,2019,0.15,LUX,HUN
2019,2019,0.15,LUX,IRL
2019,2019,0.15,LUX,ITA
2019,2019,0.15,LUX,LTU
2019,2019,0.15,LUX,PRT
2019,2019,0.15,LUX,SVK
2019,2019,0.15,LUX,TUR
2019,2019,0.15,LVA,BGR
2019,2019,0.15,LVA,ESP
2019,2019,0.15,LVA,GRC
2019,2019,0.15,LVA,HRV
2019,2019,0.15,LVA,ROU
2019,2019,0.15,LVA,SVK
2019,2019,0.15,NLD,CZE
2019,2019,0.15,NLD,ESP
2019,2019,0.15,NLD,FRA
2019,2019,0.15,NLD,GRC
2019,2019,0.15,NLD,HRV
2019,2019,0.15,NLD,HUN
2019,2019,0.15,NLD,ITA
2019,2019,0.15,NLD,LTU
2019,2019,0.15,NLD,LVA
2019,2019,0.15,NLD,NZL
2019,2019,0.15,NLD,POL
2019,2019,0.15,NLD,PRT
2019,2019,0.15,NLD,ROU
2019,2019,0.15,NLD,SVK
2019,2019,0.15,NLD,SVN
2019,2019,0.15,NLD,TUR
2019,2019,0.15,NZL,BGR
2019,2019,0.15,NZL,CZE
2019,2019,0.15,NZL,ESP
2019,2019,0.15,NZL,EST
2019,2019,0.15,NZL,GRC
2019,2019,0.15,NZL,HRV
2019,2019,0.15,NZL,HUN
2019,2019,0.15,NZL,ITA
2019,2019,0.15,NZL,LTU
2019,2019,0.15,NZL,LVA
2019,2019,0.15,NZL,POL
2019,2019,0.15,NZL,PRT
2019,2019,0.15,NZL,ROU
2019,2019,0.15,NZL,SVK
2019,2019,0.15,NZL,SVN
2019,2019,0.15,NZL,TUR
2019,2019,0.15,NZL,ZAF
2019,2019,0.15,POL,BGR
2019,2019,0.15,POL,CZE
2019,2019,0.15,POL,GRC
2019,2019,0.15,POL,HRV
2019,2019,0.15,POL,HUN
2019,2019,0.15,POL,ITA
2019,2019,0.15,POL,LVA
2019,2019,0.15,POL,PRT
2019,2019,0.15,POL,ROU
2019,2019,0.15,POL,SVK
2019,2019,0.15,POL,TUR
2019,2019,0.15,PRT,GRC
2019,2019,0.15,PRT,ITA
2019,2019,0.15,ROU,ZAF
2019,2019,0.15,SVK,GRC
2019,2019,0.15,SVK,HRV
2019,2019,0.15,SVK,PRT
2019,2019,0.15,SVK,ROU
2019,2019,0.15,SVK,TUR
2019,2019,0.15,SVN,ESP
2019,2019,0.15,SVN,FRA
2019,2019,0.15,SVN,GRC
2019,2019,0.15,SVN,HRV
2019,2019,0.15,SVN,HUN
2019,2019,0.15,SVN,ITA
2019,2019,0.15,SVN,POL
2019,2019,0.15,SVN,PRT
2019,2019,0.15,SVN,SVK
2019,2019,0.15,SWE,AUT
2019,2019,0.15,SWE,BEL
2019,2019,0.15,SWE,BGR
2019,2019,0.15,SWE,CHE
2019,2019,0.15,SWE,DEU
2019,2019,0.15,SWE,DNK
2019,2019,0.15,SWE,ESP
2019,2019,0.15,SWE,FIN
2019,2019,0.15,SWE,FRA
2019,2019,0.15,SWE,GBR
2019,2019,0.15,SWE,GRC
2019,2019,0.15,SWE,HRV
2019,2019,0.15,SWE,HUN
2019,2019,0.15,SWE,IRL
2019,2019,0.15,SWE,ITA
2019,2019,0.15,SWE,LTU
2019,2019,0.15,SWE,LVA
2019,2019,0.15,SWE,NLD
2019,2019,0.15,SWE,NZL
2019,2019,0.15,SWE,POL
2019,2019,0.15,SWE,PRT
2019,2019,0.15,SWE,ROU
2019,2019,0.15,SWE,SVK
2019,2019,0.15,SWE,SVN
2019,2019,0.15,SWE,TUR
2019,2019,0.15,SWE,USA
2019,2019,0.15,SWE,ZAF
2019,2019,0.15,TUR,ITA
2019,2019,0.15,USA,BEL
2019,2019,0.15,USA,ESP
2019,2019,0.15,USA,FRA
2019,2019,0.15,USA,GBR
2019,2019,0.15,USA,GRC
2019,2019,0.15,USA,ITA
2019,2019,0.15,USA,PRT
2019,2019,0.2,AUS,COL
2019,2019,0.2,AUS,CZE
2019,2019,0.2,AUS,ESP
2019,2019,0.2,AUS,FRA
2019,2019,0.2,AUS,GRC
2019,2019,0.2,AUS,HRV
2019,2019,0.2,AUS,HUN
2019,2019,0.2,AUS,IRL
2019,2019,0.2,AUS,ITA
2019,2019,0.2,AUS,LTU
2019,2019,0.2,AUS,LVA
2019,2019,0.2,AUS,NLD
2019,2019,0.2,AUS,NZL
2019,2019,0.2,AUS,POL
2019,2019,0.2,AUS,PRT
2019,2019,0.2,AUS,ROU
2019,2019,0.2,AUS,SVK
2019,2019,0.2,AUS,SVN
2019,2019,0.2,AUS,TUR
2019,2019,0.2,AUS,ZAF
2019,2019,0.2,AUT,BEL
2019,2019,0.2,AUT,DEU
2019,2019,0.2,AUT,DNK
2019,2019,0.2,AUT,ESP
2019,2019,0.2,AUT,FRA
2019,2019,0.2,AUT,GRC
2019,2019,0.2,AUT,HRV
2019,2019,0.2,AUT,HUN
2019,2019,0.2,AUT,ITA
2019,2019,0.2,AUT,LVA
2019,2019,0.2,AUT,NLD
2019,2019,0.2,AUT,POL
2019,2019,0.2,AUT,PRT
2019,2019,0.2,AUT,SVK
2019,2019,0.2,AUT,SVN
2019,2019,0.2,BEL,AUT
2019,2019,0.2,BEL,ESP
2019,2019,0.2,BEL,FIN
2019,2019,0.2,BEL,FRA
2019,2019,0.2,BEL,GBR
2019,2019,0.2,BEL,GRC
2019,2019,0.2,BEL,HRV
2019,2019,0.2,BEL,HUN
2019,2019,0.2,BEL,ITA
2019,2019,0.2,BEL,PRT
2019,2019,0.2,BEL,SVN
2019,2019,0.2,BGR,GRC
2019,2019,0.2,BGR,HRV
2019,2019,0.2,BGR,HUN
2019,2019,0.2,BGR,ITA
2019,2019,0.2,BGR,LVA
2019,2019,0.2,BGR,POL
2019,2019,0.2,BGR,PRT
2019,2019,0.2,BGR,ROU
2019,2019,0.2,BGR,SVK
2019,2019,0.2,BGR,TUR
2019,2019,0.2,BGR,ZAF
2019,2019,0.2,CAN,BGR
2019,2019,0.2,CAN,CZE
2019,2019,0.2,CAN,ESP
2019,2019,0.2,CAN,FRA
2019,2019,0.2,CAN,GRC
2019,2019,0.2,CAN,HRV
2019,2019,0.2,CAN,HUN
2019,2019,0.2,CAN,IRL
2019,2019,0.2,CAN,ITA
2019,2019,0.2,CAN,LTU
2019,2019,0.2,CAN,LUX
2019,2019,0.2,CAN,LVA
2019,2019,0.2,CAN,NLD
2019,2019,0.2,CAN,NZL
2019,2019,0.2,CAN,POL
2019,2019,0.2,CAN,PRT
2019,2019,0.2,CAN,ROU
2019,2019,0.2,CAN,SVK
2019,2019,0.2,CAN,SVN
2019,2019,0.2,CAN,TUR
2019,2019,0.2,CAN,ZAF
2019,2019,0.2,CHE,AUT
2019,2019,0.2,CHE,BEL
2019,2019,0.2,CHE,BGR
2019,2019,0.2,CHE,CZE
2019,2019,0.2,CHE,DEU
2019,2019,0.2,CHE,DNK
2019,2019,0.2,CHE,ESP
2019,2019,0.2,CHE,EST
2019,2019,0.2,CHE,FIN
2019,2019,0.2,CHE,FRA
2019,2019,0.2,CHE,GBR
2019,2019,0.2,CHE,GRC
2019,2019,0.2,CHE,HRV
2019,2019,0.2,CHE,HUN
2019,2019,0.2,CHE,IRL
2019,2019,0.2,CHE,ITA
2019,2019,0.2,CHE,LTU
2019,2019,0.2,CHE,LUX
2019,2019,0.2,CHE,LVA
2019,2019,0.2,CHE,NLD
2019,2019,0.2,CHE,NZL
2019,2019,0.2,CHE,POL
2019,2019,0.2,CHE,PRT
2019,2019,0.2,CHE,ROU
2019,2019,0.2,CHE,SVK
2019,2019,0.2,CHE,SVN
2019,2019,0.2,CHE,SWE
2019,2019,0.2,CHE,TUR
2019,2019,0.2,CHE,USA
2019,2019,0.2,COL,HRV
2019,2019,0.2,COL,SVK
2019,2019,0.2,COL,ZAF
2019,2019,0.2,CZE,BGR
2019,2019,0.2,CZE,GRC
2019,2019,0.2,CZE,HRV
2019,2019,0.2,CZE,HUN
2019,2019,0.2,CZE,ITA
2019,2019,0.2,CZE,POL
2019,2019,0.2,CZE,PRT
2019,2019,0.2,CZE,ROU
2019,2019,0.2,CZE,SVK
2019,2019,0.2,CZE,TUR
2019,2019,0.2,CZE,ZAF
2019,2019,0.2,DEU,AUT
2019,2019,0.2,DEU,CZE
2019,2019,0.2,DEU,FRA
2019,2019,0.2,DEU,GRC
2019,2019,0.2,DEU,HRV
2019,2019,0.2,DEU,HUN
2019,2019,0.2,DEU,ITA
2019,2019,0.2,DEU,LVA
2019,2019,0.2,DEU,POL
2019,2019,0.2,DEU,PRT
2019,2019,0.2,DEU,ROU
2019,2019,0.2,DEU,SVK
2019,2019,0.2,DEU,SVN
2019,2019,0.2,DEU,TUR
2019,2019,0.2,DNK,AUT
2019,2019,0.2,DNK,BEL
2019,2019,0.2,DNK,BGR
2019,2019,0.2,DNK,CHE
2019,2019,0.2,DNK,CZE
2019,2019,0.2,DNK,DEU
2019,2019,0.2,DNK,ESP
2019,2019,0.2,DNK,EST
2019,2019,0.2,DNK,FIN
2019,2019,0.2,DNK,FRA
2019,2019,0.2,DNK,GBR
2019,2019,0.2,DNK,GRC
2019,2019,0.2,DNK,HRV
2019,2019,0.2,DNK,HUN
2019,2019,0.2,DNK,IRL
2019,2019,0.2,DNK,ITA
2019,2019,0.2,DNK,LTU
2019,2019,0.2,DNK,LVA
2019,2019,0.2,DNK,NLD
2019,2019,0.2,DNK,NZL
2019,2019,0.2,DNK,POL
2019,2019,0.2,DNK,PRT
2019,2019,0.2,DNK,ROU
2019,2019,0.2,DNK,SVK
2019,2019,0.2,DNK,SVN
2019,2019,0.2,DNK,SWE
2019,2019,0.2,DNK,TUR
2019,2019,0.2,DNK,USA
2019,2019,0.2,DNK,ZAF
2019,2019,0.2,ESP,GRC
2019,2019,0.2,ESP,ITA
2019,2019,0.2,EST,BGR
2019,2019,0.2,EST,CZE
2019,2019,0.2,EST,ESP
2019,2019,0.2,EST,FRA
2019,2019,0.2,EST,GRC
2019,2019,0.2,EST,HRV
2019,2019,0.2,EST,HUN
2019,2019,0.2,EST,IRL
2019,2019,0.2,EST,ITA
2019,2019,0.2,EST,LTU
2019,2019,0.2,EST,LVA
2019,2019,0.2,EST,NLD
2019,2019,0.2,EST,NZL
2019,2019,0.2,EST,POL
2019,2019,0.2,EST,PRT
2019,2019,0.2,EST,ROU
2019,2019,0.2,EST,SVK
2019,2019,0.2,EST,SVN
2019,2019,0.2,EST,TUR
2019,2019,0.2,EST,ZAF
2019,2019,0.2,FIN,AUT
2019,2019,0.2,FIN,BEL
2019,2019,0.2,FIN,DEU
2019,2019,0.2,FIN,DNK
2019,2019,0.2,FIN,ESP
2019,2019,0.2,FIN,FRA
2019,2019,0.2,FIN,GBR
2019,2019,0.2,FIN,GRC
2019,2019,0.2,FIN,HRV
2019,2019,0.2,FIN,HUN
2019,2019,0.2,FIN,IRL
2019,2019,0.2,FIN,ITA
2019,2019,0.2,FIN,LTU
2019,2019,0.2,FIN,LVA
2019,2019,0.2,FIN,NLD
2019,2019,0.2,FIN,NZL
2019,2019,0.2,FIN,POL
2019,2019,0.2,FIN,PRT
2019,2019,0.2,FIN,ROU
2019,2019,0.2,FIN,SVK
2019,2019,0.2,FIN,SVN
2019,2019,0.2,FIN,SWE
2019,2019,0.2,FIN,TUR
2019,2019,0.2,FIN,USA
2019,2019,0.2,FIN,ZAF
2019,2019,0.2,FRA,ESP
2019,2019,0.2,FRA,GRC
2019,2019,0.2,FRA,HRV
2019,2019,0.2,FRA,HUN
2019,2019,0.2,FRA,ITA
2019,2019,0.2,FRA,PRT
2019,2019,0.2,FRA,SVN
2019,2019,0.2,FRA,ZAF
2019,2019,0.2,GBR,GRC
2019,2019,0.2,GBR,ITA
2019,2019,0.2,HRV,GRC
2019,2019,0.2,HRV,HUN
2019,2019,0.2,HRV,ITA
2019,2019,0.2,HRV,PRT
2019,2019,0.2,HRV,SVK
2019,2019,0.2,HUN,GRC
2019,2019,0.2,HUN,HRV
2019,2019,0.2,HUN,ITA
2019,2019,0.2,HUN,POL
2019,2019,0.2,HUN,PRT
2019,2019,0.2,HUN,ROU
2019,2019,0.2,HUN,SVK
2019,2019,0.2,HUN,SVN
2019,2019,0.2,HUN,TUR
2019,2019,0.2,IRL,CZE
2019,2019,0.2,IRL,ESP
2019,2019,0.2,IRL,GRC
2019,2019,0.2,IRL,HRV
2019,2019,0.2,IRL,HUN
2019,2019,0.2,IRL,ITA
2019,2019,0.2,IRL,LTU
2019,2019,0.2,IRL,LUX
2019,2019,0.2,IRL,LVA
2019,2019,0.2,IRL,NZL
2019,2019,0.2,IRL,POL
2019,2019,0.2,IRL,PRT
2019,2019,0.2,IRL,ROU
2019,2019,0.2,IRL,SVK
2019,2019,0.2,IRL,TUR
2019,2019,0.2,ITA,PRT
2019,2019,0.2,KOR,AUT
2019,2019,0.2,KOR,BEL
2019,2019,0.2,KOR,BGR
2019,2019,0.2,KOR,CHE
2019,2019,0.2,KOR,CZE
2019,2019,0.2,KOR,DEU
2019,2019,0.2,KOR,DNK
2019,2019,0.2,KOR,ESP
2019,2019,0.2,KOR,FIN
2019,2019,0.2,KOR,FRA
2019,2019,0.2,KOR,GBR
2019,2019,0.2,KOR,GRC
2019,2019,0.2,KOR,HRV
2019,2019,0.2,KOR,HUN
2019,2019,0.2,KOR,IRL
2019,2019,0.2,KOR,ITA
2019,2019,0.2,KOR,LTU
2019,2019,0.2,KOR,LUX
2019,2019,0.2,KOR,LVA
2019,2019,0.2,KOR,NLD
2019,2019,0.2,KOR,NZL
2019,2019,0.2,KOR,POL
2019,2019,0.2,KOR,PRT
2019,2019,0.2,KOR,ROU
2019,2019,0.2,KOR,SVK
2019,2019,0.2,KOR,SVN
2019,2019,0.2,KOR,SWE
2019,2019,0.2,KOR,TUR
2019,2019,0.2,LTU,BGR
2019,2019,0.2,LTU,ESP
2019,2019,0.2,LTU,GRC
2019,2019,0.2,LTU,HRV
2019,2019,0.2,LTU,HUN
2019,2019,0.2,LTU,IRL
2019,2019,0.2,LTU,ITA
2019,2019,0.2,LTU,LUX
2019,2019,0.2,LTU,LVA
2019,2019,0.2,LTU,NZL
2019,2019,0.2,LTU,POL
2019,2019,0.2,LTU,PRT
2019,2019,0.2,LTU,ROU
2019,2019,0.2,LTU,SVK
2019,2019,0.2,LTU,TUR
2019,2019,0.2,LUX,ESP
2019,2019,0.2,LUX,GRC
2019,2019,0.2,LUX,HRV
2019,2019,0.2,LUX,HUN
2019,2019,0.2,LUX,IRL
2019,2019,0.2,LUX,ITA
2019,2019,0.2,LUX,LTU
2019,2019,0.2,LUX,LVA
2019,2019,0.2,LUX,POL
2019,2019,0.2,LUX,PRT
2019,2019,0.2,LUX,SVK
2019,2019,0.2,LUX,TUR
2019,2019,0.2,LVA,BGR
2019,2019,0.2,LVA,ESP
2019,2019,0.2,LVA,GRC
2019,2019,0.2,LVA,HRV
2019,2019,0.2,LVA,HUN
2019,2019,0.2,LVA,ITA
2019,2019,0.2,LVA,LTU
2019,2019,0.2,LVA,POL
2019,2019,0.2,LVA,PRT
2019,2019,0.2,LVA,ROU
2019,2019,0.2,LVA,SVK
2019,2019,0.2,LVA,TUR
2019,2019,0.2,LVA,ZAF
2019,2019,0.2,NLD,BGR
2019,2019,0.2,NLD,CZE
2019,2019,0.2,NLD,DNK
2019,2019,0.2,NLD,ESP
2019,2019,0.2,NLD,FIN
2019,2019,0.2,NLD,FRA
2019,2019,0.2,NLD,GBR
2019,2019,0.2,NLD,GRC
2019,2019,0.2,NLD,HRV
2019,2019,0.2,NLD,HUN
2019,2019,0.2,NLD,IRL
2019,2019,0.2,NLD,ITA
2019,2019,0.2,NLD,LTU
2019,2019,0.2,NLD,LVA
2019,2019,0.2,NLD,NZL
2019,2019,0.2,NLD,POL
2019,2019,0.2,NLD,PRT
2019,2019,0.2,NLD,ROU
2019,2019,0.2,NLD,SVK
2019,2019,0.2,NLD,SVN
2019,2019,0.2,NLD,TUR
2019,2019,0.2,NZL,BGR
2019,2019,0.2,NZL,CZE
2019,2019,0.2,NZL,ESP
2019,2019,0.2,NZL,EST
2019,2019,0.2,NZL,FRA
2019,2019,0.2,NZL,GRC
2019,2019,0.2,NZL,HRV
2019,2019,0.2,NZL,HUN
2019,2019,0.2,NZL,IRL
2019,2019,0.2,NZL,ITA
2019,2019,0.2,NZL,LTU
2019,2019,0.2,NZL,LVA
2019,2019,0.2,NZL,NLD
2019,2019,0.2,NZL,POL
2019,2019,0.2,NZL,PRT
2019,2019,0.2,NZL,ROU
2019,2019,0.2,NZL,SVK
2019,2019,0.2,NZL,SVN
2019,2019,0.2,NZL,TUR
2019,2019,0.2,NZL,ZAF
2019,2019,0.2,POL,BGR
2019,2019,0.2,POL,CZE
2019,2019,0.2,POL,ESP
2019,2019,0.2,POL,GRC
2019,2019,0.2,POL,HRV
2019,2019,0.2,POL,HUN
2019,2019,0.2,POL,ITA
2019,2019,0.2,POL,LVA
2019,2019,0.2,POL,NZL
2019,2019,0.2,POL,PRT
2019,2019,0.2,POL,ROU
2019,2019,0.2,POL,SVK
2019,2019,0.2,POL,SVN
2019,2019,0.2,POL,TUR
2019,2019,0.2,POL,ZAF
2019,2019,0.2,PRT,GRC
2019,2019,0.2,PRT,ITA
2019,2019,0.2,ROU,HRV
2019,2019,0.2,ROU,SVK
2019,2019,0.2,ROU,ZAF
2019,2019,0.2,SVK,GRC
2019,2019,0.2,SVK,HRV
2019,2019,0.2,SVK,HUN
2019,2019,0.2,SVK,ITA
2019,2019,0.2,SVK,PRT
2019,2019,0.2,SVK,ROU
2019,2019,0.2,SVK,TUR
2019,2019,0.2,SVN,ESP
2019,2019,0.2,SVN,FRA
2019,2019,0.2,SVN,GRC
2019,2019,0.2,SVN,HRV
2019,2019,0.2,SVN,HUN
2019,2019,0.2,SVN,ITA
2019,2019,0.2,SVN,LVA
2019,2019,0.2,SVN,NLD
2019,2019,0.2,SVN,NZL
2019,2019,0.2,SVN,POL
2019,2019,0.2,SVN,PRT
2019,2019,0.2,SVN,ROU
2019,2019,0.2,SVN,SVK
2019,2019,0.2,SVN,TUR
2019,2019,0.2,SVN,ZAF
2019,2019,0.2,SWE,AUT
2019,2019,0.2,SWE,BEL
2019,2019,0.2,SWE,BGR
2019,2019,0.2,SWE,CHE
2019,2019,0.2,SWE,CZE
2019,2019,0.2,SWE,DEU
2019,2019,0.2,SWE,DNK
2019,2019,0.2,SWE,ESP
2019,2019,0.2,SWE,EST
2019,2019,0.2,SWE,FIN
2019,2019,0.2,SWE,FRA
2019,2019,0.2,SWE,GBR
2019,2019,0.2,SWE,GRC
2019,2019,0.2,SWE,HRV
2019,2019,0.2,SWE,HUN
2019,2019,0.2,SWE,IRL
2019,2019,0.2,SWE,ITA
2019,2019,0.2,SWE,LTU
2019,2019,0.2,SWE,LUX
2019,2019,0.2,SWE,LVA
2019,2019,0.2,SWE,NLD
2019,2019,0.2,SWE,NZL
2019,2019,0.2,SWE,POL
2019,2019,0.2,SWE,PRT
2019,2019,0.2,SWE,ROU
2019,2019,0.2,SWE,SVK
2019,2019,0.2,SWE,SVN
2019,2019,0.2,SWE,TUR
2019,2019,0.2,SWE,USA
2019,2019,0.2,SWE,ZAF
2019,2019,0.2,TUR,ITA
2019,2019,0.2,USA,AUT
2019,2019,0.2,USA,BEL
2019,2019,0.2,USA,ESP
2019,2019,0.2,USA,FRA
2019,2019,0.2,USA,GBR
2019,2019,0.2,USA,GRC
2019,2019,0.2,USA,HRV
2019,2019,0.2,USA,ITA
2019,2019,0.2,USA,PRT
