shock_id,baseline_year,dominating_profile,dominated_profile,dominating_node_id,dominated_node_id,dominating_digit_sum,dominated_digit_sum,digit_sum_difference
2007,2007,4-5-5-4-5,3-5-4-4-4,2007__4-5-5-4-5,2007__3-5-4-4-4,23.0,20.0,3.0
2007,2007,4-5-5-4-5,3-3-5-4-4,2007__4-5-5-4-5,2007__3-3-5-4-4,23.0,19.0,4.0
2007,2007,4-5-5-4-5,2-4-5-3-2,2007__4-5-5-4-5,2007__2-4-5-3-2,23.0,16.0,7.0
2007,2007,4-5-5-4-5,4-3-3-1-5,2007__4-5-5-4-5,2007__4-3-3-1-5,23.0,16.0,7.0
2007,2007,4-5-5-4-5,4-4-2-4-1,2007__4-5-5-4-5,2007__4-4-2-4-1,23.0,15.0,8.0
2007,2007,4-5-5-4-5,2-2-4-3-3,2007__4-5-5-4-5,2007__2-2-4-3-3,23.0,14.0,9.0
2007,2007,4-5-5-4-5,1-2-4-4-1,2007__4-5-5-4-5,2007__1-2-4-4-1,23.0,12.0,11.0
2007,2007,4-5-5-4-5,2-1-4-2-3,2007__4-5-5-4-5,2007__2-1-4-2-3,23.0,12.0,11.0
2007,2007,4-5-5-4-5,4-1-3-3-1,2007__4-5-5-4-5,2007__4-1-3-3-1,23.0,12.0,11.0
2007,2007,4-5-5-4-5,3-1-1-2-4,2007__4-5-5-4-5,2007__3-1-1-2-4,23.0,11.0,12.0
2007,2007,4-5-5-4-5,2-2-2-1-3,2007__4-5-5-4-5,2007__2-2-2-1-3,23.0,10.0,13.0
2007,2007,4-5-5-4-5,1-3-2-1-2,2007__4-5-5-4-5,2007__1-3-2-1-2,23.0,9.0,14.0
2007,2007,4-5-5-4-5,4-1-1-1-2,2007__4-5-5-4-5,2007__4-1-1-1-2,23.0,9.0,14.0
2007,2007,4-5-5-4-5,1-1-1-2-2,2007__4-5-5-4-5,2007__1-1-1-2-2,23.0,7.0,16.0
2007,2007,4-5-5-4-5,1-2-2-1-1,2007__4-5-5-4-5,2007__1-2-2-1-1,23.0,7.0,16.0
2007,2007,5-5-2-5-5,5-5-1-3-3,2007__5-5-2-5-5,2007__5-5-1-3-3,22.0,17.0,5.0
2007,2007,5-5-2-5-5,4-4-2-4-1,2007__5-5-2-5-5,2007__4-4-2-4-1,22.0,15.0,7.0
2007,2007,5-5-2-5-5,5-3-1-2-2,2007__5-5-2-5-5,2007__5-3-1-2-2,22.0,13.0,9.0
2007,2007,5-5-2-5-5,3-1-1-2-4,2007__5-5-2-5-5,2007__3-1-1-2-4,22.0,11.0,11.0
2007,2007,5-5-2-5-5,2-2-2-1-3,2007__5-5-2-5-5,2007__2-2-2-1-3,22.0,10.0,12.0
2007,2007,5-5-2-5-5,1-3-2-1-2,2007__5-5-2-5-5,2007__1-3-2-1-2,22.0,9.0,13.0
2007,2007,5-5-2-5-5,4-1-1-1-2,2007__5-5-2-5-5,2007__4-1-1-1-2,22.0,9.0,13.0
2007,2007,5-5-2-5-5,1-1-1-2-2,2007__5-5-2-5-5,2007__1-1-1-2-2,22.0,7.0,15.0
2007,2007,5-5-2-5-5,1-2-2-1-1,2007__5-5-2-5-5,2007__1-2-2-1-1,22.0,7.0,15.0
2007,2007,2-4-5-5-4,2-4-5-3-2,2007__2-4-5-5-4,2007__2-4-5-3-2,20.0,16.0,4.0
2007,2007,2-4-5-5-4,2-2-4-3-3,2007__2-4-5-5-4,2007__2-2-4-3-3,20.0,14.0,6.0
2007,2007,2-4-5-5-4,1-2-4-4-1,2007__2-4-5-5-4,2007__1-2-4-4-1,20.0,12.0,8.0
2007,2007,2-4-5-5-4,2-1-4-2-3,2007__2-4-5-5-4,2007__2-1-4-2-3,20.0,12.0,8.0
2007,2007,2-4-5-5-4,2-2-2-1-3,2007__2-4-5-5-4,2007__2-2-2-1-3,20.0,10.0,10.0
2007,2007,2-4-5-5-4,1-3-2-1-2,2007__2-4-5-5-4,2007__1-3-2-1-2,20.0,9.0,11.0
2007,2007,2-4-5-5-4,1-1-1-2-2,2007__2-4-5-5-4,2007__1-1-1-2-2,20.0,7.0,13.0
2007,2007,2-4-5-5-4,1-2-2-1-1,2007__2-4-5-5-4,2007__1-2-2-1-1,20.0,7.0,13.0
2007,2007,3-3-4-5-5,2-2-4-3-3,2007__3-3-4-5-5,2007__2-2-4-3-3,20.0,14.0,6.0
2007,2007,3-3-4-5-5,1-2-4-4-1,2007__3-3-4-5-5,2007__1-2-4-4-1,20.0,12.0,8.0
2007,2007,3-3-4-5-5,2-1-4-2-3,2007__3-3-4-5-5,2007__2-1-4-2-3,20.0,12.0,8.0
2007,2007,3-3-4-5-5,3-1-1-2-4,2007__3-3-4-5-5,2007__3-1-1-2-4,20.0,11.0,9.0
2007,2007,3-3-4-5-5,2-2-2-1-3,2007__3-3-4-5-5,2007__2-2-2-1-3,20.0,10.0,10.0
2007,2007,3-3-4-5-5,1-3-2-1-2,2007__3-3-4-5-5,2007__1-3-2-1-2,20.0,9.0,11.0
2007,2007,3-3-4-5-5,1-1-1-2-2,2007__3-3-4-5-5,2007__1-1-1-2-2,20.0,7.0,13.0
2007,2007,3-3-4-5-5,1-2-2-1-1,2007__3-3-4-5-5,2007__1-2-2-1-1,20.0,7.0,13.0
2007,2007,3-5-4-4-4,2-2-4-3-3,2007__3-5-4-4-4,2007__2-2-4-3-3,20.0,14.0,6.0
2007,2007,3-5-4-4-4,1-2-4-4-1,2007__3-5-4-4-4,2007__1-2-4-4-1,20.0,12.0,8.0
2007,2007,3-5-4-4-4,2-1-4-2-3,2007__3-5-4-4-4,2007__2-1-4-2-3,20.0,12.0,8.0
2007,2007,3-5-4-4-4,3-1-1-2-4,2007__3-5-4-4-4,2007__3-1-1-2-4,20.0,11.0,9.0
2007,2007,3-5-4-4-4,2-2-2-1-3,2007__3-5-4-4-4,2007__2-2-2-1-3,20.0,10.0,10.0
2007,2007,3-5-4-4-4,1-3-2-1-2,2007__3-5-4-4-4,2007__1-3-2-1-2,20.0,9.0,11.0
2007,2007,3-5-4-4-4,1-1-1-2-2,2007__3-5-4-4-4,2007__1-1-1-2-2,20.0,7.0,13.0
2007,2007,3-5-4-4-4,1-2-2-1-1,2007__3-5-4-4-4,2007__1-2-2-1-1,20.0,7.0,13.0
2007,2007,3-3-5-4-4,2-2-4-3-3,2007__3-3-5-4-4,2007__2-2-4-3-3,19.0,14.0,5.0
2007,2007,3-3-5-4-4,1-2-4-4-1,2007__3-3-5-4-4,2007__1-2-4-4-1,19.0,12.0,7.0
2007,2007,3-3-5-4-4,2-1-4-2-3,2007__3-3-5-4-4,2007__2-1-4-2-3,19.0,12.0,7.0
2007,2007,3-3-5-4-4,3-1-1-2-4,2007__3-3-5-4-4,2007__3-1-1-2-4,19.0,11.0,8.0
2007,2007,3-3-5-4-4,2-2-2-1-3,2007__3-3-5-4-4,2007__2-2-2-1-3,19.0,10.0,9.0
2007,2007,3-3-5-4-4,1-3-2-1-2,2007__3-3-5-4-4,2007__1-3-2-1-2,19.0,9.0,10.0
2007,2007,3-3-5-4-4,1-1-1-2-2,2007__3-3-5-4-4,2007__1-1-1-2-2,19.0,7.0,12.0
2007,2007,3-3-5-4-4,1-2-2-1-1,2007__3-3-5-4-4,2007__1-2-2-1-1,19.0,7.0,12.0
2007,2007,1-4-3-5-5,1-3-2-1-2,2007__1-4-3-5-5,2007__1-3-2-1-2,18.0,9.0,9.0
2007,2007,1-4-3-5-5,1-1-1-2-2,2007__1-4-3-5-5,2007__1-1-1-2-2,18.0,7.0,11.0
2007,2007,1-4-3-5-5,1-2-2-1-1,2007__1-4-3-5-5,2007__1-2-2-1-1,18.0,7.0,11.0
2007,2007,3-2-5-5-3,2-2-4-3-3,2007__3-2-5-5-3,2007__2-2-4-3-3,18.0,14.0,4.0
2007,2007,3-2-5-5-3,1-2-4-4-1,2007__3-2-5-5-3,2007__1-2-4-4-1,18.0,12.0,6.0
2007,2007,3-2-5-5-3,2-1-4-2-3,2007__3-2-5-5-3,2007__2-1-4-2-3,18.0,12.0,6.0
2007,2007,3-2-5-5-3,2-2-2-1-3,2007__3-2-5-5-3,2007__2-2-2-1-3,18.0,10.0,8.0
2007,2007,3-2-5-5-3,1-1-1-2-2,2007__3-2-5-5-3,2007__1-1-1-2-2,18.0,7.0,11.0
2007,2007,3-2-5-5-3,1-2-2-1-1,2007__3-2-5-5-3,2007__1-2-2-1-1,18.0,7.0,11.0
2007,2007,5-4-3-2-4,5-3-1-2-2,2007__5-4-3-2-4,2007__5-3-1-2-2,18.0,13.0,5.0
2007,2007,5-4-3-2-4,3-1-1-2-4,2007__5-4-3-2-4,2007__3-1-1-2-4,18.0,11.0,7.0
2007,2007,5-4-3-2-4,2-2-2-1-3,2007__5-4-3-2-4,2007__2-2-2-1-3,18.0,10.0,8.0
2007,2007,5-4-3-2-4,1-3-2-1-2,2007__5-4-3-2-4,2007__1-3-2-1-2,18.0,9.0,9.0
2007,2007,5-4-3-2-4,4-1-1-1-2,2007__5-4-3-2-4,2007__4-1-1-1-2,18.0,9.0,9.0
2007,2007,5-4-3-2-4,1-1-1-2-2,2007__5-4-3-2-4,2007__1-1-1-2-2,18.0,7.0,11.0
2007,2007,5-4-3-2-4,1-2-2-1-1,2007__5-4-3-2-4,2007__1-2-2-1-1,18.0,7.0,11.0
2007,2007,5-5-1-3-3,5-3-1-2-2,2007__5-5-1-3-3,2007__5-3-1-2-2,17.0,13.0,4.0
2007,2007,5-5-1-3-3,4-1-1-1-2,2007__5-5-1-3-3,2007__4-1-1-1-2,17.0,9.0,8.0
2007,2007,5-5-1-3-3,1-1-1-2-2,2007__5-5-1-3-3,2007__1-1-1-2-2,17.0,7.0,10.0
2007,2007,5-5-3-3-1,4-1-3-3-1,2007__5-5-3-3-1,2007__4-1-3-3-1,17.0,12.0,5.0
2007,2007,5-5-3-3-1,1-2-2-1-1,2007__5-5-3-3-1,2007__1-2-2-1-1,17.0,7.0,10.0
2007,2007,2-4-5-3-2,1-3-2-1-2,2007__2-4-5-3-2,2007__1-3-2-1-2,16.0,9.0,7.0
2007,2007,2-4-5-3-2,1-1-1-2-2,2007__2-4-5-3-2,2007__1-1-1-2-2,16.0,7.0,9.0
2007,2007,2-4-5-3-2,1-2-2-1-1,2007__2-4-5-3-2,2007__1-2-2-1-1,16.0,7.0,9.0
2007,2007,4-3-3-1-5,2-2-2-1-3,2007__4-3-3-1-5,2007__2-2-2-1-3,16.0,10.0,6.0
2007,2007,4-3-3-1-5,1-3-2-1-2,2007__4-3-3-1-5,2007__1-3-2-1-2,16.0,9.0,7.0
2007,2007,4-3-3-1-5,4-1-1-1-2,2007__4-3-3-1-5,2007__4-1-1-1-2,16.0,9.0,7.0
2007,2007,4-3-3-1-5,1-2-2-1-1,2007__4-3-3-1-5,2007__1-2-2-1-1,16.0,7.0,9.0
2007,2007,4-4-2-4-1,1-2-2-1-1,2007__4-4-2-4-1,2007__1-2-2-1-1,15.0,7.0,8.0
2007,2007,2-2-4-3-3,2-1-4-2-3,2007__2-2-4-3-3,2007__2-1-4-2-3,14.0,12.0,2.0
2007,2007,2-2-4-3-3,2-2-2-1-3,2007__2-2-4-3-3,2007__2-2-2-1-3,14.0,10.0,4.0
2007,2007,2-2-4-3-3,1-1-1-2-2,2007__2-2-4-3-3,2007__1-1-1-2-2,14.0,7.0,7.0
2007,2007,2-2-4-3-3,1-2-2-1-1,2007__2-2-4-3-3,2007__1-2-2-1-1,14.0,7.0,7.0
2007,2007,5-3-1-2-2,4-1-1-1-2,2007__5-3-1-2-2,2007__4-1-1-1-2,13.0,9.0,4.0
2007,2007,5-3-1-2-2,1-1-1-2-2,2007__5-3-1-2-2,2007__1-1-1-2-2,13.0,7.0,6.0
2007,2007,1-2-4-4-1,1-2-2-1-1,2007__1-2-4-4-1,2007__1-2-2-1-1,12.0,7.0,5.0
2007,2007,2-1-4-2-3,1-1-1-2-2,2007__2-1-4-2-3,2007__1-1-1-2-2,12.0,7.0,5.0
2007,2007,3-1-1-2-4,1-1-1-2-2,2007__3-1-1-2-4,2007__1-1-1-2-2,11.0,7.0,4.0
2007,2007,2-2-2-1-3,1-2-2-1-1,2007__2-2-2-1-3,2007__1-2-2-1-1,10.0,7.0,3.0
2007,2007,1-3-2-1-2,1-2-2-1-1,2007__1-3-2-1-2,2007__1-2-2-1-1,9.0,7.0,2.0
2019,2019,1-5-5-5-5,1-5-4-5-4,2019__1-5-5-5-5,2019__1-5-4-5-4,21.0,19.0,2.0
2019,2019,1-5-5-5-5,1-3-5-4-1,2019__1-5-5-5-5,2019__1-3-5-4-1,21.0,14.0,7.0
2019,2019,1-5-5-5-5,1-1-4-3-3,2019__1-5-5-5-5,2019__1-1-4-3-3,21.0,12.0,9.0
2019,2019,1-5-5-5-5,1-2-3-2-1,2019__1-5-5-5-5,2019__1-2-3-2-1,21.0,9.0,12.0
2019,2019,1-5-5-5-5,1-1-2-2-1,2019__1-5-5-5-5,2019__1-1-2-2-1,21.0,7.0,14.0
2019,2019,1-5-5-5-5,1-1-3-1-1,2019__1-5-5-5-5,2019__1-1-3-1-1,21.0,7.0,14.0
2019,2019,5-4-3-4-5,5-4-3-3-4,2019__5-4-3-4-5,2019__5-4-3-3-4,21.0,19.0,2.0
2019,2019,5-4-3-4-5,5-4-1-2-4,2019__5-4-3-4-5,2019__5-4-1-2-4,21.0,16.0,5.0
2019,2019,5-4-3-4-5,4-4-1-1-5,2019__5-4-3-4-5,2019__4-4-1-1-5,21.0,15.0,6.0
2019,2019,5-4-3-4-5,4-2-1-3-3,2019__5-4-3-4-5,2019__4-2-1-3-3,21.0,13.0,8.0
2019,2019,5-4-3-4-5,4-2-1-4-2,2019__5-4-3-4-5,2019__4-2-1-4-2,21.0,13.0,8.0
2019,2019,5-4-3-4-5,3-1-1-1-5,2019__5-4-3-4-5,2019__3-1-1-1-5,21.0,11.0,10.0
2019,2019,5-4-3-4-5,3-2-1-2-3,2019__5-4-3-4-5,2019__3-2-1-2-3,21.0,11.0,10.0
2019,2019,5-4-3-4-5,5-1-2-1-2,2019__5-4-3-4-5,2019__5-1-2-1-2,21.0,11.0,10.0
2019,2019,5-4-3-4-5,2-1-1-1-5,2019__5-4-3-4-5,2019__2-1-1-1-5,21.0,10.0,11.0
2019,2019,5-4-3-4-5,2-2-2-1-3,2019__5-4-3-4-5,2019__2-2-2-1-3,21.0,10.0,11.0
2019,2019,5-4-3-4-5,1-2-3-2-1,2019__5-4-3-4-5,2019__1-2-3-2-1,21.0,9.0,12.0
2019,2019,5-4-3-4-5,2-1-2-3-1,2019__5-4-3-4-5,2019__2-1-2-3-1,21.0,9.0,12.0
2019,2019,5-4-3-4-5,1-1-2-2-1,2019__5-4-3-4-5,2019__1-1-2-2-1,21.0,7.0,14.0
2019,2019,5-4-3-4-5,1-1-3-1-1,2019__5-4-3-4-5,2019__1-1-3-1-1,21.0,7.0,14.0
2019,2019,5-4-5-4-3,3-4-4-4-2,2019__5-4-5-4-3,2019__3-4-4-4-2,21.0,17.0,4.0
2019,2019,5-4-5-4-3,2-3-4-3-3,2019__5-4-5-4-3,2019__2-3-4-3-3,21.0,15.0,6.0
2019,2019,5-4-5-4-3,2-3-5-3-2,2019__5-4-5-4-3,2019__2-3-5-3-2,21.0,15.0,6.0
2019,2019,5-4-5-4-3,1-3-5-4-1,2019__5-4-5-4-3,2019__1-3-5-4-1,21.0,14.0,7.0
2019,2019,5-4-5-4-3,4-2-1-3-3,2019__5-4-5-4-3,2019__4-2-1-3-3,21.0,13.0,8.0
2019,2019,5-4-5-4-3,4-2-1-4-2,2019__5-4-5-4-3,2019__4-2-1-4-2,21.0,13.0,8.0
2019,2019,5-4-5-4-3,1-1-4-3-3,2019__5-4-5-4-3,2019__1-1-4-3-3,21.0,12.0,9.0
2019,2019,5-4-5-4-3,3-2-1-2-3,2019__5-4-5-4-3,2019__3-2-1-2-3,21.0,11.0,10.0
2019,2019,5-4-5-4-3,5-1-2-1-2,2019__5-4-5-4-3,2019__5-1-2-1-2,21.0,11.0,10.0
2019,2019,5-4-5-4-3,2-2-2-1-3,2019__5-4-5-4-3,2019__2-2-2-1-3,21.0,10.0,11.0
2019,2019,5-4-5-4-3,1-2-3-2-1,2019__5-4-5-4-3,2019__1-2-3-2-1,21.0,9.0,12.0
2019,2019,5-4-5-4-3,2-1-2-3-1,2019__5-4-5-4-3,2019__2-1-2-3-1,21.0,9.0,12.0
2019,2019,5-4-5-4-3,1-1-2-2-1,2019__5-4-5-4-3,2019__1-1-2-2-1,21.0,7.0,14.0
2019,2019,5-4-5-4-3,1-1-3-1-1,2019__5-4-5-4-3,2019__1-1-3-1-1,21.0,7.0,14.0
2019,2019,4-5-5-5-1,1-3-5-4-1,2019__4-5-5-5-1,2019__1-3-5-4-1,20.0,14.0,6.0
2019,2019,4-5-5-5-1,1-2-3-2-1,2019__4-5-5-5-1,2019__1-2-3-2-1,20.0,9.0,11.0
2019,2019,4-5-5-5-1,2-1-2-3-1,2019__4-5-5-5-1,2019__2-1-2-3-1,20.0,9.0,11.0
2019,2019,4-5-5-5-1,1-1-2-2-1,2019__4-5-5-5-1,2019__1-1-2-2-1,20.0,7.0,13.0
2019,2019,4-5-5-5-1,1-1-3-1-1,2019__4-5-5-5-1,2019__1-1-3-1-1,20.0,7.0,13.0
2019,2019,1-5-4-5-4,1-1-4-3-3,2019__1-5-4-5-4,2019__1-1-4-3-3,19.0,12.0,7.0
2019,2019,1-5-4-5-4,1-2-3-2-1,2019__1-5-4-5-4,2019__1-2-3-2-1,19.0,9.0,10.0
2019,2019,1-5-4-5-4,1-1-2-2-1,2019__1-5-4-5-4,2019__1-1-2-2-1,19.0,7.0,12.0
2019,2019,1-5-4-5-4,1-1-3-1-1,2019__1-5-4-5-4,2019__1-1-3-1-1,19.0,7.0,12.0
2019,2019,3-3-3-5-5,3-1-1-1-5,2019__3-3-3-5-5,2019__3-1-1-1-5,19.0,11.0,8.0
2019,2019,3-3-3-5-5,3-2-1-2-3,2019__3-3-3-5-5,2019__3-2-1-2-3,19.0,11.0,8.0
2019,2019,3-3-3-5-5,2-1-1-1-5,2019__3-3-3-5-5,2019__2-1-1-1-5,19.0,10.0,9.0
2019,2019,3-3-3-5-5,2-2-2-1-3,2019__3-3-3-5-5,2019__2-2-2-1-3,19.0,10.0,9.0
2019,2019,3-3-3-5-5,1-2-3-2-1,2019__3-3-3-5-5,2019__1-2-3-2-1,19.0,9.0,10.0
2019,2019,3-3-3-5-5,2-1-2-3-1,2019__3-3-3-5-5,2019__2-1-2-3-1,19.0,9.0,10.0
2019,2019,3-3-3-5-5,1-1-2-2-1,2019__3-3-3-5-5,2019__1-1-2-2-1,19.0,7.0,12.0
2019,2019,3-3-3-5-5,1-1-3-1-1,2019__3-3-3-5-5,2019__1-1-3-1-1,19.0,7.0,12.0
2019,2019,4-2-5-4-4,2-2-4-4-4,2019__4-2-5-4-4,2019__2-2-4-4-4,19.0,16.0,3.0
2019,2019,4-2-5-4-4,4-2-1-3-3,2019__4-2-5-4-4,2019__4-2-1-3-3,19.0,13.0,6.0
2019,2019,4-2-5-4-4,4-2-1-4-2,2019__4-2-5-4-4,2019__4-2-1-4-2,19.0,13.0,6.0
2019,2019,4-2-5-4-4,1-1-4-3-3,2019__4-2-5-4-4,2019__1-1-4-3-3,19.0,12.0,7.0
2019,2019,4-2-5-4-4,3-2-1-2-3,2019__4-2-5-4-4,2019__3-2-1-2-3,19.0,11.0,8.0
2019,2019,4-2-5-4-4,2-2-2-1-3,2019__4-2-5-4-4,2019__2-2-2-1-3,19.0,10.0,9.0
2019,2019,4-2-5-4-4,1-2-3-2-1,2019__4-2-5-4-4,2019__1-2-3-2-1,19.0,9.0,10.0
2019,2019,4-2-5-4-4,2-1-2-3-1,2019__4-2-5-4-4,2019__2-1-2-3-1,19.0,9.0,10.0
2019,2019,4-2-5-4-4,1-1-2-2-1,2019__4-2-5-4-4,2019__1-1-2-2-1,19.0,7.0,12.0
2019,2019,4-2-5-4-4,1-1-3-1-1,2019__4-2-5-4-4,2019__1-1-3-1-1,19.0,7.0,12.0
2019,2019,5-4-3-3-4,5-4-1-2-4,2019__5-4-3-3-4,2019__5-4-1-2-4,19.0,16.0,3.0
2019,2019,5-4-3-3-4,4-2-1-3-3,2019__5-4-3-3-4,2019__4-2-1-3-3,19.0,13.0,6.0
2019,2019,5-4-3-3-4,3-2-1-2-3,2019__5-4-3-3-4,2019__3-2-1-2-3,19.0,11.0,8.0
2019,2019,5-4-3-3-4,5-1-2-1-2,2019__5-4-3-3-4,2019__5-1-2-1-2,19.0,11.0,8.0
2019,2019,5-4-3-3-4,2-2-2-1-3,2019__5-4-3-3-4,2019__2-2-2-1-3,19.0,10.0,9.0
2019,2019,5-4-3-3-4,1-2-3-2-1,2019__5-4-3-3-4,2019__1-2-3-2-1,19.0,9.0,10.0
2019,2019,5-4-3-3-4,2-1-2-3-1,2019__5-4-3-3-4,2019__2-1-2-3-1,19.0,9.0,10.0
2019,2019,5-4-3-3-4,1-1-2-2-1,2019__5-4-3-3-4,2019__1-1-2-2-1,19.0,7.0,12.0
2019,2019,5-4-3-3-4,1-1-3-1-1,2019__5-4-3-3-4,2019__1-1-3-1-1,19.0,7.0,12.0
2019,2019,5-5-4-1-4,5-1-2-1-2,2019__5-5-4-1-4,2019__5-1-2-1-2,19.0,11.0,8.0
2019,2019,5-5-4-1-4,2-2-2-1-3,2019__5-5-4-1-4,2019__2-2-2-1-3,19.0,10.0,9.0
2019,2019,5-5-4-1-4,1-1-3-1-1,2019__5-5-4-1-4,2019__1-1-3-1-1,19.0,7.0,12.0
2019,2019,4-3-4-3-4,2-3-4-3-3,2019__4-3-4-3-4,2019__2-3-4-3-3,18.0,15.0,3.0
2019,2019,4-3-4-3-4,4-2-1-3-3,2019__4-3-4-3-4,2019__4-2-1-3-3,18.0,13.0,5.0
2019,2019,4-3-4-3-4,1-1-4-3-3,2019__4-3-4-3-4,2019__1-1-4-3-3,18.0,12.0,6.0
2019,2019,4-3-4-3-4,3-2-1-2-3,2019__4-3-4-3-4,2019__3-2-1-2-3,18.0,11.0,7.0
2019,2019,4-3-4-3-4,2-2-2-1-3,2019__4-3-4-3-4,2019__2-2-2-1-3,18.0,10.0,8.0
2019,2019,4-3-4-3-4,1-2-3-2-1,2019__4-3-4-3-4,2019__1-2-3-2-1,18.0,9.0,9.0
2019,2019,4-3-4-3-4,2-1-2-3-1,2019__4-3-4-3-4,2019__2-1-2-3-1,18.0,9.0,9.0
2019,2019,4-3-4-3-4,1-1-2-2-1,2019__4-3-4-3-4,2019__1-1-2-2-1,18.0,7.0,11.0
2019,2019,4-3-4-3-4,1-1-3-1-1,2019__4-3-4-3-4,2019__1-1-3-1-1,18.0,7.0,11.0
2019,2019,3-4-4-4-2,1-2-3-2-1,2019__3-4-4-4-2,2019__1-2-3-2-1,17.0,9.0,8.0
2019,2019,3-4-4-4-2,2-1-2-3-1,2019__3-4-4-4-2,2019__2-1-2-3-1,17.0,9.0,8.0
2019,2019,3-4-4-4-2,1-1-2-2-1,2019__3-4-4-4-2,2019__1-1-2-2-1,17.0,7.0,10.0
2019,2019,3-4-4-4-2,1-1-3-1-1,2019__3-4-4-4-2,2019__1-1-3-1-1,17.0,7.0,10.0
2019,2019,3-5-5-2-2,2-5-3-2-2,2019__3-5-5-2-2,2019__2-5-3-2-2,17.0,14.0,3.0
2019,2019,3-5-5-2-2,1-2-3-2-1,2019__3-5-5-2-2,2019__1-2-3-2-1,17.0,9.0,8.0
2019,2019,3-5-5-2-2,1-1-2-2-1,2019__3-5-5-2-2,2019__1-1-2-2-1,17.0,7.0,10.0
2019,2019,3-5-5-2-2,1-1-3-1-1,2019__3-5-5-2-2,2019__1-1-3-1-1,17.0,7.0,10.0
2019,2019,2-2-4-4-4,1-1-4-3-3,2019__2-2-4-4-4,2019__1-1-4-3-3,16.0,12.0,4.0
2019,2019,2-2-4-4-4,2-2-2-1-3,2019__2-2-4-4-4,2019__2-2-2-1-3,16.0,10.0,6.0
2019,2019,2-2-4-4-4,1-2-3-2-1,2019__2-2-4-4-4,2019__1-2-3-2-1,16.0,9.0,7.0
2019,2019,2-2-4-4-4,2-1-2-3-1,2019__2-2-4-4-4,2019__2-1-2-3-1,16.0,9.0,7.0
2019,2019,2-2-4-4-4,1-1-2-2-1,2019__2-2-4-4-4,2019__1-1-2-2-1,16.0,7.0,9.0
2019,2019,2-2-4-4-4,1-1-3-1-1,2019__2-2-4-4-4,2019__1-1-3-1-1,16.0,7.0,9.0
2019,2019,3-4-2-5-2,2-1-2-3-1,2019__3-4-2-5-2,2019__2-1-2-3-1,16.0,9.0,7.0
2019,2019,3-4-2-5-2,1-1-2-2-1,2019__3-4-2-5-2,2019__1-1-2-2-1,16.0,7.0,9.0
2019,2019,4-5-2-2-3,3-2-1-2-3,2019__4-5-2-2-3,2019__3-2-1-2-3,16.0,11.0,5.0
2019,2019,4-5-2-2-3,2-2-2-1-3,2019__4-5-2-2-3,2019__2-2-2-1-3,16.0,10.0,6.0
2019,2019,4-5-2-2-3,1-1-2-2-1,2019__4-5-2-2-3,2019__1-1-2-2-1,16.0,7.0,9.0
2019,2019,5-3-2-5-1,2-1-2-3-1,2019__5-3-2-5-1,2019__2-1-2-3-1,16.0,9.0,7.0
2019,2019,5-3-2-5-1,1-1-2-2-1,2019__5-3-2-5-1,2019__1-1-2-2-1,16.0,7.0,9.0
2019,2019,5-4-1-2-4,3-2-1-2-3,2019__5-4-1-2-4,2019__3-2-1-2-3,16.0,11.0,5.0
2019,2019,2-3-4-3-3,1-1-4-3-3,2019__2-3-4-3-3,2019__1-1-4-3-3,15.0,12.0,3.0
2019,2019,2-3-4-3-3,2-2-2-1-3,2019__2-3-4-3-3,2019__2-2-2-1-3,15.0,10.0,5.0
2019,2019,2-3-4-3-3,1-2-3-2-1,2019__2-3-4-3-3,2019__1-2-3-2-1,15.0,9.0,6.0
2019,2019,2-3-4-3-3,2-1-2-3-1,2019__2-3-4-3-3,2019__2-1-2-3-1,15.0,9.0,6.0
2019,2019,2-3-4-3-3,1-1-2-2-1,2019__2-3-4-3-3,2019__1-1-2-2-1,15.0,7.0,8.0
2019,2019,2-3-4-3-3,1-1-3-1-1,2019__2-3-4-3-3,2019__1-1-3-1-1,15.0,7.0,8.0
2019,2019,2-3-5-3-2,1-2-3-2-1,2019__2-3-5-3-2,2019__1-2-3-2-1,15.0,9.0,6.0
2019,2019,2-3-5-3-2,2-1-2-3-1,2019__2-3-5-3-2,2019__2-1-2-3-1,15.0,9.0,6.0
2019,2019,2-3-5-3-2,1-1-2-2-1,2019__2-3-5-3-2,2019__1-1-2-2-1,15.0,7.0,8.0
2019,2019,2-3-5-3-2,1-1-3-1-1,2019__2-3-5-3-2,2019__1-1-3-1-1,15.0,7.0,8.0
2019,2019,4-4-1-1-5,3-1-1-1-5,2019__4-4-1-1-5,2019__3-1-1-1-5,15.0,11.0,4.0
2019,2019,4-4-1-1-5,2-1-1-1-5,2019__4-4-1-1-5,2019__2-1-1-1-5,15.0,10.0,5.0
2019,2019,1-3-5-4-1,1-2-3-2-1,2019__1-3-5-4-1,2019__1-2-3-2-1,14.0,9.0,5.0
2019,2019,1-3-5-4-1,1-1-2-2-1,2019__1-3-5-4-1,2019__1-1-2-2-1,14.0,7.0,7.0
2019,2019,1-3-5-4-1,1-1-3-1-1,2019__1-3-5-4-1,2019__1-1-3-1-1,14.0,7.0,7.0
2019,2019,2-5-3-2-2,1-2-3-2-1,2019__2-5-3-2-2,2019__1-2-3-2-1,14.0,9.0,5.0
2019,2019,2-5-3-2-2,1-1-2-2-1,2019__2-5-3-2-2,2019__1-1-2-2-1,14.0,7.0,7.0
2019,2019,2-5-3-2-2,1-1-3-1-1,2019__2-5-3-2-2,2019__1-1-3-1-1,14.0,7.0,7.0
2019,2019,4-2-1-3-3,3-2-1-2-3,2019__4-2-1-3-3,2019__3-2-1-2-3,13.0,11.0,2.0
2019,2019,1-1-4-3-3,1-1-2-2-1,2019__1-1-4-3-3,2019__1-1-2-2-1,12.0,7.0,5.0
2019,2019,1-1-4-3-3,1-1-3-1-1,2019__1-1-4-3-3,2019__1-1-3-1-1,12.0,7.0,5.0
2019,2019,3-1-1-1-5,2-1-1-1-5,2019__3-1-1-1-5,2019__2-1-1-1-5,11.0,10.0,1.0
2019,2019,1-2-3-2-1,1-1-2-2-1,2019__1-2-3-2-1,2019__1-1-2-2-1,9.0,7.0,2.0
2019,2019,1-2-3-2-1,1-1-3-1-1,2019__1-2-3-2-1,2019__1-1-3-1-1,9.0,7.0,2.0
2019,2019,2-1-2-3-1,1-1-2-2-1,2019__2-1-2-3-1,2019__1-1-2-2-1,9.0,7.0,2.0
