Country,Year,Value
ALB,2011,69.1921886031503
ALB,2012,64.0504160397904
ALB,2013,70.4662619818776
ALB,2014,72.9442880579616
ALB,2015,79.2842872907886
ALB,2016,79.8771647108445
ALB,2017,74.5233409273812
ALB,2018,63.6337689521087
ALB,2019,74.8082518103115
ALB,2020,83.4542023899143
ALB,2021,81.9202285507536
ALB,2022,58.5241429999966
ALB,2023,53.0292543715132
ALB,2024,49.9643490499689
AND,2018,39.5661427058603
AND,2019,38.83800907991
AND,2020,52.4833906656816
AND,2021,58.756056270967
AND,2022,48.115804536322
AND,2023,42.5637250641322
AND,2024,40.0274935542564
ARE,2013,1.80326774795663
ARM,2019,50.0284206863703
ARM,2020,63.4012140067668
ARM,2021,60.080359768226
ARM,2022,46.5518225541677
ARM,2023,48.0562986764141
ARM,2024,47.8813384886388
AUS,2000,29.4708236736698
AUS,2001,27.6400889435694
AUS,2002,25.8412136969849
AUS,2003,25.0320718409237
AUS,2004,22.8245660455405
AUS,2005,22.3700818832059
AUS,2006,21.4023842789788
AUS,2007,20.0582738191257
AUS,2008,18.1404251935735
AUS,2009,23.7918159800555
AUS,2010,28.5706752868622
AUS,2011,30.0025299553744
AUS,2012,39.3096720165071
AUS,2013,37.4031396926122
AUS,2014,41.5409287207942
AUS,2015,46.293292747612
AUS,2016,54.463570652249
AUS,2017,53.1037976577229
AUS,2018,54.3001380799371
AUS,2019,59.9837867004913
AUS,2020,69.0656538994855
AUS,2021,69.836773674895
AUS,2022,57.8834285733848
AUS,2023,54.006
AUS,2024,56.137
AUT,2007,70.344
AUT,2008,75.631
AUT,2009,87.914
AUT,2010,92.261
AUT,2011,93.257
AUT,2012,100.813
AUT,2013,98.05
AUT,2014,105.613
AUT,2015,103.842
AUT,2016,103.555
AUT,2017,97.494
AUT,2018,92.153
AUT,2019,90.442
AUT,2020,107.945
AUT,2021,101.618
AUT,2022,80.241
AUT,2023,81.667
AUT,2024,83.521
AZE,2008,4.57653797474662
AZE,2009,6.29501240116287
AZE,2010,6.38557579182856
BEL,2007,94.929
BEL,2008,102.712
BEL,2009,110.733
BEL,2010,109.089
BEL,2011,111.361
BEL,2012,120.994
BEL,2013,118.727
BEL,2014,130.739
BEL,2015,127.426
BEL,2016,129.017
BEL,2017,122.963
BEL,2018,119.771
BEL,2019,121.441
BEL,2020,139.142
BEL,2021,129.195
BEL,2022,102.799
BEL,2023,104.118
BEL,2024,103.599
BFA,2018,45.5738610534927
BFA,2019,47.0623633717549
BFA,2020,73.3851925518101
BFA,2021,55.5822235545459
BFA,2022,63.1897248087734
BFA,2023,61.9320439111455
BGD,2001,31.4618431575804
BGD,2002,31.863991518402
BGD,2003,31.2044521104432
BGR,2007,48.474
BGR,2008,36.754
BGR,2009,42.712
BGR,2010,44.294
BGR,2011,42.089
BGR,2012,46.741
BGR,2013,47.963
BGR,2014,67.873
BGR,2015,63.503
BGR,2016,73.292
BGR,2017,66.658
BGR,2018,60.139
BGR,2019,56.976
BGR,2020,67.402
BGR,2021,68.068
BGR,2022,62.32
BGR,2023,62.726
BGR,2024,63.835
BHR,2000,25.7450148929614
BHR,2001,27.1047836328351
BHR,2002,28.3796671065326
BHR,2003,32.4533576041094
BHR,2004,29.3985591955441
BHR,2006,20.2540605565848
BHR,2007,7.54545632569935
BHR,2008,7.2926256555605
BHR,2009,15.6294022913075
BHR,2010,29.0713708137176
BHR,2011,34.5689325404164
BHR,2012,35.6065986264045
BHR,2013,42.2700248553772
BHR,2014,43.5275770260668
BHR,2015,60.7584088656577
BHR,2016,70.5694533398636
BHR,2017,77.5251429515026
BHR,2018,84.3014580347853
BHR,2019,91.3598106259863
BHR,2020,111.598089477141
BHS,2000,18.7520042790972
BHS,2006,22.7774542844919
BHS,2007,22.9908535609144
BHS,2008,25.45550066502
BHS,2009,30.908208407968
BHS,2010,33.6922817103418
BHS,2011,35.306429206242
BHS,2012,36.4498330286183
BHS,2013,44.7663646864529
BHS,2014,46.3248467111347
BHS,2015,47.6225079407988
BHS,2016,50.2046646297839
BHS,2017,52.624565152769
BHS,2018,56.5027068771842
BHS,2019,56.6924606462303
BHS,2020,79.0414158203086
BHS,2021,82.5398306524293
BHS,2022,77.6639776530748
BHS,2023,73.7303208143
BHS,2024,71.4578214596313
BIH,2011,45.8346942869169
BIH,2012,49.0902635279898
BIH,2013,49.6097495387668
BIH,2014,53.5008593062732
BIH,2016,52.2381270463661
BIH,2017,47.3715635812666
BIH,2018,44.8932316814539
BIH,2019,44.0235714265967
BIH,2020,45.4216327901094
BIH,2021,46.974819377832
BIH,2022,41.7435105198961
BIH,2023,40.3101186314933
BIH,2024,39.9087988103405
BLR,2000,15.0144518163306
BLR,2001,11.440616774975
BLR,2002,12.3366860124798
BLR,2005,6.57022058767027
BLR,2006,6.64440183178372
BLR,2007,8.9092608163614
BLR,2008,10.6566343685377
BLR,2009,18.5574619808712
BLR,2010,18.905245726907
BLR,2011,39.4168108447656
BLR,2012,24.4293134230567
BLR,2013,23.8372955552391
BLR,2014,24.5487262642116
BLR,2015,37.5981780556757
BLR,2016,38.9240984107258
BLR,2017,39.8801045313301
BLR,2018,37.0957369908527
BLR,2019,33.2442039424903
BLZ,2002,50.4310172089739
BLZ,2003,66.6155817914396
BLZ,2004,78.5645928230355
BLZ,2005,69.6837899301797
BLZ,2006,67.1012109617633
BLZ,2007,64.0974458625061
BLZ,2008,62.033292116626
BLZ,2009,64.9499537251718
BLZ,2010,64.0391039757611
BLZ,2011,62.4120191090005
BLZ,2012,61.1385471733495
BLZ,2013,61.1342977094366
BLZ,2014,61.0308317738748
BOL,2000,60.1091977404058
BOL,2001,68.3398527645303
BRA,2009,87.124
BRA,2010,61.3187804637225
BRA,2011,59.3416583034432
BRA,2012,59.8494900003683
BRA,2013,57.2284093842608
BRA,2014,58.4572711057739
BRA,2015,67.5375540307946
BRA,2016,73.4188038019563
BRA,2017,83.6692026491606
BRA,2018,86.6078841212333
BRA,2019,92.5652531951269
BRA,2020,98.7098819471851
BRA,2021,85.011503676948
BRA,2022,79.1023218880378
BRA,2023,83.0317498523499
BRA,2024,81.8554431189056
BRB,2005,63.7916238643802
BRB,2006,62.3690591999655
BRB,2007,66.8016267359889
BRB,2008,71.0883224744168
BRB,2009,86.8542626598636
BRB,2010,76.4393226392145
BRB,2011,82.4489816884745
BRB,2012,90.2372160393651
BRB,2013,99.4343885869565
BRB,2014,108.313205218304
BRB,2015,117.275144046752
BRB,2016,125.131136441335
BTN,2000,37.2923933577388
BTN,2001,67.1679909951713
BTN,2002,54.1217805841119
BTN,2003,65.6287612724923
BTN,2004,71.8993384935838
BTN,2005,75.6957100342792
BTN,2006,71.297555656776
BTN,2007,59.811072814383
BTN,2008,57.6965298565065
BTN,2009,53.9367496631031
BTN,2010,50.9195301727763
BTN,2011,57.5496480907902
BTN,2012,67.0148156229242
BTN,2013,88.9492144824279
BTN,2014,84.9990711320017
BTN,2015,81.0505609933361
BTN,2016,92.2912012820179
BTN,2017,95.7786849944102
BTN,2018,95.847821202237
BTN,2019,90.3573525676224
BTN,2020,111.007884099526
BWA,2006,6.02356808660498
BWA,2007,5.9431764131185
BWA,2008,8.00402997376666
BWA,2009,19.2517818685668
BWA,2010,21.8862970525722
BWA,2011,21.0743622822987
BWA,2012,20.6231807851092
BWA,2013,19.0163812887175
BWA,2014,18.3257336074772
BWA,2015,19.086977673602
BWA,2016,15.8049523139869
BWA,2017,14.6807691758665
BWA,2018,15.2307151442609
BWA,2019,16.193904309718
BWA,2020,19.6161332466694
CAN,2000,58.7379742383571
CAN,2001,57.4583564504362
CAN,2002,54.1491194927984
CAN,2003,51.2713370557453
CAN,2004,46.8009858324025
CAN,2005,46.0616514241618
CAN,2006,43.2916781929928
CAN,2007,39.1585639491399
CAN,2008,45.3205112731135
CAN,2009,53.1924466726998
CAN,2010,53.1497329605545
CAN,2011,54.1193858391726
CAN,2012,55.7251649377054
CAN,2013,53.200869076551
CAN,2014,51.4827081297932
CAN,2015,55.9915837788793
CAN,2016,56.0236243991088
CAN,2017,54.4625651849142
CAN,2018,53.1515356456582
CAN,2019,53.3623246913959
CAN,2020,74.5544073791525
CAN,2021,68.7795713723483
CAN,2022,59.704132672031
CAN,2023,61.1023208728582
CAN,2024,64.8871578917218
CHE,2000,25.7779061612304
CHE,2001,24.7027735782155
CHE,2002,29.742984484904
CHE,2003,28.8028890808021
CHE,2004,29.3653695166451
CHE,2005,29.3971783222549
CHE,2006,25.7683538859672
CHE,2007,23.655829446943
CHE,2008,23.082653900009
CHE,2009,21.7016373939593
CHE,2010,20.9935662243333
CHE,2011,21.1420070501854
CHE,2012,21.3444959349686
CHE,2013,20.218157443689
CHE,2014,20.611242786827
CHE,2015,20.4392949592688
CHE,2016,19.3809926558719
CHE,2017,20.2844118326667
CHE,2018,18.678118566674
CHE,2019,18.9542598066682
CHE,2020,20.8521076737596
CHE,2021,19.9391907506215
CHE,2022,17.5861857642239
CHE,2023,19.8822985282172
CHE,2024,23.0721464329694
CHL,2000,13.1456400046218
CHL,2007,11.376
CHL,2008,12.516
CHL,2009,13.449
CHL,2010,15.403
CHL,2011,17.994
CHL,2012,18.453
CHL,2013,19.032
CHL,2014,22.375
CHL,2015,24.293
CHL,2016,28.39
CHL,2017,29.364
CHL,2018,32.205
CHL,2019,38.768
CHL,2020,44.23
CHL,2021,42.267
CHL,2022,41.235
CHL,2023,43.15
CHL,2024,45.832
COD,2022,14.9405246182608
COG,2009,60.2269417189103
COG,2010,25.4826844740907
COL,2000,17.7090216802298
COL,2003,52.535419533379
COL,2008,65.2450803056946
COL,2009,68.9990033374936
COL,2010,72.4526699261111
COL,2011,62.8601328222053
COL,2012,65.227695883164
COL,2013,67.1029119456429
COL,2014,47.9761695160459
COL,2015,53.2785874737167
COL,2016,66.9071609125065
COL,2017,66.7272478472146
COL,2018,71.6505702481056
COL,2019,72.7038785770822
COL,2020,91.1566069449736
COL,2021,80.4259616037106
COL,2022,70.2611599864283
COL,2023,71.3312731896082
COL,2024,71.4831261616001
CRI,2000,38.5018488599169
CRI,2001,39.3351119117989
CZE,2007,30.775
CZE,2008,33.221
CZE,2009,39.998
CZE,2010,43.897
CZE,2011,46.908
CZE,2012,56.177
CZE,2013,55.984
CZE,2014,54.819
CZE,2015,51.955
CZE,2016,47.529
CZE,2017,43.217
CZE,2018,39.717
CZE,2019,37.236
CZE,2020,46.039
CZE,2021,46.722
CZE,2022,45.886
CZE,2023,48.412
CZE,2024,48.961
DEU,2007,66.353
DEU,2008,70.835
DEU,2009,77.437
DEU,2010,86.568
DEU,2011,85.513
DEU,2012,88.189
DEU,2013,83.522
DEU,2014,83.445
DEU,2015,79.215
DEU,2016,76.533
DEU,2017,71.905
DEU,2018,68.835
DEU,2019,67.703
DEU,2020,80.803
DEU,2021,78.389
DEU,2022,63.954
DEU,2023,63.331
DEU,2024,62.863
DNK,2007,37.457
DNK,2008,43.527
DNK,2009,52.878
DNK,2010,56.257
DNK,2011,64.907
DNK,2012,64.889
DNK,2013,59.587
DNK,2014,63.791
DNK,2015,58.068
DNK,2016,56.946
DNK,2017,54.103
DNK,2018,52.673
DNK,2019,54.298
DNK,2020,62.65
DNK,2021,54.313
DNK,2022,39.062
DNK,2023,39.901
DNK,2024,37.848
EGY,2007,85.7885338345865
ESP,2000,56.4602218744994
ESP,2001,51.9977631328672
ESP,2002,50.1525230848091
ESP,2003,45.4755013109904
ESP,2004,43.4376841299849
ESP,2005,40.2343199754081
ESP,2006,35.7479971637415
ESP,2007,31.7331273426985
ESP,2008,35.7047178362371
ESP,2009,48.1994103860454
ESP,2010,49.9611949485467
ESP,2011,57.7899857640377
ESP,2012,77.446159411603
ESP,2013,91.8693310672975
ESP,2014,104.927837414283
ESP,2015,104.513601500945
ESP,2016,105.968137016467
ESP,2017,106.577780516625
ESP,2018,107.203121919581
ESP,2019,111.293101240882
ESP,2020,138.955245532848
ESP,2021,132.547539168518
ESP,2022,109.021131387118
ESP,2023,107.392919205272
ESP,2024,105.639074777338
EST,2007,7.301
EST,2008,8.583
EST,2009,13.4
EST,2010,13.182
EST,2011,10.866
EST,2012,14.369
EST,2013,14.732
EST,2014,14.689
EST,2015,13.384
EST,2016,13.781
EST,2017,13.286
EST,2018,13.089
EST,2019,13.831
EST,2020,25.172
EST,2021,25.084
EST,2022,26.31
EST,2023,28.847
EST,2024,33.012
ETH,2013,10.733283781495
ETH,2014,26.9372797365191
ETH,2015,27.9431250379303
ETH,2016,29.0056817322355
ETH,2017,30.0951138170263
ETH,2018,32.5332245901733
ETH,2019,31.4488445669584
EUOECD,2007,69.2
EUOECD,2008,73.96
EUOECD,2009,84.39
EUOECD,2010,88.27
EUOECD,2011,89.2
EUOECD,2012,98.9
EUOECD,2013,100.7
EUOECD,2014,106.41
EUOECD,2015,103.87
EUOECD,2016,103.37
EUOECD,2017,99.9
EUOECD,2018,96.69
EUOECD,2019,97.09
EUOECD,2020,113.6
EUOECD,2021,107.13
EUOECD,2022,89.7
EUOECD,2023,90.26
EUOECD,2024,89.93
FIN,2007,41.088
FIN,2008,40.325
FIN,2009,51.636
FIN,2010,58.016
FIN,2011,61.005
FIN,2012,68.257
FIN,2013,69.126
FIN,2014,76.284
FIN,2015,80.375
FIN,2016,81.128
FIN,2017,78.47
FIN,2018,75.754
FIN,2019,75.626
FIN,2020,87.225
FIN,2021,82.097
FIN,2022,74.64
FIN,2023,80.116
FIN,2024,85.319
FRA,2007,77.26
FRA,2008,83.411
FRA,2009,97.951
FRA,2010,101.194
FRA,2011,103.391
FRA,2012,111.394
FRA,2013,112.727
FRA,2014,120.963
FRA,2015,121.554
FRA,2016,124.916
FRA,2017,124.781
FRA,2018,122.765
FRA,2019,122.844
FRA,2020,144.473
FRA,2021,136.655
FRA,2022,115.382
FRA,2023,116.269
FRA,2024,116.683
FSM,2008,27.1265032594345
FSM,2009,25.9631355889374
FSM,2010,24.6789076055627
FSM,2011,25.5717958565802
FSM,2012,27.4856202419944
FSM,2013,26.6937762883914
FSM,2014,23.7828362712429
FSM,2015,30.5527561343995
FSM,2016,25.9593969230769
FSM,2017,31.5972203342618
FSM,2018,23.6979660714286
FSM,2019,24.1514441624365
FSM,2020,27.7955651702173
GBR,2000,87.284376049437
GBR,2001,84.04178204707
GBR,2002,86.1686223366587
GBR,2003,86.4073086616893
GBR,2004,90.2045973945536
GBR,2005,91.8639528693767
GBR,2006,91.788062892401
GBR,2007,93.3735852072108
GBR,2008,104.84023075526
GBR,2009,122.887383328898
GBR,2010,130.497283454602
GBR,2011,143.125971214621
GBR,2012,146.371335905972
GBR,2013,141.033172505075
GBR,2014,149.584281299965
GBR,2015,147.063146778865
GBR,2016,155.581504971929
GBR,2017,160.141177233502
GBR,2018,156.766820519267
GBR,2019,158.972569875821
GBR,2020,194.682828796265
GBR,2021,183.804848939919
GBR,2022,138.215904304967
GBR,2023,136.142431919028
GBR,2024,131.073062954793
GEO,2000,58.5196339627013
GEO,2001,56.0323643991609
GEO,2002,55.4493025751073
GEO,2003,45.5074088345535
GEO,2004,36.9156072188349
GEO,2005,29.2292335361289
GEO,2006,23.090087672862
GEO,2007,19.2040626581459
GEO,2008,23.4732554299105
GEO,2009,30.8567774936061
GEO,2010,31.4208316402546
GEO,2011,27.6972297789187
GEO,2012,28.1048141377209
GEO,2013,28.9477658041046
GEO,2014,30.3921568627451
GEO,2015,36.0003473428274
GEO,2016,39.4788389461877
GEO,2017,38.8413159167876
GEO,2018,38.2238727024287
GEO,2019,44.723685798174
GEO,2020,65.193315792645
GEO,2021,54.7271260127791
GEO,2022,42.9693933571232
GEO,2023,43.4063813624702
GEO,2024,40.0993201611166
GRC,2007,114.683
GRC,2008,119.247
GRC,2009,137.374
GRC,2010,130.668
GRC,2011,113.482
GRC,2012,169.329
GRC,2013,183.198
GRC,2014,184.325
GRC,2015,185.291
GRC,2016,189.048
GRC,2017,192.507
GRC,2018,198.238
GRC,2019,198.326
GRC,2020,233.197
GRC,2021,220.349
GRC,2022,192.4
GRC,2023,180.337
GRC,2024,169.93
GTM,2000,16.9838230125753
GTM,2001,20.2690233179284
GTM,2002,18.692477319178
GTM,2003,21.0384409661569
GTM,2004,22.1444573926966
GTM,2005,21.6021201382389
GTM,2006,22.2347729614565
GTM,2007,21.986997531652
GTM,2008,20.383408037295
GTM,2009,23.3939731993278
GTM,2010,24.8169594138567
GTM,2011,24.5639597782709
GTM,2012,24.7007424112068
GTM,2013,25.2099619740494
HRV,2007,45.014
HRV,2008,47.419
HRV,2009,58.074
HRV,2010,67.5
HRV,2011,74.132
HRV,2012,80.765
HRV,2013,89.924
HRV,2014,97.658
HRV,2015,101.095
HRV,2016,98.529
HRV,2017,92.155
HRV,2018,90.312
HRV,2019,88.177
HRV,2020,106.556
HRV,2021,98.324
HRV,2022,89.406
HRV,2023,80.537
HRV,2024,75.662
HUN,2000,61.6159572531064
HUN,2001,59.8612785648418
HUN,2002,59.6833271190358
HUN,2003,60.5731508002625
HUN,2004,63.7677193421039
HUN,2005,65.8167847155483
HUN,2006,68.8174002831763
HUN,2007,69.6770160641219
HUN,2008,73.3327228037818
HUN,2009,81.9727102365894
HUN,2010,81.9782851366397
HUN,2011,91.2838583706876
HUN,2012,95.209254283133
HUN,2013,95.9738781592431
HUN,2014,100.093027733158
HUN,2015,98.3779020318993
HUN,2016,98.6243511146021
HUN,2017,93.7843161146645
HUN,2018,88.0341072816668
HUN,2019,84.5853805934757
HUN,2020,97.2770501317352
HUN,2021,88.7340289766468
HUN,2022,77.9862613165307
HUN,2023,82.2901905933258
HUN,2024,82.0347002217277
IDN,2002,32.2241265309989
IDN,2003,29.7173962466428
IDN,2008,34.2250282105616
IDN,2009,29.997306381567
IDN,2016,30.713
IDN,2017,32.51
IDN,2018,33.281
IDN,2019,33.705
IDN,2020,42.817
IDN,2021,44.911
IND,2000,55.0042464964554
IND,2001,59.0179097968845
IND,2002,62.5527712945573
IND,2003,62.1900538960464
IND,2004,62.5929767433885
IND,2005,62.2265261001737
IND,2006,59.6667302762217
IND,2007,57.4975363892468
IND,2008,57.2922142809949
IND,2009,55.2564461117969
IND,2010,51.5919103003897
IND,2011,51.5565536600977
IND,2012,50.6780305618952
IND,2013,50.3118273627008
IND,2014,49.9009248748319
IND,2015,49.9647183856551
IND,2016,47.6337555915272
IND,2017,47.5836093800197
IND,2018,46.5224986659322
IRL,2007,27.475
IRL,2008,47.291
IRL,2009,67.47
IRL,2010,83.449
IRL,2011,109.933
IRL,2012,128.334
IRL,2013,131.154
IRL,2014,122.619
IRL,2015,89.383
IRL,2016,87.289
IRL,2017,76.644
IRL,2018,74.397
IRL,2019,68.778
IRL,2020,71.433
IRL,2021,62.867
IRL,2022,45.103
IRL,2023,44.639
IRL,2024,38.486
IRQ,2015,27.3918908850844
IRQ,2016,29.4760678291372
IRQ,2017,35.8630061595051
IRQ,2018,27.438248367378
ISL,2000,57.5281607671929
ISL,2001,59.6429980173993
ISL,2002,55.714632803046
ISL,2003,53.8074063105902
ISL,2004,47.8003800930389
ISL,2005,83.2677822586796
ISL,2006,85.9662539768117
ISL,2007,83.0821198008625
ISL,2008,128.506321494882
ISL,2009,145.104759933745
ISL,2010,148.777767489614
ISL,2011,155.158764944293
ISL,2012,150.774647210171
ISL,2013,139.919746812041
ISL,2014,134.408470670298
ISL,2015,116.155544806503
ISL,2016,101.938031553476
ISL,2017,89.2469810873099
ISL,2018,80.6816491232151
ISL,2019,89.0165347839031
ISL,2020,98.4737480563637
ISL,2021,94.3257130314702
ISL,2022,85.1196750795497
ISL,2023,80.155194216912
ISL,2024,66.558
ISR,2007,78.682
ISR,2008,79.667
ISR,2009,82.616
ISR,2010,79.469
ISR,2011,77.705
ISR,2012,78.844
ISR,2013,77.006
ISR,2014,77.72
ISR,2015,78.503
ISR,2016,77.112
ISR,2017,73.879
ISR,2018,72.05
ISR,2019,74.651
ISR,2020,86.799
ISR,2021,82.853
ISR,2022,68.458
ISR,2024,68.16
ITA,2007,109.755
ITA,2008,112.129
ITA,2009,125.046
ITA,2010,123.832
ITA,2011,116.961
ITA,2012,135.133
ITA,2013,142.801
ITA,2014,154.841
ITA,2015,155.859
ITA,2016,153.176
ITA,2017,150.633
ITA,2018,145.844
ITA,2019,152.884
ITA,2020,181.381
ITA,2021,169.047
ITA,2022,145.096
ITA,2023,147.473
ITA,2024,147.979
JAM,2000,98.3341557109605
JAM,2001,117.535033564029
JAM,2002,127.777467033609
JAM,2003,127.433255587593
JAM,2004,122.008068595913
JAM,2005,121.00247616654
JAM,2006,117.698811478754
JAM,2007,112.989990199089
JAM,2008,120.339824591656
JAM,2009,134.678769793404
JAM,2010,136.224334891016
JAM,2011,133.978459775192
JAM,2012,137.934669887058
JAM,2013,135.885094993632
JAM,2014,132.413890497651
JAM,2015,118.195358706681
JAM,2016,115.889445482292
JAM,2017,96.136723606367
JAM,2019,85.7693465475141
JAM,2020,97.8664003352989
JOR,2000,93.7109707103206
JOR,2001,90.8265631629398
JOR,2002,85.0740359140418
JOR,2003,88.9183393971254
JOR,2004,89.0222348564437
JOR,2005,79.9498072958681
JOR,2006,72.6249133521929
JOR,2007,69.9595261843331
JOR,2008,55.0660525842339
JOR,2009,59.2214668762727
JOR,2010,59.7710843617397
JOR,2011,60.4217719904335
JOR,2012,65.3506139398579
JOR,2013,73.723812248079
JOR,2014,77.7139917549107
JOR,2015,78.8614496694168
JOR,2016,74.071860773415
JOR,2017,75.3805020477717
JOR,2019,79.3448532492717
JOR,2020,75.9660726859906
JOR,2021,98.9957033934574
JOR,2022,100.908283146258
JOR,2023,102.847276112668
JPN,2007,153.206
JPN,2008,158.574
JPN,2009,178.947
JPN,2010,183.025
JPN,2011,198.697
JPN,2012,207.247
JPN,2013,209.531
JPN,2014,217.044
JPN,2015,220.698
JPN,2016,220.111
JPN,2017,219.866
JPN,2018,223.899
JPN,2019,225.311
JPN,2020,246.677
JPN,2021,243.816
JPN,2022,242.438
JPN,2023,227.994
JPN,2024,212.291
KAZ,2010,9.52296325134078
KAZ,2011,8.80131007226425
KAZ,2012,10.4981138465889
KAZ,2013,10.8406391538642
KAZ,2014,12.6469696266918
KAZ,2015,19.307916061599
KAZ,2016,16.7694252748762
KAZ,2017,16.9303582595661
KAZ,2018,21.9922369362835
KAZ,2019,18.4830469477519
KAZ,2020,23.7157605024381
KAZ,2021,22.4120405815457
KAZ,2022,21.3547830101811
KAZ,2023,20.8858497183933
KGZ,2014,53.8893270176244
KGZ,2015,72.4565575830671
KGZ,2016,60.4735108680683
KGZ,2017,60.9182286766387
KGZ,2018,51.6567858407378
KGZ,2019,51.3325378370411
KGZ,2020,67.9562222931595
KGZ,2021,56.3623694600643
KGZ,2022,47.085480540382
KGZ,2023,40.54198900827
KGZ,2024,40.2318478859281
KHM,2021,28.0325110484223
KHM,2022,27.4923946808839
KHM,2023,50.3420177209934
KNA,2002,79.2688095806907
KNA,2003,92.3085420315927
KNA,2004,90.828054331704
KNA,2005,92.3212291448103
KNA,2006,84.6590647845878
KNA,2007,97.046322814295
KNA,2008,92.4815575039171
KNA,2009,100.754350550575
KNA,2010,104.877909576037
KNA,2011,103.00959046712
KNA,2012,96.9555960797348
KNA,2013,67.1288453720016
KNA,2014,57.666394367293
KOR,2007,25.423
KOR,2008,26.282
KOR,2009,28.771
KOR,2010,30.574
KOR,2011,33.073
KOR,2012,31.0184112293818
KOR,2013,33.3707589515616
KOR,2014,34.8171173128439
KOR,2015,35.7105611200011
KOR,2016,36.1498684786294
KOR,2017,35.4459831845843
KOR,2018,35.5200546750178
KOR,2019,37.6954834097738
KOR,2020,43.775799174588
KOR,2021,45.8328934501884
KOR,2022,47.6110651856141
KOR,2023,48.5543799702909
KOR,2024,48.542
LCA,2000,30.8776806989674
LCA,2001,40.0705394190871
LCA,2002,50.0329218106996
LCA,2003,48.5183795948987
LCA,2004,49.5833333333333
LCA,2005,52.0352250489237
LCA,2006,47.1957374440562
LCA,2007,45.2980532065982
LCA,2008,41.6345301264286
LCA,2009,43.3977023635892
LCA,2010,45.8570272133998
LKA,2000,96.9040326453759
LKA,2001,103.219274149885
LKA,2002,105.524990754701
LKA,2003,102.270712023476
LKA,2004,102.328536698869
LKA,2005,90.6049131149854
LKA,2006,88.6994841221229
LKA,2007,84.9944169483341
LKA,2009,86.063491912486
LKA,2010,69.2530251841806
LKA,2011,68.5257394056158
LKA,2012,66.747235367113
LKA,2013,68.3536165599981
LKA,2014,68.5910423357715
LKA,2015,73.5126591624451
LSO,2008,37.5171853858454
LSO,2009,41.6905722621989
LSO,2010,29.563599276758
LSO,2011,27.1308905908949
LSO,2012,32.1837873350535
LSO,2013,33.208634984126
LSO,2014,33.0174927862044
LSO,2015,33.1383846153849
LSO,2016,42.0604324864983
LSO,2017,37.368022786851
LSO,2018,32.8447143461545
LSO,2019,32.1670318908686
LSO,2020,2.99271686140967
LTU,2007,19.388
LTU,2008,17.125
LTU,2009,34.082
LTU,2010,46.104
LTU,2011,46.095
LTU,2012,51.513
LTU,2013,48.234
LTU,2014,52.906
LTU,2015,53.196
LTU,2016,50.986
LTU,2017,47.104
LTU,2018,40.239
LTU,2019,44.154
LTU,2020,54.671
LTU,2021,50.186
LTU,2022,37.818
LTU,2023,38.559
LTU,2024,40.387
LUX,2007,17.207
LUX,2008,24.694
LUX,2009,22.501
LUX,2010,27.458
LUX,2011,26.794
LUX,2012,27.621
LUX,2013,28.172
LUX,2014,29.055
LUX,2015,29.134
LUX,2016,27.064
LUX,2017,28.761
LUX,2018,29.214
LUX,2019,30.845
LUX,2020,32.988
LUX,2021,31.152
LUX,2022,29.779
LUX,2023,30.44
LUX,2024,31.704
LVA,2007,14.003
LVA,2008,24.833
LVA,2009,43.338
LVA,2010,54.634
LVA,2011,52.79
LVA,2012,50.691
LVA,2013,47.49
LVA,2014,52.737
LVA,2015,47.809
LVA,2016,51.645
LVA,2017,49.137
LVA,2018,48.25
LVA,2019,49.082
LVA,2020,57.144
LVA,2021,60.504
LVA,2022,54.352
LVA,2023,54.228
LVA,2024,57.58
MAR,2002,48.4750786200092
MAR,2005,53.6662965686373
MAR,2006,49.5746100609743
MAR,2007,46.3035380770239
MAR,2008,41.2851314683307
MAR,2009,43.6257434782389
MAR,2010,47.0982656739638
MAR,2011,51.2263215704569
MDA,2000,73.0188685605433
MDA,2001,60.7746432557048
MDA,2002,59.5592506390136
MDA,2003,52.5337629892465
MDA,2004,51.9542957042957
MDA,2005,32.4251035801551
MDA,2006,29.1792912365375
MDA,2007,23.239565787011
MDA,2008,18.4425161310829
MDA,2009,27.6322264363496
MDA,2010,21.9325612593611
MDA,2011,19.7666739342535
MDA,2012,20.3471393454785
MDA,2013,19.9179521587446
MDA,2014,21.0660070666528
MDA,2015,23.3135833177914
MDA,2016,32.2474466077299
MDA,2017,29.6674963417643
MDA,2018,27.5107781705941
MDA,2019,25.4510119081043
MDA,2020,33.9555752157792
MDA,2021,32.1187790600053
MDA,2022,34.4860324000827
MDA,2023,34.261803411132
MDV,2000,40.8644099852265
MDV,2001,31.2308703408131
MDV,2002,33.5908378331301
MDV,2003,30.3523770936084
MDV,2004,27.2730426643921
MDV,2005,33.9271150397616
MDV,2006,29.5408843071306
MDV,2007,29.1842777540108
MDV,2008,30.3431523048305
MDV,2009,46.1935516743923
MDV,2010,54.8854181471638
MDV,2011,57.2981206101706
MEX,2000,18.1918633340197
MEX,2007,41.202
MEX,2008,42.326
MEX,2009,37.464
MEX,2010,38.602
MEX,2011,42.656
MEX,2012,46.05
MEX,2013,49.366
MEX,2014,50.074
MEX,2015,52.464
MEX,2016,50.99
MEX,2017,48.943
MEX,2018,48.053
MEX,2019,41.3273940627237
MEX,2020,45.8373464150183
MEX,2021,44.8609558065004
MEX,2022,43.9694401566719
MEX,2023,45.055380246523
MEX,2024,49.5702123720928
MHL,2008,71.5412639836289
MHL,2009,71.9117976190476
MHL,2010,68.8800763500931
MHL,2011,56.0864126523505
MHL,2012,52.42613226342
MHL,2013,52.7442510729614
MHL,2014,49.4013516129032
MHL,2015,47.4856330974415
MHL,2016,48.3205495540139
MHL,2017,47.728014974263
MHL,2018,44.0008963636364
MHL,2019,41.5637492486046
MNG,2000,78.41832770873
MNG,2001,69.0997980938579
MNG,2018,65.9653147370968
MNG,2019,60.8440397174621
MNG,2020,73.9367835152858
MNG,2021,67.5710143237735
MNG,2024,43.3447191804482
MOZ,2016,92.242445572337
MOZ,2017,78.5046092527536
MOZ,2018,81.3537163156048
MOZ,2019,78.8783415047574
MOZ,2020,101.390931763888
MOZ,2021,84.1569664621914
MOZ,2022,76.6350609536734
MOZ,2023,72.6610029459905
MOZ,2024,71.7932488373315
MUS,2000,31.6907550044809
MUS,2001,29.7941358107018
MUS,2002,39.288508399984
MUS,2003,44.1430010758192
MUS,2004,38.5444032538334
MUS,2005,41.1387968950545
MUS,2006,37.4486905882301
MUS,2007,34.1599246904864
MUS,2008,33.2416262961369
MUS,2009,36.0211353228051
MUS,2010,36.275908664453
MUS,2011,35.0358570491021
MUS,2012,36.0040049386744
MUS,2017,55.4162684218654
MUS,2018,54.5604097916564
MUS,2019,57.1349404640455
MWI,2009,20.1151721657444
MWI,2010,19.2608300381554
MWI,2011,18.8455448350087
MWI,2012,28.4619929057621
MWI,2013,24.9138891722583
MWI,2014,27.9207565041985
MWI,2015,27.3346460465678
MWI,2016,37.8862077338952
MWI,2017,34.2946221230854
MWI,2018,41.7011065966529
MWI,2019,44.7856317896456
MWI,2022,55.5992119991912
MYS,2002,43.047339208221
MYS,2003,45.0766412986635
MYS,2004,45.6966383151073
MYS,2005,42.0675597614326
MYS,2006,40.5883961366256
MYS,2007,40.0881257702829
MYS,2008,39.7997028374607
MYS,2009,50.8357455983458
MYS,2010,49.5598230655171
MYS,2011,50.0286816425423
MYS,2012,51.6464316160996
MYS,2013,52.9992519246741
MYS,2014,52.6758487332831
MYS,2015,53.5744697326154
MYS,2016,51.8905275342534
MYS,2017,50.0496777374929
MYS,2018,51.1859148831795
MYS,2019,52.4213502119727
MYS,2020,62.0067215086738
MYS,2021,63.2668366732951
MYS,2022,60.1479261322487
MYS,2023,64.2816241956596
MYS,2024,64.566529006102
NAM,2007,117.515261124236
NAM,2008,1.10133141237365
NAM,2009,0.277603198530483
NAM,2010,1.60694919254531
NAM,2011,7.45061506273455
NAM,2012,-1.17072566818484
NAM,2013,2.57186406129022
NAM,2015,4.6675823557404
NLD,2007,50.366
NLD,2008,62.481
NLD,2009,64.965
NLD,2010,69.184
NLD,2011,73.451
NLD,2012,79.053
NLD,2013,78.533
NLD,2014,82.802
NLD,2015,78.844
NLD,2016,76.405
NLD,2017,69.822
NLD,2018,65.142
NLD,2019,61.286
NLD,2020,68.778
NLD,2021,64.322
NLD,2022,52.718
NLD,2023,50.841
NLD,2024,48.176
NOR,2007,55.846
NOR,2008,54.462
NOR,2009,48.612
NOR,2010,48.97
NOR,2011,34.507
NOR,2012,35.646
NOR,2013,36.236
NOR,2014,34.49
NOR,2015,39.977
NOR,2016,44.035
NOR,2017,44.235
NOR,2018,45.06
NOR,2019,46.37
NOR,2020,52.937
NOR,2021,47.741
NOR,2022,41.289
NOR,2023,50.155
NOR,2024,61.338
NPL,2000,64.5733198414706
NPL,2001,58.9891415877141
NPL,2002,63.9354609821022
NPL,2003,62.5881953798115
NPL,2004,59.4156672858263
NPL,2005,51.7646230480547
NPL,2006,49.6869680346867
NPL,2007,42.9786611378803
NPL,2008,43.799987249558
NPL,2010,33.8625212320188
NPL,2019,31.7771473472895
NPL,2020,39.0485631284493
NPL,2021,39.9222686422289
NZL,2002,32.7763842551838
NZL,2003,48.2453384728239
NZL,2004,43.8675166117793
NZL,2005,44.1698490827743
NZL,2006,42.9524894769889
NZL,2007,36.9753526219646
NZL,2008,36.0132953366238
NZL,2009,31.8653341616565
NZL,2010,34.7227798053528
NZL,2011,48.0816617433301
NZL,2012,51.5541055220579
NZL,2013,46.4245970754158
NZL,2014,43.8708941737301
NZL,2015,42.9013651890488
NZL,2016,41.3592419573932
NZL,2017,38.629234026174
NZL,2018,36.6067773375025
NZL,2019,32.7713136024397
NZL,2020,45.7367082288191
NZL,2021,51.305380228031
NZL,2022,53.9638193955627
NZL,2023,50.1080559619605
NZL,2024,52.2498447259151
OECD,2007,72.5
OECD,2008,78.68
OECD,2009,90.23
OECD,2010,95.91
OECD,2011,100.27
OECD,2012,106.39
OECD,2013,107.43
OECD,2014,110.64
OECD,2015,110.83
OECD,2016,111.14
OECD,2017,109.06
OECD,2018,108.17
OECD,2019,108.98
OECD,2020,128.94
OECD,2021,121.78
OECD,2022,109.52
OECD,2023,110.01
OECD,2024,109.29
OECD_REP,2007,53.156
OECD_REP,2008,58.427
OECD_REP,2009,67.623
OECD_REP,2010,71.42
OECD_REP,2011,74.265
OECD_REP,2012,81.642
OECD_REP,2013,82.533
OECD_REP,2014,86.602
OECD_REP,2015,84.819
OECD_REP,2016,84.421
OECD_REP,2017,81.717
OECD_REP,2018,79.646
OECD_REP,2019,80.049
OECD_REP,2020,94.751
OECD_REP,2021,89.507
OECD_REP,2022,77.184
OECD_REP,2023,76.982
OECD_REP,2024,77.052
PAK,2000,55.0324216144747
PER,2006,32.5394575436311
PER,2007,28.5288183926826
PER,2008,26.076322347553
PER,2009,26.4008658753596
PER,2010,23.6817913396941
PER,2011,20.7202165724133
PER,2012,19.2166594587652
PER,2013,18.3944203835345
PER,2014,19.56538960172
PER,2015,22.865554469277
PER,2016,23.7062564342415
PER,2017,24.7483395120072
PER,2018,25.7290009576063
PER,2019,26.5266050304096
PER,2020,34.7649150438361
PER,2021,35.2492265648321
PHL,2000,58.598433117411
PHL,2001,59.2614955783056
PHL,2002,64.715074553291
PHL,2003,71.1158091036307
PHL,2004,71.6007252032252
PHL,2005,65.7097431233166
PHL,2006,58.7978739921016
PHL,2007,51.5748916279875
PHL,2008,52.4322709324654
PHL,2009,52.4006931344165
PHL,2010,50.1962414764938
PHL,2011,48.8058481254572
PHL,2012,49.1574552067049
PHL,2013,47.1441818576352
PHL,2014,43.426338941462
PLW,2008,23.2605058625389
PLW,2009,23.9561620586775
PLW,2010,32.3858558130148
PLW,2011,25.5119664948813
PLW,2012,26.8646997283355
PLW,2013,22.9112159302113
PLW,2014,21.5280269043579
PLW,2015,62.0056278289201
PLW,2016,66.4155843165132
PLW,2017,78.0419162493333
PLW,2018,83.8357085312167
PLW,2019,85.1724489555373
PNG,2000,57.7415312557776
PNG,2001,68.2675567269125
PNG,2002,69.7344601261207
PNG,2014,26.8946120001805
PNG,2015,29.8753777382805
PNG,2016,33.7401900962348
PNG,2017,32.685689411013
PNG,2018,36.6742909998618
PNG,2019,40.1543056202126
PNG,2020,48.6800956056364
PNG,2021,52.5838575050206
PNG,2022,48.1888180948174
PNG,2023,52.3812606028215
POL,2007,51.475
POL,2008,53.68
POL,2009,57.086
POL,2010,61.954
POL,2011,62.279
POL,2012,65.655
POL,2013,66.864
POL,2014,71.568
POL,2015,69.985
POL,2016,72.982
POL,2017,68.598
POL,2018,66.101
POL,2019,63.181
POL,2020,76.864
POL,2021,67.391
POL,2022,58.731
POL,2023,62.06
POL,2024,67.309
PRT,2007,80.161
PRT,2008,84.003
PRT,2009,96.941
PRT,2010,104.725
PRT,2011,108.884
PRT,2012,136.283
PRT,2013,139.982
PRT,2014,149.779
PRT,2015,147.901
PRT,2016,143.658
PRT,2017,142.819
PRT,2018,136.841
PRT,2019,135.085
PRT,2020,156.177
PRT,2021,142.185
PRT,2022,114.252
PRT,2023,103.767
PRT,2024,99.264
ROU,2007,16.691
ROU,2008,17.806
ROU,2009,28.975
ROU,2010,35.394
ROU,2011,39.879
ROU,2012,44.709
ROU,2013,47.749
ROU,2014,49.312
ROU,2015,47.29
ROU,2016,49.017
ROU,2017,45.43
ROU,2018,43.712
ROU,2019,44.558
ROU,2020,59.202
ROU,2021,57.324
ROU,2022,52.404
ROU,2023,58.799
ROU,2024,63.452
RUS,2000,62.1488888669576
RUS,2001,48.9836153351704
RUS,2002,41.3527168644107
RUS,2005,16.6608684477983
RUS,2006,9.89107286046746
RUS,2007,7.15843011658404
RUS,2008,6.49528743788997
RUS,2009,8.69786633503919
RUS,2010,9.09810564473106
RUS,2011,8.64108194430582
RUS,2012,8.55140859340356
RUS,2013,9.06725564048848
RUS,2014,11.2004612827286
RUS,2015,13.5407657768558
RUS,2016,14.2417395793548
RUS,2017,16.3253741158845
RUS,2018,16.1685789853238
RUS,2019,17.2760484379376
RUS,2020,22.992021036968
RUS,2021,21.0287512612177
RUS,2022,19.2884758032917
RUS,2023,18.5032227571465
RUS,2024,17.9537476407091
SGP,2000,83.842291725532
SGP,2001,93.9363125102557
SGP,2002,106.332540928351
SGP,2003,108.589983770079
SGP,2004,101.779018993689
SGP,2005,94.9666937754733
SGP,2006,82.8374805427534
SGP,2007,77.2760743035509
SGP,2008,96.4099647516113
SGP,2009,106.372468302322
SGP,2010,101.449782417951
SGP,2011,104.78518384861
SGP,2012,107.828093624626
SGP,2013,99.4464888561159
SGP,2014,99.6097986729595
SGP,2015,103.320839751929
SGP,2016,108.854265917764
SGP,2017,109.197026214998
SGP,2018,110.689756336508
SGP,2019,128.078092485423
SGP,2020,151.706326367087
SGP,2021,149.289112306688
SGP,2022,154.103642983248
SGP,2023,175.596688403377
SGP,2024,175.6139079334
SLB,2011,13.9267708274456
SLB,2012,11.5924176877251
SLB,2013,10.1053266339754
SLB,2014,8.72030492433418
SLB,2015,6.7376311665869
SLB,2016,6.25960695307261
SLB,2017,8.40244987801104
SLB,2018,7.68567032380197
SLB,2019,7.74420412997056
SLB,2020,11.4639181326619
SLB,2022,16.439440971058
SLV,2000,27.376408936306
SLV,2001,35.370552538118
SLV,2002,62.446945384262
SLV,2003,57.9112234090821
SLV,2004,56.5005963032977
SLV,2005,56.2158116750578
SLV,2006,50.5122222715281
SLV,2007,48.4823724778462
SLV,2008,48.4269376195663
SLV,2009,58.1469205675387
SLV,2010,57.4942866187624
SLV,2011,54.5625709816415
SLV,2012,54.8523398142256
SLV,2013,62.3992767937371
SLV,2014,50.8379544344007
SLV,2015,51.2784032678648
SLV,2016,52.0656561693955
SLV,2017,55.248518820306
SLV,2018,52.2142820084663
SLV,2019,53.8790393562178
SLV,2020,70.3842794023881
SLV,2021,66.4690525886664
SLV,2022,74.0361190983906
SLV,2023,102.190173433284
SLV,2024,105.804728748456
SMR,2002,12.7348281481481
SMR,2003,26.5286653982985
SMR,2004,31.9233677947788
SMR,2005,39.3423254303621
SMR,2006,47.7656117606838
SMR,2007,47.4509601321227
SMR,2008,46.8685383304774
SMR,2009,46.6074007324324
SMR,2010,54.9724926638478
SMR,2011,44.8293754612433
SMR,2012,51.2177218791033
SMR,2013,54.0230135522152
SMR,2014,53.3245594404762
SMR,2015,56.9302290727428
SMR,2016,57.3280875334167
SMR,2017,54.5934447738196
SMR,2018,55.9404550948587
SMR,2019,55.0853181002707
SMR,2020,98.3476214157992
SMR,2021,95.1200992157321
SMR,2022,103.153573465904
SMR,2023,99.8703824062793
SOM,2021,47.306970368027
SOM,2022,43.3780260707635
SOM,2024,12.6627391994652
SVK,2007,36.467
SVK,2008,35.336
SVK,2009,44.563
SVK,2010,48.85
SVK,2011,51.697
SVK,2012,61.147
SVK,2013,65.504
SVK,2014,67.924
SVK,2015,66.395
SVK,2016,67.665
SVK,2017,65.508
SVK,2018,63.051
SVK,2019,62.851
SVK,2020,76.872
SVK,2021,76.946
SVK,2022,63.924
SVK,2023,63.587
SVK,2024,66.7
SVN,2007,30.907
SVN,2008,30.926
SVN,2009,45.124
SVN,2010,49.2
SVN,2011,52.721
SVN,2012,63.431
SVN,2013,80.427
SVN,2014,101.14
SVN,2015,104.165
SVN,2016,99.03
SVN,2017,90.554
SVN,2018,84.518
SVN,2019,82.022
SVN,2020,101.008
SVN,2021,90.063
SVN,2022,71.914
SVN,2023,70.375
SVN,2024,69.318
SWE,2007,48.015
SWE,2008,46.924
SWE,2009,49.662
SWE,2010,47.433
SWE,2011,47.464
SWE,2012,48.283
SWE,2013,51.076
SWE,2014,57.447
SWE,2015,55.86
SWE,2016,55.04
SWE,2017,52.829
SWE,2018,51.678
SWE,2019,47.833
SWE,2020,53.465
SWE,2021,49.953
SWE,2022,45.137
SWE,2023,42.651
SWE,2024,46.363
SWZ,2010,12.9613211155748
SWZ,2011,12.7705717318626
SWZ,2012,13.2587988833004
SWZ,2014,14.3086225605816
SWZ,2015,16.3848798476003
SWZ,2016,20.5460181439876
SWZ,2017,21.886341638627
SWZ,2018,27.1148162836527
SWZ,2019,29.8019704155602
SWZ,2020,38.3588929573653
SWZ,2021,35.7240338783132
SYC,2008,174.684386535722
THA,2000,21.9645865139196
THA,2001,24.5783340358589
THA,2002,30.0703562721572
THA,2003,27.0460183720806
THA,2004,24.3963998008709
THA,2005,25.4581282780769
THA,2006,24.3806591494652
THA,2007,22.9934668319175
THA,2008,22.4502172623288
THA,2009,26.7791952036446
THA,2010,26.9008455437265
THA,2011,28.1319763006874
THA,2012,28.4447160238828
THA,2013,38.1666950570794
THA,2014,35.3904739452699
THA,2015,36.6705695355179
THA,2016,37.3065204045664
THA,2018,37.9104188436045
THA,2019,38.6277055941279
THA,2020,50.3227814999415
THA,2021,58.5114542035114
THA,2022,60.349920189306
THA,2023,61.1243613638526
THA,2024,62.1983655632713
TJK,2000,114.076117982873
TJK,2001,79.804079881426
TON,2013,48.914577670051
TON,2014,47.3558959748934
TON,2015,51.114971793039
TON,2016,49.3817801189399
TON,2017,45.6224781466791
TON,2018,48.2405761734079
TON,2019,43.0541813775852
TON,2020,43.0808046891087
TTO,2006,16.803206848237
TTO,2007,15.928004235045
TUN,2000,56.7212758294998
TUN,2001,56.4678199732883
TUN,2002,55.9344340024072
TUN,2003,55.0213155722411
TUN,2004,53.8375580931292
TUN,2005,52.4205297222421
TUN,2006,48.5639104645928
TUN,2007,45.7824704950416
TUN,2008,43.2877054340983
TUN,2009,42.9297921509547
TUN,2010,38.7660002963438
TUN,2011,42.4807224505219
TUN,2012,42.5197543010178
TUR,2008,41.0318813015611
TUR,2009,48.4871401208098
TUR,2010,45.1797411840038
TUR,2011,39.9693425323809
TUR,2012,37.6997174684634
TUR,2013,31.7836465280795
TUR,2014,31.1206735016751
TUR,2015,29.145145266046
TUR,2016,30.075201418508
TUR,2017,29.5734179673603
TUR,2018,29.3999927208091
TUR,2019,33.4600744570718
TUR,2020,41.0396523893444
TUR,2021,41.6375124693568
TUR,2022,35.3300843740665
TUR,2023,33.2548360254558
TUR,2024,26.6192344930079
UGA,2018,34.6735709945694
UGA,2019,38.4769453120331
UGA,2020,44.1859143089924
UGA,2021,51.3026623500196
UGA,2022,53.890283064004
UGA,2023,53.1469350748667
UGA,2024,54.4305525836671
UKR,2000,43.7297874273256
UKR,2008,13.2299542095983
UKR,2009,23.9900342329063
UKR,2010,28.8666366228354
UKR,2011,26.4808201734686
UKR,2012,32.445911715199
UKR,2013,35.6313995863809
UKR,2014,63.6653191884884
UKR,2015,70.2588376218982
UKR,2016,71.8095454494004
UKR,2017,66.7346465062875
UKR,2018,56.9059506749708
UKR,2019,48.3272696003568
UKR,2020,58.7161850732326
URY,2001,40.6433348596506
URY,2002,95.2678607204109
URY,2003,105.602780852245
URY,2004,85.425594123742
URY,2005,76.1144597080025
URY,2006,68.4607045920176
URY,2007,57.5599818770038
URY,2008,55.8665794658295
URY,2009,47.6955014411912
URY,2010,42.4666388141691
URY,2011,43.2074168775786
URY,2012,41.0282347488741
URY,2013,40.0884943756463
URY,2014,41.2850007406183
URY,2015,47.2765585126953
URY,2016,46.4584676105582
URY,2017,45.0744196869827
URY,2018,47.341475064134
URY,2019,50.1314491818532
URY,2020,60.4014181135621
URY,2021,58.113052857752
URY,2022,54.2372595323111
URY,2023,62.3670975853084
URY,2024,66.4049496784084
USA,2000,33.2676548646821
USA,2001,52.6288977430517
USA,2002,54.0472133861297
USA,2003,56.4292821179909
USA,2004,56.8323090866456
USA,2005,56.6929754702153
USA,2006,55.6206336286886
USA,2007,55.81423486742
USA,2008,63.9719356606883
USA,2009,76.0321911124259
USA,2010,85.1548294082739
USA,2011,89.7347177439651
USA,2012,93.8330014607143
USA,2013,95.7184835504169
USA,2014,95.9491132711014
USA,2015,96.6110565851958
USA,2016,98.6931939368279
USA,2017,97.8800564031882
USA,2018,99.2223695206525
USA,2019,100.979786328903
USA,2020,126.370405951231
USA,2021,120.367733355153
USA,2022,114.694842004206
USA,2023,116.918808847311
USA,2024,117.973234857902
VCT,2000,47.911890587105
VCT,2001,45.5115533057875
VCT,2002,49.5534268859916
VCT,2003,52.4828063154553
VCT,2004,56.3132501150882
VCT,2005,54.2704239409077
VCT,2006,51.3164930897991
VCT,2007,43.8571223188117
VCT,2008,43.5145083072876
VCT,2009,53.6982398780635
VUT,2021,87.0720898262884
VUT,2022,79.7735452170055
VUT,2023,72.3247537863113
ZAF,2000,39.6390583837328
ZAF,2009,38.354
ZAF,2010,44.784
ZAF,2011,49.267
ZAF,2012,52.989
ZAF,2013,54.244
ZAF,2014,57.999
ZAF,2015,52.6511572360833
ZAF,2016,53.7387913884354
ZAF,2017,56.2597208390879
ZAF,2018,59.1023114070608
ZAF,2019,64.5892781351104
ZAF,2020,75.7255090793216
ZAF,2021,74.0826080051444
ZAF,2022,76.205442941881
ZAF,2023,79.4469077095183
ZMB,2010,17.3215114809658
ZMB,2011,18.0499093578444
ZMB,2012,23.4889192806696
ZMB,2013,24.2239941438767
ZMB,2014,44.3958675879332
ZMB,2015,49.4073473457883
ZMB,2016,46.4328935811391
ZMB,2017,52.2809418398754
ZMB,2018,59.7122211727371
ZMB,2019,61.9301173816653
ZMB,2020,103.54315235027
ZMB,2021,71.4111761686383
