"country","year","Approval_Not_Smoothed"
"Argentina",1983,67.252609
"Argentina",1984,61.002979
"Argentina",1985,58.382301
"Argentina",1986,54.313831
"Argentina",1987,48.490929
"Argentina",1988,41.040192
"Argentina",1989,46.26585
"Argentina",1990,49.765091
"Argentina",1991,47.941799
"Argentina",1992,46.080372
"Argentina",1993,43.1945
"Argentina",1994,44.535938
"Argentina",1995,42.29615
"Argentina",1996,33.332069
"Argentina",1997,33.973042
"Argentina",1998,32.12389
"Argentina",1999,42.17466
"Argentina",2000,46.135551
"Argentina",2001,31.172791
"Argentina",2002,30.174061
"Argentina",2003,59.634048
"Argentina",2004,59.26453
"Argentina",2005,58.469601
"Argentina",2006,58.857208
"Argentina",2007,53.85907
"Argentina",2008,42.811878
"Argentina",2009,35.922508
"Argentina",2010,46.444172
"Argentina",2011,55.28196
"Argentina",2012,50.727879
"Argentina",2013,45.24918
"Argentina",2014,45.34486
"Argentina",2015,48.65015
"Argentina",2016,50.409409
"Argentina",2017,42.229321
"Argentina",2018,35.491009
"Australia",1968,64.571053
"Australia",1969,59.97501
"Australia",1970,48.025318
"Australia",1971,46.995811
"Australia",1972,33.777611
"Australia",1973,50.92083
"Australia",1974,47.604019
"Australia",1975,42.272621
"Australia",1976,50.576118
"Australia",1977,42.464119
"Australia",1978,44.808102
"Australia",1979,37.607639
"Australia",1980,45.122162
"Australia",1981,40.95509
"Australia",1982,41.322769
"Australia",1983,60.319721
"Australia",1984,70.584198
"Australia",1985,59.16103
"Australia",1986,54.715221
"Australia",1987,56.619389
"Australia",1988,55.238949
"Australia",1989,48.747379
"Australia",1990,45.634979
"Australia",1991,40.82869
"Australia",1992,37.657719
"Australia",1993,37.176842
"Australia",1994,42.72998
"Australia",1995,39.031841
"Australia",1996,55.904911
"Australia",1997,48.403221
"Australia",1998,42.824772
"Australia",1999,48.634281
"Australia",2000,47.323078
"Australia",2001,52.566441
"Australia",2002,56.398571
"Australia",2003,59.02618
"Australia",2004,55.415089
"Australia",2005,54.206421
"Australia",2006,52.56345
"Australia",2007,49.2229
"Australia",2008,66.05909
"Australia",2009,65.640129
"Australia",2010,50.600128
"Australia",2011,38.794891
"Australia",2012,35.906109
"Australia",2013,41.432739
"Australia",2014,42.18948
"Australia",2015,51.409328
"Australia",2016,42.249359
"Australia",2017,37.471439
"Australia",2018,42.833279
"Austria",1987,33.80262
"Austria",1988,37.764881
"Austria",1989,39.705502
"Austria",1990,39.705502
"Austria",1991,41.727139
"Austria",1992,45.931831
"Austria",1993,45.931831
"Austria",1994,50.312038
"Austria",1995,30.17054
"Austria",1996,33.566639
"Austria",1997,33.566639
"Austria",1998,37.1045
"Austria",1999,39.234901
"Austria",2000,39.48114
"Austria",2001,37.062351
"Austria",2002,39.041962
"Austria",2003,29.792801
"Austria",2004,28.873871
"Austria",2005,34.3302
"Austria",2006,35.259762
"Austria",2007,32.658089
"Austria",2008,22.96246
"Austria",2009,38.853069
"Austria",2010,31.785589
"Austria",2011,29.79475
"Austria",2012,30.79446
"Austria",2013,36.54266
"Austria",2014,31.770809
"Austria",2015,34.870789
"Austria",2016,29.662519
"Austria",2017,37.489521
"Austria",2018,46.027409
"Austria",2019,51.889629
"Bolivia",1998,33.93367
"Bolivia",1999,34.328442
"Bolivia",2000,31.26895
"Bolivia",2001,41.11507
"Bolivia",2002,42.471642
"Bolivia",2003,21.808029
"Bolivia",2004,55.184689
"Bolivia",2005,55.628529
"Bolivia",2006,65.985153
"Bolivia",2007,59.68462
"Bolivia",2008,52.438889
"Bolivia",2009,52.577332
"Bolivia",2010,50.520519
"Bolivia",2011,35.709351
"Bolivia",2012,43.17728
"Bolivia",2013,55.152351
"Bolivia",2014,68.815132
"Bolivia",2015,70.758133
"Bolivia",2016,51.05439
"Bolivia",2017,50.3941
"Bolivia",2018,39.795059
"Brazil",1979,58.331581
"Brazil",1980,39.1884
"Brazil",1981,44.670311
"Brazil",1982,50.465469
"Brazil",1983,40.44141
"Brazil",1984,29.094721
"Brazil",1985,52.759399
"Brazil",1986,62.433849
"Brazil",1987,22.93726
"Brazil",1988,15.42777
"Brazil",1989,16.60343
"Brazil",1990,41.06263
"Brazil",1991,27.40279
"Brazil",1992,23.065359
"Brazil",1993,27.06938
"Brazil",1994,33.214088
"Brazil",1995,46.650639
"Brazil",1996,45.578388
"Brazil",1997,46.64893
"Brazil",1998,43.134609
"Brazil",1999,25.3566
"Brazil",2000,27.59164
"Brazil",2001,27.90876
"Brazil",2002,31.02849
"Brazil",2003,52.124722
"Brazil",2004,41.346241
"Brazil",2005,39.053741
"Brazil",2006,47.976398
"Brazil",2007,51.54319
"Brazil",2008,64.457779
"Brazil",2009,68.080467
"Brazil",2010,74.847183
"Brazil",2011,55.478619
"Brazil",2012,62.56382
"Brazil",2013,48.329979
"Brazil",2014,40.63438
"Brazil",2015,17.608391
"Brazil",2016,21.9086
"Brazil",2017,13.33846
"Brazil",2018,10.64771
"Brazil",2019,35.996479
"Bulgaria",1990,56.858971
"Bulgaria",1991,54.00626
"Bulgaria",1992,44.840611
"Bulgaria",1993,43.0867
"Bulgaria",1994,30.384171
"Bulgaria",1995,42.624859
"Bulgaria",1996,28.46978
"Bulgaria",1997,54.510189
"Bulgaria",1998,51.67276
"Bulgaria",1999,48.046501
"Bulgaria",2000,41.15807
"Bulgaria",2001,50.95866
"Bulgaria",2002,41.43713
"Bulgaria",2003,34.08757
"Bulgaria",2004,36.342911
"Bulgaria",2005,41.559238
"Bulgaria",2006,41.20726
"Bulgaria",2007,38.294079
"Bulgaria",2008,30.415359
"Bulgaria",2009,40.940041
"Bulgaria",2010,43.762058
"Bulgaria",2011,37.097321
"Bulgaria",2012,38.11771
"Bulgaria",2013,32.254318
"Bulgaria",2014,25.139099
"Bulgaria",2015,32.244881
"Bulgaria",2016,30.63681
"Bulgaria",2017,35.023418
"Bulgaria",2018,41.985741
"Bulgaria",1990,56.420479
"Bulgaria",1991,55.141479
"Bulgaria",1992,43.124271
"Bulgaria",1993,42.381989
"Bulgaria",1994,31.69326
"Bulgaria",1995,47.041191
"Bulgaria",1996,36.169739
"Bulgaria",1997,52.029259
"Bulgaria",1998,47.201061
"Bulgaria",1999,45.44244
"Bulgaria",2000,38.81908
"Bulgaria",2001,50.552078
"Bulgaria",2002,42.899841
"Bulgaria",2003,34.49712
"Bulgaria",2004,34.908798
"Bulgaria",2005,39.356319
"Bulgaria",2006,40.76281
"Bulgaria",2007,38.33337
"Bulgaria",2008,32.347889
"Bulgaria",2009,43.168701
"Bulgaria",2010,49.199791
"Bulgaria",2011,42.3666
"Bulgaria",2012,41.688801
"Bulgaria",2013,37.200649
"Bulgaria",2014,31.45507
"Bulgaria",2015,38.203892
"Bulgaria",2016,37.340321
"Bulgaria",2017,35.645199
"Bulgaria",2018,41.617538
"Bulgaria",1990,61.650719
"Bulgaria",1991,57.049068
"Bulgaria",1992,59.745441
"Bulgaria",1993,56.794392
"Bulgaria",1994,47.511501
"Bulgaria",1995,44.703709
"Bulgaria",1996,32.00182
"Bulgaria",1997,64.839569
"Bulgaria",1998,68.369362
"Bulgaria",1999,62.75378
"Bulgaria",2000,59.659481
"Bulgaria",2001,50.987808
"Bulgaria",2002,50.018459
"Bulgaria",2003,56.202278
"Bulgaria",2004,63.823421
"Bulgaria",2005,66.564346
"Bulgaria",2006,56.10677
"Bulgaria",2007,53.929298
"Bulgaria",2008,45.753021
"Bulgaria",2009,45.302959
"Bulgaria",2010,39.190102
"Bulgaria",2011,40.517712
"Bulgaria",2012,43.590172
"Bulgaria",2013,41.694592
"Bulgaria",2014,32.854969
"Bulgaria",2015,32.31451
"Bulgaria",2016,29.43903
"Bulgaria",2017,55.742481
"Bulgaria",2018,57.16354
"Canada",1978,36.906689
"Canada",1979,38.696629
"Canada",1980,42.58429
"Canada",1981,39.042961
"Canada",1982,30.411699
"Canada",1983,35.50631
"Canada",1984,45.213039
"Canada",1985,48.19239
"Canada",1986,41.467861
"Canada",1987,37.291779
"Canada",1988,46.706211
"Canada",1989,39.256721
"Canada",1990,29.99847
"Canada",1991,26.107019
"Canada",1992,26.623711
"Canada",1993,31.73053
"Canada",1994,55.120621
"Canada",1995,52.562019
"Canada",1996,48.573792
"Canada",1997,47.772179
"Canada",1998,51.779079
"Canada",1999,50.657471
"Canada",2000,48.447552
"Canada",2001,48.31889
"Canada",2002,37.37484
"Canada",2003,45.06995
"Canada",2004,47.593491
"Canada",2005,40.743351
"Canada",2006,50.488079
"Canada",2007,46.043751
"Canada",2008,42.075111
"Canada",2009,42.619732
"Canada",2010,41.90028
"Canada",2011,47.19788
"Canada",2012,39.512562
"Canada",2013,31.92256
"Canada",2014,38.870251
"Canada",2015,39.835522
"Canada",2016,57.74765
"Canada",2017,50.369041
"Canada",2018,42.261452
"Chile",1990,67.43824
"Chile",1991,60.595131
"Chile",1992,56.25153
"Chile",1993,57.418621
"Chile",1994,61.880798
"Chile",1995,49.99054
"Chile",1996,47.56852
"Chile",1997,44.838348
"Chile",1998,45.278149
"Chile",1999,39.791409
"Chile",2000,51.662868
"Chile",2001,46.0238
"Chile",2002,46.697121
"Chile",2003,49.250278
"Chile",2004,56.306499
"Chile",2005,58.501301
"Chile",2006,53.188831
"Chile",2007,43.855911
"Chile",2008,44.57856
"Chile",2009,63.690849
"Chile",2010,48.870461
"Chile",2011,31.54417
"Chile",2012,32.681252
"Chile",2013,35.337212
"Chile",2014,44.46513
"Chile",2015,33.801521
"Chile",2016,26.761681
"Chile",2017,29.90564
"Chile",2018,44.454708
"Chile",2019,39.990089
"Colombia",1994,59.3479
"Colombia",1995,51.549351
"Colombia",1996,42.27623
"Colombia",1997,37.591412
"Colombia",1998,38.459591
"Colombia",1999,32.392319
"Colombia",2000,29.5959
"Colombia",2001,30.470591
"Colombia",2002,41.009769
"Colombia",2003,62.515171
"Colombia",2004,64.856628
"Colombia",2005,62.445412
"Colombia",2006,61.12199
"Colombia",2007,59.893429
"Colombia",2008,68.511612
"Colombia",2009,61.609718
"Colombia",2010,63.27013
"Colombia",2011,60.139931
"Colombia",2012,54.297581
"Colombia",2013,41.230629
"Colombia",2014,40.79211
"Colombia",2015,39.435188
"Colombia",2016,31.695761
"Colombia",2017,26.689381
"Colombia",2018,35.979622
"Costa Rica",1978,51.253059
"Costa Rica",1979,32.756451
"Costa Rica",1980,22.412849
"Costa Rica",1981,13.36219
"Costa Rica",1982,26.455641
"Costa Rica",1983,49.95858
"Costa Rica",1984,39.908821
"Costa Rica",1985,42.72422
"Costa Rica",1986,57.1101
"Costa Rica",1987,58.025539
"Costa Rica",1988,40.968048
"Costa Rica",1989,54.69471
"Costa Rica",1990,48.272369
"Costa Rica",1991,28.96888
"Costa Rica",1992,37.595879
"Costa Rica",1993,39.59803
"Costa Rica",1994,44.78595
"Costa Rica",1995,24.924299
"Costa Rica",1996,19.4424
"Costa Rica",1997,21.60561
"Costa Rica",1998,30.57929
"Costa Rica",1999,27.643921
"Costa Rica",2000,26.47533
"Costa Rica",2001,34.11063
"Costa Rica",2002,46.929619
"Costa Rica",2003,35.653252
"Costa Rica",2004,38.493649
"Costa Rica",2005,30.79373
"Costa Rica",2006,42.431358
"Costa Rica",2007,48.521919
"Costa Rica",2008,43.566448
"Costa Rica",2009,53.463032
"Costa Rica",2010,50.249439
"Costa Rica",2011,37.388069
"Costa Rica",2012,33.546371
"Costa Rica",2013,19.85063
"Costa Rica",2014,36.54512
"Costa Rica",2015,26.17625
"Costa Rica",2016,26.17421
"Costa Rica",2017,39.885021
"Costa Rica",2018,38.07103
"Costa Rica",2019,33.936539
"Croatia",2007,61.17564
"Croatia",2008,53.003571
"Croatia",2009,44.773499
"Croatia",2010,46.489738
"Croatia",2011,46.152302
"Croatia",2012,46.71101
"Croatia",2013,46.7267
"Croatia",2014,41.020069
"Croatia",2015,39.108959
"Croatia",2016,36.704781
"Croatia",2017,32.92844
"Croatia",2018,36.32048
"Czechia",1990,78.994911
"Czechia",1991,77.088608
"Czechia",1992,73.822388
"Czechia",1993,60.575111
"Czechia",1994,61.314209
"Czechia",1995,66.571442
"Czechia",1996,71.060677
"Czechia",1997,65.336166
"Czechia",1998,52.21701
"Czechia",1999,40.78196
"Czechia",2000,44.30793
"Czechia",2001,43.909481
"Czechia",2002,43.295231
"Czechia",2003,51.666088
"Czechia",2004,64.742378
"Czechia",2005,63.39584
"Czechia",2006,63.568661
"Czechia",2007,62.053921
"Czechia",2008,57.164619
"Czechia",2009,54.421188
"Czechia",2010,58.87524
"Czechia",2011,51.83313
"Czechia",2012,46.45306
"Czechia",2013,34.280621
"Czechia",2014,39.255692
"Czechia",2015,41.189411
"Czechia",2016,50.823132
"Czechia",2017,43.616692
"Czechia",2018,48.711288
"Czechia",1991,52.121819
"Czechia",1992,40.969219
"Czechia",1993,40.969219
"Czechia",1994,40.969219
"Czechia",1995,40.969219
"Czechia",1996,42.69537
"Czechia",1997,44.374512
"Czechia",1998,78.414711
"Czechia",1999,62.736671
"Czechia",2000,63.659229
"Czechia",2001,48.876598
"Czechia",2002,49.974548
"Czechia",2003,49.184601
"Czechia",2004,32.563599
"Czechia",2005,38.791611
"Czechia",2006,54.098309
"Czechia",2007,31.357269
"Czechia",2008,36.893162
"Czechia",2009,36.17625
"Czechia",2010,58.882801
"Czechia",2011,36.894409
"Czechia",2012,32.91774
"Czechia",2013,23.44315
"Czechia",2014,44.26973
"Czechia",2015,53.708229
"Czechia",2016,48.543091
"Czechia",2017,41.79845
"Czechia",2018,46.561031
"Czechia",1998,59.50988
"Czechia",1999,37.010159
"Czechia",2000,53.301331
"Czechia",2001,36.9147
"Czechia",2002,26.885281
"Czechia",2003,49.384998
"Czechia",2004,25.7603
"Czechia",2005,34.286442
"Czechia",2006,55.868881
"Czechia",2007,24.59878
"Czechia",2008,23.22476
"Czechia",2009,24.34709
"Czechia",2010,66.481308
"Czechia",2011,31.38368
"Czechia",2012,29.31093
"Czechia",2013,13.72484
"Czechia",2014,32.75145
"Czechia",2015,46.155682
"Czechia",2016,38.064758
"Czechia",2017,27.32975
"Czechia",2018,40.798809
"Czechia",1990,78.733841
"Czechia",1991,76.746964
"Czechia",1992,73.476151
"Czechia",1993,60.00605
"Czechia",1994,60.75758
"Czechia",1995,66.148552
"Czechia",1996,70.665962
"Czechia",1997,64.962067
"Czechia",1998,51.503719
"Czechia",1999,39.743622
"Czechia",2000,43.312679
"Czechia",2001,42.875751
"Czechia",2002,42.254589
"Czechia",2003,50.794472
"Czechia",2004,64.771179
"Czechia",2005,63.117981
"Czechia",2006,63.15963
"Czechia",2007,63.328388
"Czechia",2008,56.698769
"Czechia",2009,53.842911
"Czechia",2010,57.204529
"Czechia",2011,52.008091
"Czechia",2012,46.53867
"Czechia",2013,33.151772
"Czechia",2014,36.612041
"Czechia",2015,38.473492
"Czechia",2016,50.1474
"Czechia",2017,42.63945
"Czechia",2018,47.562382
"Denmark",1946,48.44141
"Denmark",1947,46.96843
"Denmark",1948,47.41032
"Denmark",1949,47.852219
"Denmark",1950,36.362961
"Denmark",1951,33.71159
"Denmark",1952,36.362961
"Denmark",1953,54.038738
"Denmark",1954,29.88184
"Denmark",1955,28.998051
"Denmark",1956,31.06023
"Denmark",1957,31.06023
"Denmark",1958,34.595379
"Denmark",1959,41.608559
"Denmark",1960,48.146809
"Denmark",1961,49.619789
"Denmark",1962,35.479172
"Denmark",1963,33.71159
"Denmark",1964,39.898121
"Denmark",1965,28.408859
"Denmark",1966,27.96697
"Denmark",1967,27.083179
"Denmark",1968,40.340012
"Denmark",1969,30.176439
"Denmark",1970,33.1731
"Denmark",1971,29.282681
"Denmark",1972,28.840851
"Denmark",1973,23.097031
"Denmark",1974,34.202049
"Denmark",1975,33.107021
"Denmark",1976,30.161671
"Denmark",1977,33.107021
"Denmark",1978,31.48708
"Denmark",1979,27.95265
"Denmark",1980,25.4491
"Denmark",1981,26.345409
"Denmark",1982,34.06657
"Denmark",1983,53.991039
"Denmark",1984,48.59304
"Denmark",1985,45.41721
"Denmark",1986,43.269119
"Denmark",1987,35.058128
"Denmark",1988,30.057091
"Denmark",1989,26.867451
"Denmark",1990,28.37781
"Denmark",1991,33.2365
"Denmark",1992,35.003288
"Denmark",1993,26.49851
"Denmark",1994,27.81284
"Denmark",1995,29.10058
"Denmark",1996,30.20833
"Denmark",1997,33.39468
"Denmark",1998,30.15254
"Denmark",1999,39.859032
"Denmark",2000,31.97224
"Denmark",2001,39.045261
"Denmark",2002,39.045261
"Denmark",2003,33.740501
"Denmark",2004,39.573231
"Denmark",2005,39.573231
"Denmark",2006,43.4659
"Denmark",2007,47.933479
"Denmark",2008,61.909821
"Denmark",2009,42.031609
"Denmark",2010,40.630569
"Denmark",2011,42.048538
"Denmark",2012,61.909821
"Denmark",2013,36.981659
"Denmark",2014,51.438549
"Dominican Republic",2000,54.930908
"Dominican Republic",2001,46.14793
"Dominican Republic",2002,46.14793
"Dominican Republic",2003,35.337399
"Dominican Republic",2004,39.421028
"Dominican Republic",2005,64.947182
"Dominican Republic",2006,63.268391
"Dominican Republic",2007,53.779099
"Dominican Republic",2008,59.416031
"Dominican Republic",2009,55.165741
"Dominican Republic",2010,55.617401
"Dominican Republic",2011,46.262371
"Dominican Republic",2012,48.2906
"Dominican Republic",2013,74.893021
"Dominican Republic",2014,81.426239
"Dominican Republic",2015,76.958252
"Dominican Republic",2016,71.048607
"Dominican Republic",2017,62.92979
"Dominican Republic",2018,51.006439
"Dominican Republic",2019,46.36755
"Ecuador",1979,77.512939
"Ecuador",1980,63.787189
"Ecuador",1981,53.983089
"Ecuador",1982,37.316109
"Ecuador",1983,40.257339
"Ecuador",1984,49.407841
"Ecuador",1985,43.19857
"Ecuador",1986,38.29652
"Ecuador",1987,42.218159
"Ecuador",1988,45.512459
"Ecuador",1989,36.566181
"Ecuador",1990,34.970772
"Ecuador",1991,34.026619
"Ecuador",1992,48.725658
"Ecuador",1993,38.59964
"Ecuador",1994,33.691021
"Ecuador",1995,48.000351
"Ecuador",1996,53.675751
"Ecuador",1997,51.018002
"Ecuador",1998,52.714649
"Ecuador",1999,31.60158
"Ecuador",2000,51.443531
"Ecuador",2001,51.331032
"Ecuador",2002,55.84222
"Ecuador",2003,58.635811
"Ecuador",2004,41.87957
"Ecuador",2005,47.638451
"Ecuador",2006,38.78183
"Ecuador",2007,82.053192
"Ecuador",2008,72.644508
"Ecuador",2009,67.762787
"Ecuador",2010,65.59568
"Ecuador",2011,72.299591
"Ecuador",2012,74.4515
"Ecuador",2013,82.9888
"Ecuador",2014,81.351921
"Ecuador",2015,61.462429
"Ecuador",2016,51.557869
"Ecuador",2017,75.940697
"Ecuador",2018,59.672138
"El Salvador",1986,37.44566
"El Salvador",1987,36.591019
"El Salvador",1988,39.598259
"El Salvador",1989,54.078701
"El Salvador",1990,49.742039
"El Salvador",1991,43.744381
"El Salvador",1992,48.996078
"El Salvador",1993,51.34901
"El Salvador",1994,55.362919
"El Salvador",1995,33.721581
"El Salvador",1996,34.908852
"El Salvador",1997,42.730461
"El Salvador",1998,46.328949
"El Salvador",1999,47.633678
"El Salvador",2000,48.66259
"El Salvador",2001,57.160172
"El Salvador",2002,53.19241
"El Salvador",2003,55.845039
"El Salvador",2004,69.432381
"El Salvador",2005,68.07032
"El Salvador",2006,55.902271
"El Salvador",2007,53.00359
"El Salvador",2008,50.299419
"El Salvador",2009,82.230042
"El Salvador",2010,78.274406
"El Salvador",2011,71.947273
"El Salvador",2012,66.590584
"El Salvador",2013,73.017532
"El Salvador",2014,61.742119
"El Salvador",2015,46.00309
"El Salvador",2016,40.330669
"El Salvador",2017,34.515572
"El Salvador",2018,31.84597
"El Salvador",2019,33.652641
"France",1958,58.486912
"France",1959,54.01075
"France",1960,53.489948
"France",1961,49.455662
"France",1962,46.926552
"France",1963,40.679409
"France",1964,45.423981
"France",1965,53.21664
"France",1966,52.97105
"France",1967,52.065441
"France",1968,51.260269
"France",1969,49.189209
"France",1970,57.929279
"France",1971,60.948849
"France",1972,51.895592
"France",1973,51.726742
"France",1974,45.281818
"France",1975,49.68837
"France",1976,42.04565
"France",1977,42.17651
"France",1978,46.62355
"France",1979,38.635262
"France",1980,35.978352
"France",1981,40.672611
"France",1982,43.918301
"France",1983,31.67477
"France",1984,26.85684
"France",1985,32.979279
"France",1986,46.078972
"France",1987,46.496899
"France",1988,47.882179
"France",1989,43.282509
"France",1990,37.95314
"France",1991,30.49437
"France",1992,25.809429
"France",1993,42.699791
"France",1994,47.787231
"France",1995,42.141079
"France",1996,29.09857
"France",1997,38.57827
"France",1998,54.001999
"France",1999,58.8452
"France",2000,56.066669
"France",2001,53.23238
"France",2002,51.443298
"France",2003,49.898979
"France",2004,40.84827
"France",2005,38.00386
"France",2006,33.63105
"France",2007,53.91317
"France",2008,44.055031
"France",2009,42.559422
"France",2010,38.684368
"France",2011,36.805851
"France",2012,43.461689
"France",2013,25.67432
"France",2014,23.53265
"France",2015,29.432581
"France",2016,17.999451
"France",2017,40.51318
"France",2018,34.805962
"France",2019,23.637751
"France",1959,40.829491
"France",1960,37.72702
"France",1961,34.50399
"France",1962,30.198759
"France",1963,32.757198
"France",1964,38.31517
"France",1965,46.122799
"France",1966,44.226028
"France",1967,44.75536
"France",1968,47.578461
"France",1969,46.519798
"France",1970,56.047749
"France",1971,58.16507
"France",1972,44.40247
"France",1973,45.37291
"France",1974,41.84404
"France",1975,44.578918
"France",1976,36.903622
"France",1977,40.25605
"France",1978,39.373829
"France",1979,33.021858
"France",1980,30.81632
"France",1981,39.90316
"France",1982,43.961361
"France",1983,31.169201
"France",1984,27.72855
"France",1985,38.138729
"France",1986,42.990921
"France",1987,40.697159
"France",1988,44.931801
"France",1989,43.43203
"France",1990,39.28561
"France",1991,27.905001
"France",1992,30.904539
"France",1993,51.955292
"France",1994,52.634048
"France",1995,45.364319
"France",1996,29.117149
"France",1997,41.615879
"France",1998,54.863289
"France",1999,57.51828
"France",2000,53.924122
"France",2001,50.730671
"France",2002,53.646351
"France",2003,44.905041
"France",2004,35.248871
"France",2005,40.55954
"France",2006,36.555908
"France",2007,51.685139
"France",2008,52.540039
"France",2009,49.780338
"France",2010,50.433842
"France",2011,48.759548
"France",2012,49.653809
"France",2013,30.773371
"France",2014,38.562031
"France",2015,41.75153
"France",2016,28.92207
"France",2017,49.143181
"France",2018,40.349941
"France",2019,29.19224
"France",1958,62.02021
"France",1959,61.3876
"France",1960,62.4156
"France",1961,58.619911
"France",1962,57.908218
"France",1963,46.442081
"France",1964,49.446999
"France",1965,55.377762
"France",1966,56.48484
"France",1967,54.666069
"France",1968,51.186691
"France",1969,48.814388
"France",1970,54.824219
"France",1971,57.82914
"France",1972,54.666069
"France",1973,53.638069
"France",1974,46.442081
"France",1975,51.107609
"France",1976,45.335011
"France",1977,42.883629
"France",1978,50.474998
"France",1979,43.120861
"France",1980,40.74855
"France",1981,40.827629
"France",1982,42.6464
"France",1983,33.789799
"France",1984,29.045191
"France",1985,30.310419
"France",1986,46.758389
"France",1987,49.20977
"France",1988,48.023621
"France",1989,42.092861
"France",1990,37.111019
"France",1991,34.501492
"France",1992,24.933189
"France",1993,34.858871
"France",1994,42.02702
"France",1995,38.75771
"France",1996,31.4184
"France",1997,36.16729
"France",1998,49.215321
"France",1999,54.745911
"France",2000,53.56205
"France",2001,51.948318
"France",2002,46.756802
"France",2003,50.878078
"France",2004,44.626019
"France",2005,36.10104
"France",2006,32.34687
"France",2007,52.208679
"France",2008,36.192589
"France",2009,36.537628
"France",2010,30.00135
"France",2011,28.2188
"France",2012,37.693642
"France",2013,25.211411
"France",2014,15.73695
"France",2015,21.87661
"France",2016,14.32137
"France",2017,34.537201
"France",2018,32.59581
"France",2019,23.710091
"Germany",1950,46.97805
"Germany",1951,44.477291
"Germany",1952,52.167122
"Germany",1953,63.629581
"Germany",1954,63.668339
"Germany",1955,64.79364
"Germany",1956,59.29216
"Germany",1957,60.811821
"Germany",1958,60.498428
"Germany",1959,59.87368
"Germany",1960,58.186852
"Germany",1961,61.373081
"Germany",1962,59.373878
"Germany",1963,61.747929
"Germany",1964,61.373081
"Germany",1965,58.653278
"Germany",1966,52.377869
"Germany",1967,73.744812
"Germany",1968,70.55851
"Germany",1969,68.86232
"Germany",1970,63.376179
"Germany",1971,60.93951
"Germany",1972,63.557259
"Germany",1973,61.557892
"Germany",1974,56.497601
"Germany",1975,62.30756
"Germany",1976,62.19791
"Germany",1977,57.805229
"Germany",1978,63.701191
"Germany",1979,68.447472
"Germany",1980,66.681648
"Germany",1981,57.452591
"Germany",1982,52.914139
"Germany",1983,57.51004
"Germany",1984,54.94537
"Germany",1985,51.231651
"Germany",1986,53.54155
"Germany",1987,53.8111
"Germany",1988,47.594978
"Germany",1989,49.17905
"Germany",1990,57.39069
"Germany",1991,49.66835
"Germany",1992,43.985851
"Germany",1993,38.072189
"Germany",1994,44.524719
"Germany",1995,47.41185
"Germany",1996,42.570549
"Germany",1997,38.655521
"Germany",1998,41.433708
"Germany",1999,44.851841
"Germany",2000,50.062649
"Germany",2001,51.197651
"Germany",2002,47.046612
"Germany",2003,37.999481
"Germany",2004,38.484879
"Germany",2005,43.24757
"Germany",2006,49.539742
"Germany",2007,51.500599
"Germany",2008,51.521412
"Germany",2009,52.125961
"Germany",2010,45.114182
"Germany",2011,44.366329
"Germany",2012,51.755299
"Germany",2013,53.998772
"Germany",2014,54.389439
"Germany",2015,52.43327
"Germany",2016,47.684662
"Germany",2017,49.6535
"Germany",2018,45.216091
"Germany",2019,48.873539
"Greece",1989,NA
"Greece",1990,NA
"Greece",1991,NA
"Greece",1992,NA
"Greece",1993,NA
"Greece",1994,NA
"Greece",1995,NA
"Greece",1996,NA
"Greece",1997,45.35788
"Greece",1998,34.129761
"Greece",1999,39.477039
"Greece",2000,44.6325
"Greece",2001,34.365471
"Greece",2002,38.276981
"Greece",2003,37.199848
"Greece",2004,52.895931
"Greece",2005,44.45454
"Greece",2006,41.937859
"Greece",2007,40.005428
"Greece",2008,34.402359
"Greece",2009,34.30143
"Greece",2010,33.995399
"Greece",2011,25.02578
"Greece",2012,36.073212
"Greece",2013,31.88714
"Greece",2014,28.617161
"Greece",2015,41.702999
"Greece",2016,17.86042
"Greece",2017,16.59708
"Greece",2018,18.775669
"Greece",2019,19.096411
"Guatemala",1987,47.8535
"Guatemala",1988,39.584839
"Guatemala",1989,39.584839
"Guatemala",1990,31.14584
"Guatemala",1991,56.96677
"Guatemala",1992,46.87616
"Guatemala",1993,72.06105
"Guatemala",1994,57.633781
"Guatemala",1995,46.955391
"Guatemala",1996,38.738159
"Guatemala",1997,42.557999
"Guatemala",1998,47.515041
"Guatemala",1999,49.603481
"Guatemala",2000,36.04108
"Guatemala",2001,27.382179
"Guatemala",2002,23.943689
"Guatemala",2003,24.540291
"Guatemala",2004,41.293468
"Guatemala",2005,36.91927
"Guatemala",2006,37.026508
"Guatemala",2007,36.79081
"Guatemala",2008,56.266258
"Guatemala",2009,62.935261
"Guatemala",2010,62.432522
"Guatemala",2011,49.303551
"Guatemala",2012,66.035172
"Guatemala",2013,64.170448
"Guatemala",2014,50.410728
"Guatemala",2015,39.142509
"Guatemala",2016,70.80732
"Guatemala",2017,44.968811
"Guatemala",2018,36.193439
"Guatemala",2019,38.637852
"Honduras",1986,40.037281
"Honduras",1987,40.910648
"Honduras",1988,42.366268
"Honduras",1989,36.107128
"Honduras",1990,43.530762
"Honduras",1991,36.29842
"Honduras",1992,41.176319
"Honduras",1993,50.053478
"Honduras",1994,26.62361
"Honduras",1995,24.00412
"Honduras",1996,23.42201
"Honduras",1997,25.168341
"Honduras",1998,49.325851
"Honduras",1999,58.930641
"Honduras",2000,57.03878
"Honduras",2001,66.102051
"Honduras",2002,57.120258
"Honduras",2003,42.955601
"Honduras",2004,40.693329
"Honduras",2005,33.906719
"Honduras",2006,42.330791
"Honduras",2007,48.47253
"Honduras",2008,34.034519
"Honduras",2009,35.434799
"Honduras",2010,53.437679
"Honduras",2011,45.17366
"Honduras",2012,31.73844
"Honduras",2013,23.360081
"Honduras",2014,48.82431
"Honduras",2015,50.00996
"Honduras",2016,46.438992
"Honduras",2017,49.103039
"Honduras",2018,34.01622
"Honduras",2019,25.466579
"Hungary",1998,47.84856
"Hungary",1999,41.771049
"Hungary",2000,38.921181
"Hungary",2001,43.819118
"Hungary",2002,44.852859
"Hungary",2003,42.227409
"Hungary",2004,37.744911
"Hungary",2005,39.007778
"Hungary",2006,36.643261
"Hungary",2007,30.454691
"Hungary",2008,29.18256
"Hungary",2009,27.75474
"Hungary",2010,34.273811
"Hungary",2011,37.235989
"Hungary",2012,30.69631
"Hungary",2013,35.862911
"Hungary",2014,36.748718
"Hungary",2015,34.903839
"Hungary",2016,38.744732
"Hungary",2017,40.417271
"Hungary",2018,53.096142
"Iceland",1987,64.575172
"Iceland",1988,56.092701
"Iceland",1989,56.092701
"Iceland",1990,56.092701
"Iceland",1991,51.230259
"Iceland",1992,32.526058
"Iceland",1993,34.600189
"Iceland",1994,41.845428
"Iceland",1995,47.123112
"Iceland",1996,58.106041
"Iceland",1997,58.81913
"Iceland",1998,62.842129
"Iceland",1999,57.293732
"Iceland",2000,59.676079
"Iceland",2001,56.288219
"Iceland",2002,56.731091
"Iceland",2003,50.785591
"Iceland",2004,47.915279
"Iceland",2005,50.070381
"Iceland",2006,50.993259
"Iceland",2007,60.892342
"Iceland",2008,50.952991
"Iceland",2009,48.218491
"Iceland",2010,41.46785
"Iceland",2011,35.488461
"Iceland",2012,32.945431
"Iceland",2013,46.67794
"Iceland",2014,42.292419
"Iceland",2015,37.19875
"Iceland",2016,37.91951
"Iceland",2017,37.535439
"Iceland",2018,63.985931
"Ireland",1978,64.609627
"Ireland",1979,56.473259
"Ireland",1980,50.547112
"Ireland",1981,50.404758
"Ireland",1982,45.930981
"Ireland",1983,44.53389
"Ireland",1984,42.628559
"Ireland",1985,40.946419
"Ireland",1986,41.116661
"Ireland",1987,36.791759
"Ireland",1988,48.511551
"Ireland",1989,49.225422
"Ireland",1990,51.54026
"Ireland",1991,40.270538
"Ireland",1992,45.028542
"Ireland",1993,40.326439
"Ireland",1994,49.544102
"Ireland",1995,50.614052
"Ireland",1996,49.450272
"Ireland",1997,57.941292
"Ireland",1998,71.393219
"Ireland",1999,57.865429
"Ireland",2000,57.912258
"Ireland",2001,60.037022
"Ireland",2002,59.021679
"Ireland",2003,38.310211
"Ireland",2004,44.579609
"Ireland",2005,52.63448
"Ireland",2006,50.608429
"Ireland",2007,48.87225
"Ireland",2008,37.92469
"Ireland",2009,25.289169
"Ireland",2010,24.601931
"Ireland",2011,39.129822
"Ireland",2012,34.012711
"Ireland",2013,27.87875
"Ireland",2014,24.22167
"Ireland",2015,24.98554
"Ireland",2016,24.615511
"Ireland",2017,31.19924
"Ireland",2018,43.009949
"Italy",1989,NA
"Italy",1990,NA
"Italy",1991,NA
"Italy",1992,NA
"Italy",1993,NA
"Italy",1994,NA
"Italy",1995,39.223259
"Italy",1996,40.737091
"Italy",1997,25.367649
"Italy",1998,37.663212
"Italy",1999,50.529961
"Italy",2000,26.245911
"Italy",2001,35.149471
"Italy",2002,36.702129
"Italy",2003,31.77792
"Italy",2004,27.89846
"Italy",2005,30.25474
"Italy",2006,48.996731
"Italy",2007,30.58157
"Italy",2008,49.084671
"Italy",2009,47.34037
"Italy",2010,39.421082
"Italy",2011,45.058121
"Italy",2012,50.173939
"Italy",2013,49.13588
"Italy",2014,58.026131
"Italy",2015,42.107922
"Italy",2016,39.241341
"Italy",2017,41.917568
"Italy",2018,45.000832
"Japan",1960,44.090961
"Japan",1961,45.588219
"Japan",1962,43.473289
"Japan",1963,46.129581
"Japan",1964,45.970779
"Japan",1965,44.260071
"Japan",1966,42.556568
"Japan",1967,42.729809
"Japan",1968,38.507172
"Japan",1969,40.15292
"Japan",1970,44.584888
"Japan",1971,34.262871
"Japan",1972,42.773121
"Japan",1973,32.71817
"Japan",1974,25.74539
"Japan",1975,38.06686
"Japan",1976,33.873081
"Japan",1977,34.472191
"Japan",1978,33.375031
"Japan",1979,36.6954
"Japan",1980,38.456638
"Japan",1981,38.312271
"Japan",1982,33.425549
"Japan",1983,39.640419
"Japan",1984,47.017422
"Japan",1985,51.377209
"Japan",1986,48.807529
"Japan",1987,38.702061
"Japan",1988,40.961349
"Japan",1989,30.061871
"Japan",1990,49.305592
"Japan",1991,48.468281
"Japan",1992,32.63155
"Japan",1993,42.87418
"Japan",1994,47.298931
"Japan",1995,39.01244
"Japan",1996,46.295601
"Japan",1997,44.17345
"Japan",1998,31.969709
"Japan",1999,42.731918
"Japan",2000,32.533352
"Japan",2001,54.549969
"Japan",2002,50.9291
"Japan",2003,50.577641
"Japan",2004,46.144291
"Japan",2005,48.589939
"Japan",2006,50.37476
"Japan",2007,38.277611
"Japan",2008,36.03772
"Japan",2009,38.838341
"Japan",2010,41.984669
"Japan",2011,34.896729
"Japan",2012,36.328011
"Japan",2013,60.5009
"Japan",2014,51.809662
"Japan",2015,47.848431
"Japan",2016,51.306961
"Japan",2017,47.346039
"Japan",2018,44.664261
"Japan",2019,46.176659
"South Korea",1988,56.14357
"South Korea",1989,42.882542
"South Korea",1990,36.51292
"South Korea",1991,27.68708
"South Korea",1992,26.643511
"South Korea",1993,76.53215
"South Korea",1994,51.934471
"South Korea",1995,45.98233
"South Korea",1996,43.08176
"South Korea",1997,24.211571
"South Korea",1998,63.8503
"South Korea",1999,56.90897
"South Korea",2000,49.850391
"South Korea",2001,40.30558
"South Korea",2002,38.983761
"South Korea",2003,43.98616
"South Korea",2004,38.43642
"South Korea",2005,39.746059
"South Korea",2006,32.073891
"South Korea",2007,36.61237
"South Korea",2008,40.711201
"South Korea",2009,46.33794
"South Korea",2010,52.932571
"South Korea",2011,46.476089
"South Korea",2012,36.62236
"South Korea",2013,59.369751
"South Korea",2014,54.43898
"South Korea",2015,45.793308
"South Korea",2016,40.684589
"South Korea",2017,77.624153
"South Korea",2018,68.184402
"Kosovo",2007,52.48563
"Kosovo",2008,57.206451
"Kosovo",2009,48.144211
"Kosovo",2010,39.845322
"Kosovo",2011,34.870399
"Kosovo",2012,29.59392
"Kosovo",2013,33.400509
"Kosovo",2014,37.852859
"Kosovo",2015,25.16206
"Kosovo",2016,25.09412
"Kosovo",2017,40.882011
"Kosovo",2018,34.715988
"North Macedonia",2006,40.680168
"North Macedonia",2007,58.417999
"North Macedonia",2008,71.536469
"North Macedonia",2009,52.785889
"North Macedonia",2010,37.692101
"North Macedonia",2011,37.692101
"North Macedonia",2012,37.692101
"North Macedonia",2013,38.813511
"North Macedonia",2014,39.934929
"North Macedonia",2015,29.46838
"North Macedonia",2016,32.45882
"North Macedonia",2006,41.190899
"North Macedonia",2007,49.692989
"North Macedonia",2008,62.472511
"North Macedonia",2009,52.504082
"North Macedonia",2010,40.96167
"North Macedonia",2011,37.095081
"North Macedonia",2012,31.600349
"North Macedonia",2013,31.917299
"North Macedonia",2014,44.00449
"North Macedonia",2015,33.701618
"North Macedonia",2016,35.851189
"Mexico",1989,55.177589
"Mexico",1990,62.161739
"Mexico",1991,64.549004
"Mexico",1992,65.826172
"Mexico",1993,66.279732
"Mexico",1994,56.855049
"Mexico",1995,38.70443
"Mexico",1996,41.633678
"Mexico",1997,50.238289
"Mexico",1998,51.738739
"Mexico",1999,55.370411
"Mexico",2000,61.62154
"Mexico",2001,57.054211
"Mexico",2002,49.102032
"Mexico",2003,50.630772
"Mexico",2004,47.170319
"Mexico",2005,48.504791
"Mexico",2006,54.815689
"Mexico",2007,57.817661
"Mexico",2008,56.17028
"Mexico",2009,55.13644
"Mexico",2010,49.84993
"Mexico",2011,50.387341
"Mexico",2012,51.918449
"Mexico",2013,47.921188
"Mexico",2014,43.193729
"Mexico",2015,39.440529
"Mexico",2016,34.862679
"Mexico",2017,28.641729
"Mexico",2018,32.542229
"Mexico",2019,59.003288
"Montenegro",2004,27.801901
"Montenegro",2005,29.21225
"Montenegro",2006,37.427391
"Montenegro",2007,33.259232
"Montenegro",2008,34.227692
"Montenegro",2009,52.98151
"Montenegro",2010,58.999451
"Montenegro",2011,58.32946
"Montenegro",2012,44.9356
"Montenegro",2013,47.01162
"Montenegro",2014,NA
"Montenegro",2015,NA
"Montenegro",2016,NA
"Montenegro",2017,NA
"Montenegro",2018,NA
"New Zealand",1990,47.765331
"New Zealand",1991,44.071819
"New Zealand",1992,44.071819
"New Zealand",1993,40.427151
"New Zealand",1994,40.42741
"New Zealand",1995,40.42741
"New Zealand",1996,41.7127
"New Zealand",1997,37.957001
"New Zealand",1998,43.191509
"New Zealand",1999,38.926769
"New Zealand",2000,62.197418
"New Zealand",2001,62.223652
"New Zealand",2002,67.211304
"New Zealand",2003,63.03252
"New Zealand",2004,58.585201
"New Zealand",2005,58.181511
"New Zealand",2006,55.70789
"New Zealand",2007,53.703442
"New Zealand",2008,52.108158
"New Zealand",2009,71.443748
"New Zealand",2010,68.805321
"New Zealand",2011,65.289391
"New Zealand",2012,54.82254
"New Zealand",2013,51.47654
"New Zealand",2014,57.941952
"New Zealand",2015,51.14476
"New Zealand",2016,50.10741
"New Zealand",2017,56.749069
"New Zealand",2018,70.531776
"New Zealand",2019,70.333321
"Nicaragua",1989,50.96513
"Nicaragua",1990,47.92321
"Nicaragua",1991,48.431671
"Nicaragua",1992,27.84981
"Nicaragua",1993,24.1994
"Nicaragua",1994,21.360201
"Nicaragua",1995,19.465059
"Nicaragua",1996,32.965931
"Nicaragua",1997,43.349789
"Nicaragua",1998,37.56781
"Nicaragua",1999,38.360939
"Nicaragua",2000,35.129452
"Nicaragua",2001,35.737759
"Nicaragua",2002,64.886597
"Nicaragua",2003,35.790051
"Nicaragua",2004,40.799911
"Nicaragua",2005,35.511929
"Nicaragua",2006,26.93648
"Nicaragua",2007,49.000301
"Nicaragua",2008,35.902081
"Nicaragua",2009,40.75349
"Nicaragua",2010,46.097092
"Nicaragua",2011,54.021111
"Nicaragua",2012,57.50293
"Nicaragua",2013,67.917992
"Nicaragua",2014,40.492569
"Nicaragua",2015,55.292061
"Nicaragua",2016,67.299057
"Nicaragua",2017,76.53289
"Nicaragua",2018,52.305302
"Palestinian Territories",1995,60.758659
"Palestinian Territories",1996,60.758659
"Palestinian Territories",1997,50.383579
"Palestinian Territories",1998,55.579639
"Palestinian Territories",1999,44.33741
"Palestinian Territories",2000,43.350941
"Palestinian Territories",2001,54.02787
"Palestinian Territories",2002,47.4077
"Palestinian Territories",2003,47.392551
"Palestinian Territories",2004,49.683441
"Palestinian Territories",2005,54.671539
"Palestinian Territories",2006,41.464561
"Palestinian Territories",2007,44.516949
"Palestinian Territories",2008,37.620399
"Palestinian Territories",2009,38.547932
"Palestinian Territories",2010,46.786098
"Palestinian Territories",2011,50.55481
"Palestinian Territories",2012,48.437489
"Palestinian Territories",2013,46.98457
"Palestinian Territories",2014,48.431801
"Palestinian Territories",2015,41.498581
"Palestinian Territories",2016,37.80975
"Palestinian Territories",2017,35.444801
"Palestinian Territories",2018,33.963501
"Panama",1990,NA
"Panama",1991,NA
"Panama",1992,NA
"Panama",1993,NA
"Panama",1994,NA
"Panama",1995,NA
"Panama",1996,NA
"Panama",1997,NA
"Panama",1998,NA
"Panama",1999,NA
"Panama",2000,NA
"Panama",2001,NA
"Panama",2002,NA
"Panama",2003,NA
"Panama",2004,NA
"Panama",2005,NA
"Panama",2006,NA
"Panama",2007,NA
"Panama",2008,NA
"Panama",2009,NA
"Panama",2010,NA
"Panama",2011,NA
"Panama",2012,NA
"Panama",2013,NA
"Panama",2014,NA
"Panama",2015,NA
"Panama",2016,NA
"Panama",2017,NA
"Panama",2018,NA
"Panama",2019,NA
"Paraguay",1996,NA
"Paraguay",1997,NA
"Paraguay",1998,48.644451
"Paraguay",1999,53.834572
"Paraguay",2000,33.55122
"Paraguay",2001,17.299259
"Paraguay",2002,9.8855677
"Paraguay",2003,11.74959
"Paraguay",2004,53.766701
"Paraguay",2005,41.547161
"Paraguay",2006,34.211842
"Paraguay",2007,17.28706
"Paraguay",2008,59.308041
"Paraguay",2009,57.421871
"Paraguay",2010,50.15731
"Paraguay",2011,45.47496
"Paraguay",2012,51.06805
"Paraguay",2013,31.052031
"Paraguay",2014,39.958179
"Paraguay",2015,25.967661
"Paraguay",2016,28.403721
"Paraguay",2017,24.64407
"Paraguay",2018,24.11834
"Peru",1981,39.613041
"Peru",1982,27.11146
"Peru",1983,20.012819
"Peru",1984,18.76598
"Peru",1985,37.411961
"Peru",1986,55.36636
"Peru",1987,45.28751
"Peru",1988,31.40056
"Peru",1989,10.93033
"Peru",1990,21.991131
"Peru",1991,32.486691
"Peru",1992,46.785118
"Peru",1993,45.10844
"Peru",1994,44.902481
"Peru",1995,51.129238
"Peru",1996,42.391281
"Peru",1997,25.733709
"Peru",1998,39.282219
"Peru",1999,39.282219
"Peru",2000,39.282219
"Peru",2001,35.668789
"Peru",2002,13.85178
"Peru",2003,14.85561
"Peru",2004,12.4761
"Peru",2005,8.3138866
"Peru",2006,27.3864
"Peru",2007,28.96137
"Peru",2008,20.70821
"Peru",2009,23.421801
"Peru",2010,23.027571
"Peru",2011,32.771778
"Peru",2012,38.622589
"Peru",2013,32.048069
"Peru",2014,20.511221
"Peru",2015,14.08822
"Peru",2016,27.55229
"Peru",2017,29.845421
"Peru",2018,33.792061
"Peru",2019,46.2729
"Philippines",1986,64.36058
"Philippines",1987,60.239288
"Philippines",1988,65.538094
"Philippines",1989,45.174068
"Philippines",1990,42.772869
"Philippines",1991,30.212749
"Philippines",1992,46.99229
"Philippines",1993,69.365013
"Philippines",1994,62.888691
"Philippines",1995,36.100311
"Philippines",1996,41.693481
"Philippines",1997,59.061779
"Philippines",1998,50.903309
"Philippines",1999,58.17865
"Philippines",2000,36.98344
"Philippines",2001,38.959019
"Philippines",2002,40.11208
"Philippines",2003,31.636909
"Philippines",2004,36.77652
"Philippines",2005,18.37089
"Philippines",2006,21.5495
"Philippines",2007,25.478991
"Philippines",2008,14.58551
"Philippines",2009,15.24756
"Philippines",2010,46.215549
"Philippines",2011,60.976212
"Philippines",2012,62.134369
"Philippines",2013,63.407619
"Philippines",2014,52.225319
"Philippines",2015,46.449718
"Philippines",2016,54.972031
"Philippines",2017,68.960869
"Philippines",2018,65.520203
"Poland",1989,57.519951
"Poland",1990,43.828281
"Poland",1991,46.485619
"Poland",1992,40.027618
"Poland",1993,37.877419
"Poland",1994,34.253078
"Poland",1995,35.512291
"Poland",1996,48.52816
"Poland",1997,52.462849
"Poland",1998,56.939308
"Poland",1999,58.023689
"Poland",2000,59.69297
"Poland",2001,58.927292
"Poland",2002,58.24762
"Poland",2003,58.378948
"Poland",2004,52.343552
"Poland",2005,48.24575
"Poland",2006,38.138229
"Poland",2007,38.235439
"Poland",2008,34.596802
"Poland",2009,33.338139
"Poland",2010,41.16629
"Poland",2011,48.262001
"Poland",2012,50.464642
"Poland",2013,52.016109
"Poland",2014,53.291851
"Poland",2015,46.482899
"Poland",2016,44.309689
"Poland",2017,47.845009
"Poland",2018,47.915192
"Poland",2019,46.848289
"Poland",1992,37.768459
"Poland",1993,48.623341
"Poland",1994,45.141842
"Poland",1995,42.710892
"Poland",1996,47.612289
"Poland",1997,48.21944
"Poland",1998,46.582741
"Poland",1999,40.066002
"Poland",2000,35.384769
"Poland",2001,36.65715
"Poland",2002,41.004631
"Poland",2003,32.473091
"Poland",2004,32.166241
"Poland",2005,34.603039
"Poland",2006,45.76754
"Poland",2007,39.053989
"Poland",2008,50.622631
"Poland",2009,45.101101
"Poland",2010,46.364601
"Poland",2011,43.869999
"Poland",2012,38.737129
"Poland",2013,34.905151
"Poland",2014,38.195202
"Poland",2015,39.380539
"Poland",2016,44.25806
"Poland",2017,45.903019
"Poland",2018,46.173092
"Poland",2019,44.336472
"Poland",1989,62.494221
"Poland",1990,43.527359
"Poland",1991,47.208542
"Poland",1992,38.132061
"Poland",1993,35.734341
"Poland",1994,29.092239
"Poland",1995,29.747869
"Poland",1996,51.633572
"Poland",1997,58.26173
"Poland",1998,64.665123
"Poland",1999,64.758301
"Poland",2000,65.362282
"Poland",2001,64.665077
"Poland",2002,65.641777
"Poland",2003,62.510799
"Poland",2004,52.444431
"Poland",2005,47.194241
"Poland",2006,35.359982
"Poland",2007,33.99435
"Poland",2008,31.3522
"Poland",2009,27.741791
"Poland",2010,40.558849
"Poland",2011,51.325779
"Poland",2012,53.14925
"Poland",2013,53.563229
"Poland",2014,57.098091
"Poland",2015,46.211601
"Poland",2016,44.936081
"Poland",2017,51.45816
"Poland",2018,51.746422
"Poland",2019,49.510239
"Portugal",1986,49.075489
"Portugal",1987,57.550449
"Portugal",1988,45.184139
"Portugal",1989,37.32996
"Portugal",1990,37.38065
"Portugal",1991,53.366959
"Portugal",1992,42.774158
"Portugal",1993,32.06506
"Portugal",1994,28.9977
"Portugal",1995,38.146709
"Portugal",1996,43.139259
"Portugal",1997,30.67374
"Portugal",1998,40.10825
"Portugal",1999,40.832371
"Portugal",2000,25.845751
"Portugal",2001,25.893961
"Portugal",2002,37.959888
"Portugal",2003,43.883598
"Portugal",2004,44.528
"Portugal",2005,51.363941
"Portugal",2006,53.313759
"Portugal",2007,51.745392
"Portugal",2008,44.245491
"Portugal",2009,35.948021
"Portugal",2010,32.834129
"Portugal",2011,33.658642
"Portugal",2012,25.33189
"Portugal",2013,19.28043
"Portugal",2014,22.35298
"Portugal",2015,22.375759
"Portugal",2016,42.711048
"Portugal",2017,48.270851
"Portugal",2018,50.36396
"Portugal",1986,27.646521
"Portugal",1987,30.99605
"Portugal",1988,22.421261
"Portugal",1989,17.04702
"Portugal",1990,17.28875
"Portugal",1991,26.68804
"Portugal",1992,21.98839
"Portugal",1993,17.165079
"Portugal",1994,15.43363
"Portugal",1995,20.615601
"Portugal",1996,23.47249
"Portugal",1997,15.92833
"Portugal",1998,19.143869
"Portugal",1999,19.143869
"Portugal",2000,12.15625
"Portugal",2001,9.3566961
"Portugal",2002,21.091351
"Portugal",2003,24.7138
"Portugal",2004,22.916679
"Portugal",2005,27.19836
"Portugal",2006,31.74651
"Portugal",2007,27.31773
"Portugal",2008,27.31773
"Portugal",2009,23.54303
"Portugal",2010,30.65308
"Portugal",2011,30.73373
"Portugal",2012,25.609261
"Portugal",2013,23.915251
"Portugal",2014,22.92491
"Portugal",2015,24.881189
"Portugal",2016,40.290329
"Portugal",2017,38.454739
"Portugal",2018,40.85667
"Portugal",1986,53.997791
"Portugal",1987,56.9594
"Portugal",1988,44.729988
"Portugal",1989,36.868729
"Portugal",1990,37.377029
"Portugal",1991,52.772301
"Portugal",1992,44.95977
"Portugal",1993,33.70055
"Portugal",1994,31.632521
"Portugal",1995,39.458969
"Portugal",1996,43.810871
"Portugal",1997,32.475052
"Portugal",1998,42.12582
"Portugal",1999,42.508781
"Portugal",2000,28.492201
"Portugal",2001,27.813681
"Portugal",2002,37.159512
"Portugal",2003,40.503551
"Portugal",2004,40.0518
"Portugal",2005,48.897381
"Portugal",2006,53.738689
"Portugal",2007,52.943802
"Portugal",2008,48.439411
"Portugal",2009,40.142502
"Portugal",2010,33.622601
"Portugal",2011,33.075909
"Portugal",2012,28.91156
"Portugal",2013,20.09766
"Portugal",2014,23.331751
"Portugal",2015,27.826799
"Portugal",2016,39.367908
"Portugal",2017,45.006229
"Portugal",2018,46.2943
"Portugal",1986,39.52721
"Portugal",1987,66.772987
"Portugal",1988,71.972
"Portugal",1989,75.744186
"Portugal",1990,72.854858
"Portugal",1991,75.209129
"Portugal",1992,55.786388
"Portugal",1993,48.87072
"Portugal",1994,44.750751
"Portugal",1995,50.863831
"Portugal",1996,53.72641
"Portugal",1997,50.783569
"Portugal",1998,64.026337
"Portugal",1999,67.852028
"Portugal",2000,53.284981
"Portugal",2001,49.955349
"Portugal",2002,55.467388
"Portugal",2003,68.983223
"Portugal",2004,75.952309
"Portugal",2005,71.295868
"Portugal",2006,68.208
"Portugal",2007,70.361412
"Portugal",2008,62.017231
"Portugal",2009,54.117222
"Portugal",2010,54.208141
"Portugal",2011,53.739349
"Portugal",2012,40.15205
"Portugal",2013,37.588001
"Portugal",2014,41.67038
"Portugal",2015,35.28162
"Portugal",2016,60.724709
"Portugal",2017,71.113632
"Portugal",2018,72.844566
"Russia",1996,33.000999
"Russia",1997,28.179001
"Russia",1998,25.266001
"Russia",1999,31.205999
"Russia",2000,62.875
"Russia",2001,61.363998
"Russia",2002,61.292
"Russia",2003,58.583
"Russia",2004,56.419998
"Russia",2005,50.112
"Russia",2006,58.240002
"Russia",2007,67.141998
"Russia",2008,78.849998
"Russia",2009,76.167
"Russia",2010,76.333
"Russia",2011,66.792
"Russia",2012,62.542
"Russia",2013,57.792
"Russia",2014,72.125
"Russia",2015,74.583
"Russia",2016,67.417
"Russia",2017,64.458
"Russia",2018,55
"Russia",2019,49.125
"Russia",2000,38.75
"Russia",2001,39.917
"Russia",2002,39.333
"Russia",2003,36.333
"Russia",2004,38.333
"Russia",2005,29.917
"Russia",2006,36.167
"Russia",2007,43.917
"Russia",2008,60.299999
"Russia",2009,54.25
"Russia",2010,53.333
"Russia",2011,47.25
"Russia",2012,47.333
"Russia",2013,43.333
"Russia",2014,57.917
"Russia",2015,58.083
"Russia",2016,48.5
"Russia",2017,47.5
"Russia",2018,41.599998
"Russia",2019,39.75
"Russia",1996,39.25
"Russia",1997,30.414
"Russia",1998,35.910999
"Russia",1999,57.398998
"Russia",2000,55.5
"Russia",2001,47
"Russia",2002,46.667
"Russia",2003,41.083
"Russia",2004,38.581001
"Russia",2005,31.476
"Russia",2006,40.631001
"Russia",2007,49.445
"Russia",2008,79.370003
"Russia",2009,79.417
"Russia",2010,78.167
"Russia",2011,68.583
"Russia",2012,61.25
"Russia",2013,52.083
"Russia",2014,62.75
"Russia",2015,63.417
"Russia",2016,52.5
"Russia",2017,46.5
"Russia",2018,35.599998
"Russia",2019,33.75
"Russia",1996,26.749001
"Russia",1997,25.945
"Russia",1998,14.621
"Russia",1999,7.2937999
"Russia",2000,70.25
"Russia",2001,73.333
"Russia",2002,75.917
"Russia",2003,76.083
"Russia",2004,74.25
"Russia",2005,68.75
"Russia",2006,75.917
"Russia",2007,81.75
"Russia",2008,78.417
"Russia",2009,72.917
"Russia",2010,74.5
"Russia",2011,65
"Russia",2012,63.833
"Russia",2013,63.5
"Russia",2014,81.5
"Russia",2015,85.75
"Russia",2016,82.333
"Russia",2017,82.417
"Russia",2018,72.636002
"Russia",2019,64.5
"Spain",1984,43.0182
"Spain",1985,43.752998
"Spain",1986,48.588551
"Spain",1987,44.385609
"Spain",1988,43.125061
"Spain",1989,36.789131
"Spain",1990,36.269508
"Spain",1991,37.33633
"Spain",1992,33.638882
"Spain",1993,30.90111
"Spain",1994,27.803711
"Spain",1995,27.02207
"Spain",1996,33.184849
"Spain",1997,35.270271
"Spain",1998,36.187489
"Spain",1999,38.309849
"Spain",2000,43.262772
"Spain",2001,39.661991
"Spain",2002,37.23468
"Spain",2003,33.62682
"Spain",2004,43.022289
"Spain",2005,40.938042
"Spain",2006,38.32423
"Spain",2007,37.242901
"Spain",2008,38.378262
"Spain",2009,32.980221
"Spain",2010,26.527889
"Spain",2011,23.951241
"Spain",2012,29.05192
"Spain",2013,23.052799
"Spain",2014,23.417919
"Spain",2015,25.216761
"Spain",2016,28.022421
"Spain",2017,28.62129
"Spain",2018,32.450909
"Spain",2019,34.979839
"Turkey",2002,39.157139
"Turkey",2003,41.449791
"Turkey",2004,47.662762
"Turkey",2005,47.662762
"Turkey",2006,46.786751
"Turkey",2007,50.724571
"Turkey",2008,44.8554
"Turkey",2009,41.545639
"Turkey",2010,43.294189
"Turkey",2011,58.747471
"Turkey",2012,50.13916
"Turkey",2013,46.930592
"Turkey",2014,53.577671
"Turkey",2015,45.724998
"Turkey",2016,65.329971
"Turkey",2017,64.855049
"Turkey",2018,60.034908
"Turkey",2002,NA
"Turkey",2003,NA
"Turkey",2004,NA
"Turkey",2005,NA
"Turkey",2006,NA
"Turkey",2007,NA
"Turkey",2008,NA
"Turkey",2009,NA
"Turkey",2010,NA
"Turkey",2011,NA
"Turkey",2012,NA
"Turkey",2013,NA
"Turkey",2014,NA
"Turkey",2002,36.563721
"Turkey",2003,56.909538
"Turkey",2004,56.909538
"Turkey",2005,56.909538
"Turkey",2006,56.909538
"Turkey",2007,70.201317
"Turkey",2008,51.873211
"Turkey",2009,49.147839
"Turkey",2010,46.307018
"Turkey",2011,63.758789
"Turkey",2012,56.159088
"Turkey",2013,52.84375
"Turkey",2014,43.668171
"Turkey",2015,43.668171
"Turkey",2016,43.668171
"Turkey",2014,-0.52179247
"Turkey",2015,-1.4687769
"Turkey",2016,0.89546502
"Turkey",2017,0.83819193
"Turkey",2018,0.2569125
"Ukraine",2000,29.121639
"Ukraine",2001,21.05839
"Ukraine",2002,15.21546
"Ukraine",2003,12.68352
"Ukraine",2004,15.11321
"Ukraine",2005,50.23653
"Ukraine",2006,23.622789
"Ukraine",2007,24.043159
"Ukraine",2008,16.966209
"Ukraine",2009,6.7346439
"Ukraine",2010,48.67136
"Ukraine",2011,21.323139
"Ukraine",2012,22.641399
"Ukraine",2013,25.191071
"Ukraine",2014,31.95853
"Ukraine",2015,17.152889
"Ukraine",2016,11.39317
"Ukraine",2017,11.16912
"Ukraine",2008,-0.74273121
"Ukraine",2009,-1.458617
"Ukraine",2010,1.3333369
"Ukraine",2011,0.1163314
"Ukraine",2012,0.044742841
"Ukraine",2013,0.044742841
"Ukraine",2014,1.404925
"Ukraine",2015,-0.74273121
"Ukraine",2014,1.496371
"Ukraine",2015,-0.58061081
"Ukraine",2016,-0.50508422
"Ukraine",2017,-0.410676
"Ukraine",2000,25.50234
"Ukraine",2001,19.32658
"Ukraine",2002,14.85139
"Ukraine",2003,12.91214
"Ukraine",2004,14.77307
"Ukraine",2005,41.674561
"Ukraine",2006,21.290689
"Ukraine",2007,21.612659
"Ukraine",2008,16.787531
"Ukraine",2009,8.5861254
"Ukraine",2010,42.87727
"Ukraine",2011,18.04929
"Ukraine",2012,19.81139
"Ukraine",2013,22.68297
"Ukraine",2014,24.598511
"Ukraine",2015,16.956499
"Ukraine",2016,10.04458
"Ukraine",2017,8.9344988
"United Kingdom",1938,40.2607
"United Kingdom",1939,43.134819
"United Kingdom",1940,48.24181
"United Kingdom",1941,57.570011
"United Kingdom",1942,56.730381
"United Kingdom",1943,60.088902
"United Kingdom",1944,58.82946
"United Kingdom",1945,57.085609
"United Kingdom",1946,41.710098
"United Kingdom",1947,38.703911
"United Kingdom",1948,36.806419
"United Kingdom",1949,38.326962
"United Kingdom",1950,39.977451
"United Kingdom",1951,38.397869
"United Kingdom",1952,40.866329
"United Kingdom",1953,43.537441
"United Kingdom",1954,45.491009
"United Kingdom",1955,46.142368
"United Kingdom",1956,39.417419
"United Kingdom",1957,37.792042
"United Kingdom",1958,39.852791
"United Kingdom",1959,44.96191
"United Kingdom",1960,50.373371
"United Kingdom",1961,43.699501
"United Kingdom",1962,37.882118
"United Kingdom",1963,36.401489
"United Kingdom",1964,41.880299
"United Kingdom",1965,43.677551
"United Kingdom",1966,43.52552
"United Kingdom",1967,37.239761
"United Kingdom",1968,28.430071
"United Kingdom",1969,30.687611
"United Kingdom",1970,36.10508
"United Kingdom",1971,33.727669
"United Kingdom",1972,34.60202
"United Kingdom",1973,34.01836
"United Kingdom",1974,37.649441
"United Kingdom",1975,34.78339
"United Kingdom",1976,32.74855
"United Kingdom",1977,35.4967
"United Kingdom",1978,41.195641
"United Kingdom",1979,35.190441
"United Kingdom",1980,33.633869
"United Kingdom",1981,28.41057
"United Kingdom",1982,37.606892
"United Kingdom",1983,41.36063
"United Kingdom",1984,37.90168
"United Kingdom",1985,32.918629
"United Kingdom",1986,30.84701
"United Kingdom",1987,39.68351
"United Kingdom",1988,38.958801
"United Kingdom",1989,33.675591
"United Kingdom",1990,28.54211
"United Kingdom",1991,38.320709
"United Kingdom",1992,33.390419
"United Kingdom",1993,22.818781
"United Kingdom",1994,21.26306
"United Kingdom",1995,22.32354
"United Kingdom",1996,24.92688
"United Kingdom",1997,46.742481
"United Kingdom",1998,49.423729
"United Kingdom",1999,47.038631
"United Kingdom",2000,38.656651
"United Kingdom",2001,45.15395
"United Kingdom",2002,38.084942
"United Kingdom",2003,31.73539
"United Kingdom",2004,30.089001
"United Kingdom",2005,35.87978
"United Kingdom",2006,28.073851
"United Kingdom",2007,34.56181
"United Kingdom",2008,26.951981
"United Kingdom",2009,27.52516
"United Kingdom",2010,39.791161
"United Kingdom",2011,35.160999
"United Kingdom",2012,32.122021
"United Kingdom",2013,31.411051
"United Kingdom",2014,34.77837
"United Kingdom",2015,38.790371
"United Kingdom",2016,39.503551
"United Kingdom",2017,38.033489
"United Kingdom",2018,30.46246
"United Kingdom",2019,25.96921
"United States",1941,59.793152
"United States",1942,64.341873
"United States",1943,66.535629
"United States",1944,66.535629
"United States",1945,68.733742
"United States",1946,43.825562
"United States",1947,51.828522
"United States",1948,39.245468
"United States",1949,49.284031
"United States",1950,40.561779
"United States",1951,33.262039
"United States",1952,33.69051
"United States",1953,59.59148
"United States",1954,56.73452
"United States",1955,60.420559
"United States",1956,61.706749
"United States",1957,56.328129
"United States",1958,50.015999
"United States",1959,55.244419
"United States",1960,53.911179
"United States",1961,63.400749
"United States",1962,60.649799
"United States",1963,56.833858
"United States",1964,62.438721
"United States",1965,57.370651
"United States",1966,47.826221
"United States",1967,43.441269
"United States",1968,41.755112
"United States",1969,53.6759
"United States",1970,51.410252
"United States",1971,47.244942
"United States",1972,51.131401
"United States",1973,42.006069
"United States",1974,38.33287
"United States",1975,42.905361
"United States",1976,45.55442
"United States",1977,54.958569
"United States",1978,43.992779
"United States",1979,39.216
"United States",1980,41.258411
"United States",1981,52.546612
"United States",1982,43.260971
"United States",1983,43.71983
"United States",1984,50.85997
"United States",1985,54.357689
"United States",1986,54.628151
"United States",1987,45.841129
"United States",1988,48.20583
"United States",1989,55.91198
"United States",1990,57.417461
"United States",1991,61.06934
"United States",1992,41.02346
"United States",1993,46.565861
"United States",1994,45.029091
"United States",1995,45.276611
"United States",1996,49.490952
"United States",1997,52.269039
"United States",1998,55.877831
"United States",1999,53.949089
"United States",2000,53.69788
"United States",2001,58.302479
"United States",2002,60.622169
"United States",2003,53.34264
"United States",2004,45.812092
"United States",2005,43.10614
"United States",2006,38.2327
"United States",2007,34.923489
"United States",2008,32.114349
"United States",2009,42.974339
"United States",2010,45.116402
"United States",2011,43.7784
"United States",2012,46.753819
"United States",2013,44.913422
"United States",2014,42.079319
"United States",2015,44.622299
"United States",2016,48.317261
"United States",2017,39.303791
"United States",2018,40.812569
"United States",2019,41.084549
"Uruguay",1987,47.629639
"Uruguay",1988,41.07795
"Uruguay",1989,38.54155
"Uruguay",1990,36.015289
"Uruguay",1991,31.101521
"Uruguay",1992,28.57019
"Uruguay",1993,31.23851
"Uruguay",1994,38.901749
"Uruguay",1995,39.611271
"Uruguay",1996,38.621071
"Uruguay",1997,39.270302
"Uruguay",1998,43.80722
"Uruguay",1999,43.26944
"Uruguay",2000,55.56559
"Uruguay",2001,46.21125
"Uruguay",2002,31.908279
"Uruguay",2003,22.276699
"Uruguay",2004,25.73457
"Uruguay",2005,70.975868
"Uruguay",2006,61.775139
"Uruguay",2007,57.354729
"Uruguay",2008,60.00552
"Uruguay",2009,66.637383
"Uruguay",2010,74.06749
"Uruguay",2011,54.79599
"Uruguay",2012,53.972382
"Uruguay",2013,53.509232
"Uruguay",2014,64.816757
"Uruguay",2015,54.873112
"Uruguay",2016,45.122871
"Uruguay",2017,44.48114
"Uruguay",2018,38.245892
"Venezuela",1987,51.664299
"Venezuela",1988,36.224232
"Venezuela",1989,42.374641
"Venezuela",1990,40.467098
"Venezuela",1991,37.942059
"Venezuela",1992,26.34358
"Venezuela",1993,41.250439
"Venezuela",1994,50.455551
"Venezuela",1995,42.863941
"Venezuela",1996,38.078991
"Venezuela",1997,35.216839
"Venezuela",1998,27.34428
"Venezuela",1999,62.382568
"Venezuela",2000,54.64212
"Venezuela",2001,47.709221
"Venezuela",2002,39.94577
"Venezuela",2003,38.21706
"Venezuela",2004,44.840939
"Venezuela",2005,53.440739
"Venezuela",2006,53.690411
"Venezuela",2007,52.173771
"Venezuela",2008,48.38969
"Venezuela",2009,47.3055
"Venezuela",2010,43.006481
"Venezuela",2011,47.074631
"Venezuela",2012,53.985062
"Venezuela",2013,45.302231
"Venezuela",2014,40.647541
"Venezuela",2015,33.35062
"Venezuela",2016,29.99095
"Venezuela",2017,31.979071
"Venezuela",2018,30.125401
"Venezuela",2019,27.66297
